lat,lon,timezone,state,finalCategory,displayValue,hourlyCategories,weather
24.75,-81.5,America/New_York,FL,0,0,0|0|0|0,chance · rain showers · moderate · none / chance · rain showers · moderate · none / chance · rain showers · moderate · none / chance · rain showers · moderate · none
24.75,-81,America/New_York,FL,0,0,0|0|0|0,chance · rain showers · moderate · none / chance · rain showers · moderate · none / chance · rain showers · moderate · none / chance · rain showers · moderate · none
25.25,-81,America/New_York,FL,0,0,0|0|0|0,slight chance · thunderstorms · none · none / slight chance · thunderstorms · none · none / chance · thunderstorms · none · none / chance · thunderstorms · none · none
25.25,-80.75,America/New_York,FL,0,0,0|0|0|0,chance · thunderstorms · none · none / chance · thunderstorms · none · none
25.25,-80.5,America/New_York,FL,0,0,0|0|0|0,slight chance · thunderstorms · none · none / slight chance · thunderstorms · none · none / slight chance · thunderstorms · none · none
25.5,-81,America/New_York,FL,0,0,0|0|0|0,likely · thunderstorms · none · none / likely · thunderstorms · none · none
25.5,-80.75,America/New_York,FL,0,0,0|0|0|0,chance · thunderstorms · none · none / chance · thunderstorms · none · none
25.5,-80.5,America/New_York,FL,0,0,0|0|0|0,chance · thunderstorms · none · none / chance · thunderstorms · none · none
25.75,-81.25,America/New_York,FL,0,0,0|0|0|0,chance · thunderstorms · none · none / chance · thunderstorms · none · none
25.75,-81,America/New_York,FL,0,0,0|0|0|0,chance · thunderstorms · none · none / likely · thunderstorms · none · none
25.75,-80.75,America/New_York,FL,0,0,0|0|0|0,chance · thunderstorms · none · none / likely · thunderstorms · none · none
25.75,-80.5,America/New_York,FL,0,0,0|0|0|0,chance · thunderstorms · none · none / chance · thunderstorms · none · none
25.75,-80.25,America/New_York,FL,0,0,0|0|0|0,slight chance · thunderstorms · none · none / slight chance · thunderstorms · none · none
26,-81.75,America/New_York,FL,0,0,0|0|0|0,
26,-81.5,America/New_York,FL,0,0,0|0|0|0,
26,-81.25,America/New_York,FL,0,0,0|0|0|0,slight chance · thunderstorms · none · none / slight chance · thunderstorms · none · none
26,-81,America/New_York,FL,0,0,0|0|0|0,slight chance · thunderstorms · none · none / chance · thunderstorms · none · none
26,-80.75,America/New_York,FL,0,0,0|0|0|0,chance · thunderstorms · none · none / likely · thunderstorms · none · none
26,-80.5,America/New_York,FL,0,0,0|0|0|0,chance · thunderstorms · none · none / chance · thunderstorms · none · none
26,-80.25,America/New_York,FL,0,0,0|0|0|0,slight chance · thunderstorms · none · none / slight chance · thunderstorms · none · none
26.25,-81.75,America/New_York,FL,0,0,0|0|0|0,
26.25,-81.5,America/New_York,FL,0,0,0|0|0|0,
26.25,-81.25,America/New_York,FL,0,0,0|0|0|0,
26.25,-81,America/New_York,FL,0,0,0|0|0|0,slight chance · thunderstorms · none · none
26.25,-80.75,America/New_York,FL,0,0,0|0|0|0,slight chance · thunderstorms · none · none / chance · thunderstorms · none · none
26.25,-80.5,America/New_York,FL,0,0,0|0|0|0,chance · thunderstorms · none · none / chance · thunderstorms · none · none
26.25,-80.25,America/New_York,FL,0,0,0|0|0|0,chance · thunderstorms · none · none / slight chance · thunderstorms · none · none
26.5,-82,America/New_York,FL,0,0,0|0|0|0,
26.5,-81.75,America/New_York,FL,0,0,0|0|0|0,
26.5,-81.5,America/New_York,FL,0,0,0|0|0|0,
26.5,-81.25,America/New_York,FL,0,0,0|0|0|0,
26.5,-81,America/New_York,FL,0,0,0|0|0|0,
26.5,-80.75,America/New_York,FL,0,0,0|0|0|0,slight chance · thunderstorms · none · none
26.5,-80.5,America/New_York,FL,0,0,0|0|0|0,chance · thunderstorms · none · none / chance · thunderstorms · none · none
26.5,-80.25,America/New_York,FL,0,0,0|0|0|0,chance · thunderstorms · none · none / slight chance · thunderstorms · none · none
26.75,-82,America/New_York,FL,0,0,0|0|0|0,
26.75,-81.75,America/New_York,FL,0,0,0|0|0|0,
26.75,-81.5,America/New_York,FL,0,0,0|0|0|0,
26.75,-81.25,America/New_York,FL,0,0,0|0|0|0,
26.75,-81,America/New_York,FL,0,0,0|0|0|0,
26.75,-80.75,America/New_York,FL,0,0,0|0|0|0,
26.75,-80.5,America/New_York,FL,0,0,0|0|0|0,slight chance · thunderstorms · none · none / slight chance · thunderstorms · none · none
26.75,-80.25,America/New_York,FL,0,0,0|0|0|0,chance · thunderstorms · none · none / slight chance · thunderstorms · none · none
27,-82.25,America/New_York,FL,0,0,0|0|0|0,
27,-82,America/New_York,FL,0,0,0|0|0|0,isolated · thunderstorms · none · none
27,-81.75,America/New_York,FL,0,0,0|0|0|0,
27,-81.5,America/New_York,FL,0,0,0|0|0|0,
27,-81.25,America/New_York,FL,0,0,0|0|0|0,
27,-81,America/New_York,FL,0,0,0|0|0|0,
27,-80.75,America/New_York,FL,0,0,0|0|0|0,
27,-80.5,America/New_York,FL,0,0,0|0|0|0,slight chance · thunderstorms · none · none / slight chance · thunderstorms · none · none
27,-80.25,America/New_York,FL,0,0,0|0|0|0,slight chance · thunderstorms · none · none / slight chance · thunderstorms · none · none
27.25,-82.5,America/New_York,FL,0,0,0|0|0|0,
27.25,-82.25,America/New_York,FL,0,0,0|0|0|0,isolated · thunderstorms · none · none
27.25,-82,America/New_York,FL,0,0,0|0|0|0,isolated · thunderstorms · none · none
27.25,-81.75,America/New_York,FL,0,0,0|0|0|0,isolated · thunderstorms · none · none
27.25,-81.5,America/New_York,FL,0,0,0|0|0|0,
27.25,-81.25,America/New_York,FL,0,0,0|0|0|0,
27.25,-81,America/New_York,FL,0,0,0|0|0|0,
27.25,-80.75,America/New_York,FL,0,0,0|0|0|0,slight chance · thunderstorms · none · none / slight chance · thunderstorms · none · none
27.25,-80.5,America/New_York,FL,0,0,0|0|0|0,slight chance · thunderstorms · none · none / chance · thunderstorms · none · none
27.25,-80.25,America/New_York,FL,0,0,0|0|0|0,slight chance · thunderstorms · none · none / slight chance · thunderstorms · none · none
27.5,-82.5,America/New_York,FL,0,0,0|0|0|0,isolated · thunderstorms · none · none
27.5,-82.25,America/New_York,FL,0,0,0|0|0|0,isolated · thunderstorms · none · none
27.5,-82,America/New_York,FL,0,0,0|0|0|0,isolated · thunderstorms · none · none
27.5,-81.75,America/New_York,FL,0,0,0|0|0|0,
27.5,-81.5,America/New_York,FL,0,0,0|0|0|0,
27.5,-81.25,America/New_York,FL,0,0,0|0|0|0,
27.5,-81,America/New_York,FL,0,0,0|0|0|0,
27.5,-80.75,America/New_York,FL,0,0,0|0|0|0,slight chance · thunderstorms · none · none / chance · thunderstorms · none · none
27.5,-80.5,America/New_York,FL,0,0,0|0|0|0,chance · thunderstorms · none · none / chance · thunderstorms · none · none
27.75,-82.75,America/New_York,FL,0,0,0|0|0|0,
27.75,-82.25,America/New_York,FL,0,0,0|0|0|0,isolated · thunderstorms · none · none
27.75,-82,America/New_York,FL,0,0,0|0|0|0,isolated · thunderstorms · none · none
27.75,-81.75,America/New_York,FL,0,0,0|0|0|0,
27.75,-81.5,America/New_York,FL,0,0,0|0|0|0,
27.75,-81.25,America/New_York,FL,0,0,0|0|0|0,
27.75,-81,America/New_York,FL,0,0,0|0|0|0,slight chance · thunderstorms · none · none
27.75,-80.75,America/New_York,FL,0,0,0|0|0|0,chance · thunderstorms · none · none / chance · thunderstorms · none · none
27.75,-80.5,America/New_York,FL,0,0,0|0|0|0,chance · thunderstorms · none · none / slight chance · thunderstorms · none · none
28,-82.75,America/New_York,FL,0,0,0|0|0|0,isolated · thunderstorms · none · none / isolated · thunderstorms · none · none
28,-82.5,America/New_York,FL,0,0,0|0|0|0,isolated · thunderstorms · none · none / scattered · thunderstorms · none · none
28,-82.25,America/New_York,FL,0,0,0|0|0|0,scattered · thunderstorms · none · none
28,-82,America/New_York,FL,0,0,0|0|0|0,scattered · thunderstorms · none · none
28,-81.75,America/New_York,FL,0,0,0|0|0|0,isolated · thunderstorms · none · none
28,-81.5,America/New_York,FL,0,0,0|0|0|0,isolated · thunderstorms · none · none
28,-81.25,America/New_York,FL,0,0,0|0|0|0,slight chance · thunderstorms · none · none
28,-81,America/New_York,FL,0,0,0|0|0|0,chance · thunderstorms · none · none / chance · thunderstorms · none · none
28,-80.75,America/New_York,FL,0,0,0|0|0|0,chance · thunderstorms · none · none / chance · thunderstorms · none · none
28.25,-82.75,America/New_York,FL,0,0,0|0|0|0,scattered · thunderstorms · none · none / scattered · thunderstorms · none · none
28.25,-82.5,America/New_York,FL,0,0,0|0|0|0,scattered · thunderstorms · none · none / scattered · thunderstorms · none · none
28.25,-82.25,America/New_York,FL,0,0,0|0|0|0,scattered · thunderstorms · none · none / scattered · thunderstorms · none · none
28.25,-82,America/New_York,FL,0,0,0|0|0|0,isolated · thunderstorms · none · none / scattered · thunderstorms · none · none
28.25,-81.75,America/New_York,FL,0,0,0|0|0|0,isolated · thunderstorms · none · none / scattered · thunderstorms · none · none
28.25,-81.5,America/New_York,FL,0,0,0|0|0|0,chance · thunderstorms · none · none
28.25,-81.25,America/New_York,FL,0,0,0|0|0|0,slight chance · thunderstorms · none · none / chance · thunderstorms · none · none
28.25,-81,America/New_York,FL,0,0,0|0|0|0,chance · thunderstorms · none · none / chance · thunderstorms · none · none
28.25,-80.75,America/New_York,FL,0,0,0|0|0|0,chance · thunderstorms · none · none / chance · thunderstorms · none · none
28.5,-82.5,America/New_York,FL,0,0,0|0|0|0,scattered · thunderstorms · none · none / scattered · thunderstorms · none · none
28.5,-82.25,America/New_York,FL,0,0,0|0|0|0,scattered · thunderstorms · none · none / scattered · thunderstorms · none · none
28.5,-82,America/New_York,FL,0,0,0|0|0|0,scattered · thunderstorms · none · none / scattered · thunderstorms · none · none
28.5,-81.75,America/New_York,FL,0,0,0|0|0|0,chance · thunderstorms · none · none / chance · thunderstorms · none · none
28.5,-81.5,America/New_York,FL,0,0,0|0|0|0,chance · thunderstorms · none · none / chance · thunderstorms · none · none
28.5,-81.25,America/New_York,FL,0,0,0|0|0|0,slight chance · thunderstorms · none · none / chance · thunderstorms · none · none
28.5,-81,America/New_York,FL,0,0,0|0|0|0,chance · thunderstorms · none · none / chance · thunderstorms · none · none
28.5,-80.75,America/New_York,FL,0,0,0|0|0|0,chance · thunderstorms · none · none / chance · thunderstorms · none · none
28.75,-82.5,America/New_York,FL,0,0,0|0|0|0,isolated · thunderstorms · none · none / isolated · thunderstorms · none · none / scattered · thunderstorms · none · none / scattered · thunderstorms · none · none
28.75,-82.25,America/New_York,FL,0,0,0|0|0|0,scattered · thunderstorms · none · none / scattered · thunderstorms · none · none
28.75,-82,America/New_York,FL,0,0,0|0|0|0,scattered · thunderstorms · none · none / scattered · thunderstorms · none · none
28.75,-81.75,America/New_York,FL,0,0,0|0|0|0,chance · thunderstorms · none · none / chance · thunderstorms · none · none
28.75,-81.5,America/New_York,FL,0,0,0|0|0|0,chance · thunderstorms · none · none / chance · thunderstorms · none · none
28.75,-81.25,America/New_York,FL,0,0,0|0|0|0,slight chance · thunderstorms · none · none / chance · thunderstorms · none · none
28.75,-81,America/New_York,FL,0,0,0|0|0|0,chance · thunderstorms · none · none / chance · thunderstorms · none · none
28.75,-80.75,America/New_York,FL,0,0,0|0|0|0,chance · thunderstorms · none · none / chance · thunderstorms · none · none
29,-82.75,America/New_York,FL,0,0,0|0|0|0,scattered · thunderstorms · none · none / scattered · thunderstorms · none · none / scattered · thunderstorms · none · none / scattered · thunderstorms · none · none
29,-82.5,America/New_York,FL,0,0,0|0|0|0,scattered · thunderstorms · none · none / scattered · thunderstorms · none · none / scattered · thunderstorms · none · none / scattered · thunderstorms · none · none
29,-82.25,America/New_York,FL,0,0,0|0|0|0,slight chance · thunderstorms · none · none / slight chance · thunderstorms · none · none / chance · thunderstorms · none · none / likely · thunderstorms · none · none
29,-82,America/New_York,FL,0,0,0|0|0|0,chance · thunderstorms · none · none / chance · thunderstorms · none · none
29,-81.75,America/New_York,FL,0,0,0|0|0|0,chance · thunderstorms · none · none / chance · thunderstorms · none · none
29,-81.5,America/New_York,FL,0,0,0|0|0|0,chance · thunderstorms · none · none / chance · thunderstorms · none · none
29,-81.25,America/New_York,FL,0,0,0|0|0|0,chance · thunderstorms · none · none / chance · thunderstorms · none · none
29,-81,America/New_York,FL,0,0,0|0|0|0,chance · thunderstorms · none · none / slight chance · thunderstorms · none · none
29.25,-91.25,America/Chicago,LA,0,0,0|0|0|0,likely · thunderstorms · none · none / definitely · rain showers · heavy · none / likely · thunderstorms · none · none / likely · thunderstorms · none · none
29.25,-91,America/Chicago,LA,0,0,0|0|0|0,likely · thunderstorms · none · none / definitely · rain showers · moderate · none / definitely · rain showers · moderate · none / likely · thunderstorms · none · none
29.25,-90.75,America/Chicago,LA,0,0,0|0|0|0,likely · thunderstorms · none · none / definitely · rain showers · moderate · none / definitely · rain showers · moderate · none / chance · thunderstorms · none · none
29.25,-90.25,America/Chicago,LA,0,0,0|0|0|0,chance · thunderstorms · none · none / chance · thunderstorms · none · none / likely · thunderstorms · none · none / likely · thunderstorms · none · none
29.25,-90,America/Chicago,LA,0,0,0|0|0|0,chance · thunderstorms · none · none / chance · thunderstorms · none · none / likely · thunderstorms · none · none / likely · thunderstorms · none · none
29.25,-89.5,America/Chicago,LA,0,0,0|0|0|0,chance · thunderstorms · none · none / likely · thunderstorms · none · none / likely · thunderstorms · none · none / chance · thunderstorms · none · none
29.25,-89.25,America/Chicago,LA,0,0,0|0|0|0,chance · thunderstorms · none · none / likely · thunderstorms · none · none / chance · thunderstorms · none · none / chance · thunderstorms · none · none
29.25,-83,America/New_York,FL,0,0,0|0|0|0,scattered · thunderstorms · none · none / scattered · thunderstorms · none · none / scattered · thunderstorms · none · none / scattered · thunderstorms · none · none
29.25,-82.75,America/New_York,FL,0,0,0|0|0|0,scattered · thunderstorms · none · none / scattered · thunderstorms · none · none / numerous · rain showers · moderate · none / scattered · thunderstorms · none · none
29.25,-82.5,America/New_York,FL,0,0,0|0|0|0,scattered · thunderstorms · none · none / scattered · thunderstorms · none · none / numerous · rain showers · moderate · none / numerous · rain showers · moderate · none
29.25,-82.25,America/New_York,FL,0,0,0|0|0|0,chance · thunderstorms · none · none / chance · thunderstorms · none · none / chance · thunderstorms · none · none / likely · thunderstorms · none · none
29.25,-82,America/New_York,FL,0,0,0|0|0|0,slight chance · thunderstorms · none · none / chance · thunderstorms · none · none / likely · thunderstorms · none · none
29.25,-81.75,America/New_York,FL,0,0,0|0|0|0,chance · thunderstorms · none · none / chance · thunderstorms · none · none
29.25,-81.5,America/New_York,FL,0,0,0|0|0|0,chance · thunderstorms · none · none / chance · thunderstorms · none · none
29.25,-81.25,America/New_York,FL,0,0,0|0|0|0,chance · thunderstorms · none · none / chance · thunderstorms · none · none
29.5,-91.25,America/Chicago,LA,0,0,0|0|0|0,likely · thunderstorms · none · none / definitely · rain showers · moderate · none / likely · thunderstorms · none · none / likely · thunderstorms · none · none
29.5,-91,America/Chicago,LA,0,0,0|0|0|0,likely · thunderstorms · none · none / definitely · thunderstorms · none · none / likely · thunderstorms · none · none / likely · thunderstorms · none · none
29.5,-90.75,America/Chicago,LA,0,0,0|0|0|0,chance · thunderstorms · none · none / definitely · thunderstorms · none · none / likely · thunderstorms · none · none / chance · thunderstorms · none · none
29.5,-90.5,America/Chicago,LA,0,0,0|0|0|0,chance · thunderstorms · none · none / likely · thunderstorms · none · none / likely · thunderstorms · none · none / chance · thunderstorms · none · none
29.5,-90.25,America/Chicago,LA,0,0,0|0|0|0,slight chance · thunderstorms · none · none / likely · thunderstorms · none · none / likely · thunderstorms · none · none / chance · thunderstorms · none · none
29.5,-90,America/Chicago,LA,0,0,0|0|0|0,chance · thunderstorms · none · none / likely · thunderstorms · none · none / likely · thunderstorms · none · none / chance · thunderstorms · none · none
29.5,-89.75,America/Chicago,LA,0,0,0|0|0|0,chance · thunderstorms · none · none / likely · thunderstorms · none · none / likely · thunderstorms · none · none / chance · thunderstorms · none · none
29.5,-83.25,America/New_York,FL,0,0,0|0|0|0,likely · thunderstorms · none · none / likely · thunderstorms · none · none / chance · thunderstorms · none · none / chance · thunderstorms · none · none
29.5,-83,America/New_York,FL,0,0,0|0|0|0,likely · thunderstorms · none · none / likely · thunderstorms · none · none / likely · thunderstorms · none · none / likely · thunderstorms · none · none
29.5,-82.75,America/New_York,FL,0,0,0|0|0|0,scattered · thunderstorms · none · none / scattered · thunderstorms · none · none / numerous · rain showers · moderate · none / numerous · rain showers · moderate · none
29.5,-82.5,America/New_York,FL,0,0,0|0|0|0,chance · thunderstorms · none · none / chance · thunderstorms · none · none / chance · thunderstorms · none · none / likely · thunderstorms · none · none
29.5,-82.25,America/New_York,FL,0,0,0|0|0|0,slight chance · thunderstorms · none · none / chance · thunderstorms · none · none / chance · thunderstorms · none · none / chance · thunderstorms · none · none
29.5,-82,America/New_York,FL,0,0,0|0|0|0,slight chance · thunderstorms · none · none / chance · thunderstorms · none · none / chance · thunderstorms · none · none
29.5,-81.75,America/New_York,FL,0,0,0|0|0|0,chance · thunderstorms · none · none / likely · thunderstorms · none · none
29.5,-81.5,America/New_York,FL,0,0,0|0|0|0,chance · thunderstorms · none · none / chance · thunderstorms · none · none
29.5,-81.25,America/New_York,FL,0,0,0|0|0|0,chance · thunderstorms · none · none / chance · thunderstorms · none · none
29.75,-91.5,America/Chicago,LA,0,0,0|0|0|0,chance · thunderstorms · none · none / likely · thunderstorms · none · none / chance · thunderstorms · none · none / chance · thunderstorms · none · none
29.75,-91.25,America/Chicago,LA,0,0,0|0|0|0,chance · thunderstorms · none · none / likely · thunderstorms · none · none / chance · thunderstorms · none · none / chance · thunderstorms · none · none
29.75,-91,America/Chicago,LA,0,0,0|0|0|0,chance · thunderstorms · none · none / likely · thunderstorms · none · none / chance · thunderstorms · none · none / likely · thunderstorms · none · none
29.75,-90.75,America/Chicago,LA,0,0,0|0|0|0,chance · thunderstorms · none · none / likely · thunderstorms · none · none / chance · thunderstorms · none · none / chance · thunderstorms · none · none
29.75,-90.5,America/Chicago,LA,0,0,0|0|0|0,chance · thunderstorms · none · none / likely · thunderstorms · none · none / likely · thunderstorms · none · none / slight chance · thunderstorms · none · none
29.75,-90.25,America/Chicago,LA,0,0,0|0|0|0,slight chance · thunderstorms · none · none / likely · thunderstorms · none · none / likely · thunderstorms · none · none / slight chance · thunderstorms · none · none
29.75,-90,America/Chicago,LA,0,0,0|0|0|0,chance · thunderstorms · none · none / likely · thunderstorms · none · none / chance · thunderstorms · none · none / slight chance · thunderstorms · none · none
29.75,-89.75,America/Chicago,LA,0,0,0|0|0|0,chance · thunderstorms · none · none / likely · thunderstorms · none · none / chance · thunderstorms · none · none / chance · thunderstorms · none · none
29.75,-89.5,America/Chicago,LA,0,0,0|0|0|0,chance · thunderstorms · none · none / chance · thunderstorms · none · none / chance · thunderstorms · none · none / likely · thunderstorms · none · none
29.75,-85.25,America/New_York,FL,0,0,0|0|0|0,likely · thunderstorms · none · none / likely · thunderstorms · none · none / likely · thunderstorms · none · none / likely · thunderstorms · none · none
29.75,-85,America/New_York,FL,0,0,0|0|0|0,likely · thunderstorms · none · none / likely · thunderstorms · none · none / likely · thunderstorms · none · none / likely · thunderstorms · none · none
29.75,-83.5,America/New_York,FL,0,0,0|0|0|0,likely · thunderstorms · none · none / likely · thunderstorms · none · none / chance · thunderstorms · none · none / chance · thunderstorms · none · none
29.75,-83.25,America/New_York,FL,0,0,0|0|0|0,likely · thunderstorms · none · none / likely · thunderstorms · none · none / likely · thunderstorms · none · none / likely · thunderstorms · none · none
29.75,-83,America/New_York,FL,0,0,0|0|0|0,likely · thunderstorms · none · none / likely · thunderstorms · none · none / definitely · thunderstorms · none · none / definitely · thunderstorms · none · none
29.75,-82.75,America/New_York,FL,0,0,0|0|0|0,chance · thunderstorms · none · none / chance · thunderstorms · none · none / likely · thunderstorms · none · none / likely · thunderstorms · none · none
29.75,-82.5,America/New_York,FL,0,0,0|0|0|0,slight chance · thunderstorms · none · none / chance · thunderstorms · none · none / likely · thunderstorms · none · none / likely · thunderstorms · none · none
29.75,-82.25,America/New_York,FL,0,0,0|0|0|0,slight chance · thunderstorms · none · none / chance · thunderstorms · none · none / chance · thunderstorms · none · none
29.75,-82,America/New_York,FL,0,0,0|0|0|0,slight chance · thunderstorms · none · none / likely · thunderstorms · none · none / chance · thunderstorms · none · none
29.75,-81.75,America/New_York,FL,0,0,0|0|0|0,slight chance · thunderstorms · none · none / chance · thunderstorms · none · none / chance · thunderstorms · none · none
29.75,-81.5,America/New_York,FL,0,0,0|0|0|0,likely · thunderstorms · none · none / chance · thunderstorms · none · none
29.75,-81.25,America/New_York,FL,0,0,0|0|0|0,chance · thunderstorms · none · none / chance · thunderstorms · none · none
30,-91.5,America/Chicago,LA,0,0,0|0|0|0,chance · thunderstorms · none · none / likely · thunderstorms · none · none / chance · thunderstorms · none · none / chance · thunderstorms · none · none
30,-91.25,America/Chicago,LA,0,0,0|0|0|0,chance · thunderstorms · none · none / likely · thunderstorms · none · none / chance · thunderstorms · none · none / chance · thunderstorms · none · none
30,-91,America/Chicago,LA,0,0,0|0|0|0,chance · thunderstorms · none · none / likely · thunderstorms · none · none / chance · thunderstorms · none · none / likely · thunderstorms · none · none
30,-90.75,America/Chicago,LA,0,0,0|0|0|0,chance · thunderstorms · none · none / chance · thunderstorms · none · none / chance · thunderstorms · none · none / likely · thunderstorms · none · none
30,-90.5,America/Chicago,LA,0,0,0|0|0|0,chance · thunderstorms · none · none / chance · thunderstorms · none · none / chance · thunderstorms · none · none / chance · thunderstorms · none · none
30,-90.25,America/Chicago,LA,0,0,0|0|0|0,chance · thunderstorms · none · none / likely · thunderstorms · none · none / chance · thunderstorms · none · none / chance · thunderstorms · none · none
30,-90,America/Chicago,LA,0,0,0|0|0|0,chance · thunderstorms · none · none / likely · thunderstorms · none · none / chance · thunderstorms · none · none / chance · thunderstorms · none · none
30,-89.5,America/Chicago,LA,0,0,0|0|0|0,slight chance · thunderstorms · none · none / chance · thunderstorms · none · none / likely · thunderstorms · none · none / chance · thunderstorms · none · none
30,-89.25,America/Chicago,LA,0,0,0|0|0|0,slight chance · thunderstorms · none · none / chance · thunderstorms · none · none / chance · thunderstorms · none · none / chance · thunderstorms · none · none
30,-85.5,America/Chicago,FL,0,0,0|0|0|0,likely · thunderstorms · none · none / likely · thunderstorms · none · none / likely · thunderstorms · none · none / likely · thunderstorms · none · none
30,-85.25,America/Chicago,FL,0,0,0|0|0|0,likely · thunderstorms · none · none / likely · thunderstorms · none · none / likely · thunderstorms · none · none / likely · thunderstorms · none · none
30,-85,America/New_York,FL,0,0,0|0|0|0,likely · thunderstorms · none · none / likely · thunderstorms · none · none / likely · thunderstorms · none · none / likely · thunderstorms · none · none
30,-84.75,America/New_York,FL,0,0,0|0|0|0,likely · thunderstorms · none · none / likely · thunderstorms · none · none / likely · thunderstorms · none · none / likely · thunderstorms · none · none
30,-84.5,America/New_York,FL,0,0,0|0|0|0,likely · thunderstorms · none · none / likely · thunderstorms · none · none / likely · thunderstorms · none · none / likely · thunderstorms · none · none
30,-83.75,America/New_York,FL,0,0,0|0|0|0,likely · thunderstorms · none · none / likely · thunderstorms · none · none / likely · thunderstorms · none · none / likely · thunderstorms · none · none
30,-83.5,America/New_York,FL,0,0,0|0|0|0,likely · thunderstorms · none · none / likely · thunderstorms · none · none / likely · thunderstorms · none · none / likely · thunderstorms · none · none
30,-83.25,America/New_York,FL,0,0,0|0|0|0,likely · thunderstorms · none · none / likely · thunderstorms · none · none / definitely · thunderstorms · none · none / definitely · thunderstorms · none · none
30,-83,America/New_York,FL,0,0,0|0|0|0,likely · thunderstorms · none · none / likely · thunderstorms · none · none / definitely · thunderstorms · none · none / definitely · thunderstorms · none · none
30,-82.75,America/New_York,FL,0,0,0|0|0|0,chance · thunderstorms · none · none / chance · thunderstorms · none · none / likely · thunderstorms · none · none / likely · thunderstorms · none · none
30,-82.5,America/New_York,FL,0,0,0|0|0|0,slight chance · thunderstorms · none · none / chance · thunderstorms · none · none / likely · thunderstorms · none · none / likely · thunderstorms · none · none
30,-82.25,America/New_York,FL,0,0,0|0|0|0,slight chance · thunderstorms · none · none / chance · thunderstorms · none · none / likely · thunderstorms · none · none
30,-82,America/New_York,FL,0,0,0|0|0|0,slight chance · thunderstorms · none · none / chance · thunderstorms · none · none / chance · thunderstorms · none · none
30,-81.75,America/New_York,FL,0,0,0|0|0|0,slight chance · thunderstorms · none · none / chance · thunderstorms · none · none / chance · thunderstorms · none · none
30,-81.5,America/New_York,FL,0,0,0|0|0|0,slight chance · thunderstorms · none · none / chance · thunderstorms · none · none / chance · thunderstorms · none · none
30.25,-91.5,America/Chicago,LA,0,0,0|0|0|0,chance · thunderstorms · none · none / chance · thunderstorms · none · none / chance · thunderstorms · none · none / chance · thunderstorms · none · none
30.25,-91.25,America/Chicago,LA,0,0,0|0|0|0,chance · thunderstorms · none · none / likely · thunderstorms · none · none / likely · thunderstorms · none · none / chance · thunderstorms · none · none
30.25,-91,America/Chicago,LA,0,0,0|0|0|0,chance · thunderstorms · none · none / likely · thunderstorms · none · none / likely · thunderstorms · none · none / chance · thunderstorms · none · none
30.25,-90.75,America/Chicago,LA,0,0,0|0|0|0,chance · thunderstorms · none · none / chance · thunderstorms · none · none / likely · thunderstorms · none · none / likely · thunderstorms · none · none
30.25,-90.5,America/Chicago,LA,0,0,0|0|0|0,chance · thunderstorms · none · none / chance · thunderstorms · none · none / chance · thunderstorms · none · none / chance · thunderstorms · none · none
30.25,-90.25,America/Chicago,LA,0,0,0|0|0|0,chance · thunderstorms · none · none / chance · thunderstorms · none · none / chance · thunderstorms · none · none / chance · thunderstorms · none · none
30.25,-90,America/Chicago,LA,0,0,0|0|0|0,chance · thunderstorms · none · none / chance · thunderstorms · none · none / chance · thunderstorms · none · none / chance · thunderstorms · none · none
30.25,-89.75,America/Chicago,LA,0,0,0|0|0|0,chance · thunderstorms · none · none / likely · thunderstorms · none · none / likely · thunderstorms · none · none / chance · thunderstorms · none · none
30.25,-89.5,America/Chicago,MS,0,0,0|0|0|0,likely · thunderstorms · none · none / likely · thunderstorms · none · none / chance · thunderstorms · none · none
30.25,-88.75,America/Chicago,MS,0,0,0|0|0|0,slight chance · thunderstorms · none · none / chance · thunderstorms · none · none / chance · thunderstorms · none · none
30.25,-87.75,America/Chicago,AL,0,0,0|0|0|0,chance · thunderstorms · none · none / chance · thunderstorms · none · none / chance · thunderstorms · none · none / chance · thunderstorms · none · none
30.25,-85.75,America/Chicago,FL,0,0,0|0|0|0,likely · thunderstorms · none · none / likely · thunderstorms · none · none / likely · thunderstorms · none · none / likely · thunderstorms · none · none
30.25,-85.5,America/Chicago,FL,0,0,0|0|0|0,likely · thunderstorms · none · none / likely · thunderstorms · none · none / likely · thunderstorms · none · none / likely · thunderstorms · none · none
30.25,-85.25,America/Chicago,FL,0,0,0|0|0|0,likely · thunderstorms · none · none / likely · thunderstorms · none · none / likely · thunderstorms · none · none / likely · thunderstorms · none · none
30.25,-85,America/New_York,FL,0,0,0|0|0|0,likely · thunderstorms · none · none / likely · thunderstorms · none · none / likely · thunderstorms · none · none / likely · thunderstorms · none · none
30.25,-84.75,America/New_York,FL,0,0,0|0|0|0,likely · thunderstorms · none · none / likely · thunderstorms · none · none / likely · thunderstorms · none · none / likely · thunderstorms · none · none
30.25,-84.5,America/New_York,FL,0,0,0|0|0|0,likely · thunderstorms · none · none / likely · thunderstorms · none · none / likely · thunderstorms · none · none / likely · thunderstorms · none · none
30.25,-84.25,America/New_York,FL,0,0,0|0|0|0,likely · thunderstorms · none · none / likely · thunderstorms · none · none / likely · thunderstorms · none · none / likely · thunderstorms · none · none
30.25,-84,America/New_York,FL,0,0,0|0|0|0,likely · thunderstorms · none · none / likely · thunderstorms · none · none / likely · thunderstorms · none · none / likely · thunderstorms · none · none
30.25,-83.75,America/New_York,FL,0,0,0|0|0|0,likely · thunderstorms · none · none / likely · thunderstorms · none · none / likely · thunderstorms · none · none / likely · thunderstorms · none · none
30.25,-83.5,America/New_York,FL,0,0,0|0|0|0,likely · thunderstorms · none · none / likely · thunderstorms · none · none / likely · thunderstorms · none · none / likely · thunderstorms · none · none
30.25,-83.25,America/New_York,FL,0,0,0|0|0|0,chance · thunderstorms · none · none / chance · thunderstorms · none · none / likely · thunderstorms · none · none / definitely · thunderstorms · none · none
30.25,-83,America/New_York,FL,0,0,0|0|0|0,chance · thunderstorms · none · none / chance · thunderstorms · none · none / likely · thunderstorms · none · none / definitely · thunderstorms · none · none
30.25,-82.75,America/New_York,FL,0,0,0|0|0|0,chance · thunderstorms · none · none / chance · thunderstorms · none · none / chance · thunderstorms · none · none / likely · thunderstorms · none · none
30.25,-82.5,America/New_York,FL,0,0,0|0|0|0,slight chance · thunderstorms · none · none / slight chance · thunderstorms · none · none / chance · thunderstorms · none · none / likely · thunderstorms · none · none
30.25,-82.25,America/New_York,FL,0,0,0|0|0|0,slight chance · thunderstorms · none · none / slight chance · thunderstorms · none · none / chance · thunderstorms · none · none / likely · thunderstorms · none · none
30.25,-82,America/New_York,FL,0,0,0|0|0|0,slight chance · thunderstorms · none · none / likely · thunderstorms · none · none / likely · thunderstorms · none · none
30.25,-81.75,America/New_York,FL,0,0,0|0|0|0,slight chance · thunderstorms · none · none / likely · thunderstorms · none · none / likely · thunderstorms · none · none
30.25,-81.5,America/New_York,FL,0,0,0|0|0|0,slight chance · thunderstorms · none · none / chance · thunderstorms · none · none / chance · thunderstorms · none · none
30.5,-91.5,America/Chicago,LA,0,0,0|0|0|0,chance · thunderstorms · none · none / chance · thunderstorms · none · none / chance · thunderstorms · none · none / chance · thunderstorms · none · none
30.5,-91.25,America/Chicago,LA,0,0,0|0|0|0,chance · thunderstorms · none · none / chance · thunderstorms · none · none / likely · thunderstorms · none · none / chance · thunderstorms · none · none
30.5,-91,America/Chicago,LA,0,0,0|0|0|0,chance · thunderstorms · none · none / likely · thunderstorms · none · none / likely · thunderstorms · none · none / chance · thunderstorms · none · none
30.5,-90.75,America/Chicago,LA,0,0,0|0|0|0,chance · thunderstorms · none · none / likely · thunderstorms · none · none / chance · thunderstorms · none · none / chance · thunderstorms · none · none
30.5,-90.5,America/Chicago,LA,0,0,0|0|0|0,chance · thunderstorms · none · none / likely · thunderstorms · none · none / chance · thunderstorms · none · none / chance · thunderstorms · none · none
30.5,-90.25,America/Chicago,LA,0,0,0|0|0|0,chance · thunderstorms · none · none / chance · thunderstorms · none · none / slight chance · thunderstorms · none · none / chance · thunderstorms · none · none
30.5,-90,America/Chicago,LA,0,0,0|0|0|0,slight chance · thunderstorms · none · none / chance · thunderstorms · none · none / chance · thunderstorms · none · none / chance · thunderstorms · none · none
30.5,-89.75,America/Chicago,LA,0,0,0|0|0|0,chance · thunderstorms · none · none / likely · thunderstorms · none · none / chance · thunderstorms · none · none
30.5,-89.5,America/Chicago,MS,0,0,0|0|0|0,chance · thunderstorms · none · none / likely · thunderstorms · none · none / chance · thunderstorms · none · none
30.5,-89.25,America/Chicago,MS,0,0,0|0|0|0,slight chance · thunderstorms · none · none / likely · thunderstorms · none · none / chance · thunderstorms · none · none
30.5,-89,America/Chicago,MS,0,0,0|0|0|0,chance · thunderstorms · none · none / likely · thunderstorms · none · none / chance · thunderstorms · none · none
30.5,-88.75,America/Chicago,MS,0,0,0|0|0|0,chance · thunderstorms · none · none / likely · thunderstorms · none · none / chance · thunderstorms · none · none
30.5,-88.5,America/Chicago,MS,0,0,0|0|0|0,slight chance · thunderstorms · none · none / chance · thunderstorms · none · none / chance · thunderstorms · none · none / likely · thunderstorms · none · none
30.5,-88.25,America/Chicago,AL,0,0,0|0|0|0,slight chance · thunderstorms · none · none / chance · thunderstorms · none · none / chance · thunderstorms · none · none / chance · thunderstorms · none · none
30.5,-87.75,America/Chicago,AL,0,0,0|0|0|0,slight chance · thunderstorms · none · none / likely · thunderstorms · none · none / likely · thunderstorms · none · none / likely · thunderstorms · none · none
30.5,-87.5,America/Chicago,AL,0,0,0|0|0|0,slight chance · thunderstorms · none · none / likely · thunderstorms · none · none / likely · thunderstorms · none · none / likely · thunderstorms · none · none
30.5,-87.25,America/Chicago,FL,0,0,0|0|0|0,slight chance · thunderstorms · none · none / likely · thunderstorms · none · none / likely · thunderstorms · none · none / likely · thunderstorms · none · none
30.5,-87,America/Chicago,FL,0,0,0|0|0|0,slight chance · thunderstorms · none · none / likely · thunderstorms · none · none / likely · thunderstorms · none · none / likely · thunderstorms · none · none
30.5,-86.75,America/Chicago,FL,0,0,0|0|0|0,chance · thunderstorms · none · none / likely · thunderstorms · none · none / likely · thunderstorms · none · none / likely · thunderstorms · none · none
30.5,-86.5,America/Chicago,FL,0,0,0|0|0|0,chance · thunderstorms · none · none / chance · thunderstorms · none · none / chance · thunderstorms · none · none / chance · thunderstorms · none · none
30.5,-86.25,America/Chicago,FL,0,0,0|0|0|0,chance · thunderstorms · none · none / likely · thunderstorms · none · none / likely · thunderstorms · none · none / likely · thunderstorms · none · none
30.5,-86,America/Chicago,FL,0,0,0|0|0|0,likely · thunderstorms · none · none / likely · thunderstorms · none · none / likely · thunderstorms · none · none / likely · thunderstorms · none · none
30.5,-85.75,America/Chicago,FL,0,0,0|0|0|0,likely · thunderstorms · none · none / likely · thunderstorms · none · none / likely · thunderstorms · none · none / likely · thunderstorms · none · none
30.5,-85.5,America/Chicago,FL,0,0,0|0|0|0,likely · thunderstorms · none · none / likely · thunderstorms · none · none / likely · thunderstorms · none · none / likely · thunderstorms · none · none
30.5,-85.25,America/Chicago,FL,0,0,0|0|0|0,chance · thunderstorms · none · none / likely · thunderstorms · none · none / likely · thunderstorms · none · none / likely · thunderstorms · none · none
30.5,-85,America/Chicago,FL,0,0,0|0|0|0,chance · thunderstorms · none · none / likely · thunderstorms · none · none / likely · thunderstorms · none · none / likely · thunderstorms · none · none
30.5,-84.75,America/New_York,FL,0,0,0|0|0|0,chance · thunderstorms · none · none / chance · thunderstorms · none · none / likely · thunderstorms · none · none / likely · thunderstorms · none · none
30.5,-84.5,America/New_York,FL,0,0,0|0|0|0,likely · thunderstorms · none · none / likely · thunderstorms · none · none / likely · thunderstorms · none · none / likely · thunderstorms · none · none
30.5,-84.25,America/New_York,FL,0,0,0|0|0|0,likely · thunderstorms · none · none / likely · thunderstorms · none · none / likely · thunderstorms · none · none / likely · thunderstorms · none · none
30.5,-84,America/New_York,FL,0,0,0|0|0|0,chance · thunderstorms · none · none / chance · thunderstorms · none · none / likely · thunderstorms · none · none / likely · thunderstorms · none · none
30.5,-83.75,America/New_York,FL,0,0,0|0|0|0,chance · thunderstorms · none · none / chance · thunderstorms · none · none / likely · thunderstorms · none · none / likely · thunderstorms · none · none
30.5,-83.5,America/New_York,FL,0,0,0|0|0|0,chance · thunderstorms · none · none / chance · thunderstorms · none · none / likely · thunderstorms · none · none / likely · thunderstorms · none · none
30.5,-83.25,America/New_York,FL,0,0,0|0|0|0,likely · thunderstorms · none · none / likely · thunderstorms · none · none / likely · thunderstorms · none · none / likely · thunderstorms · none · none
30.5,-83,America/New_York,FL,0,0,0|0|0|0,slight chance · thunderstorms · none · none / chance · thunderstorms · none · none / chance · thunderstorms · none · none / likely · thunderstorms · none · none
30.5,-82.75,America/New_York,FL,0,0,0|0|0|0,slight chance · thunderstorms · none · none / slight chance · thunderstorms · none · none / chance · thunderstorms · none · none / likely · thunderstorms · none · none
30.5,-82.5,America/New_York,FL,0,0,0|0|0|0,slight chance · thunderstorms · none · none / slight chance · thunderstorms · none · none / chance · thunderstorms · none · none / chance · thunderstorms · none · none
30.5,-82.25,America/New_York,FL,0,0,0|0|0|0,slight chance · thunderstorms · none · none / slight chance · thunderstorms · none · none / chance · thunderstorms · none · none / chance · thunderstorms · none · none
30.5,-82,America/New_York,FL,0,0,0|0|0|0,slight chance · thunderstorms · none · none / chance · thunderstorms · none · none / chance · thunderstorms · none · none
30.5,-81.75,America/New_York,FL,0,0,0|0|0|0,slight chance · thunderstorms · none · none / chance · thunderstorms · none · none / chance · thunderstorms · none · none
30.5,-81.5,America/New_York,FL,0,0,0|0|0|0,slight chance · thunderstorms · none · none / chance · thunderstorms · none · none / chance · thunderstorms · none · none
30.75,-91.5,America/Chicago,LA,0,0,0|0|0|0,chance · rain showers · moderate · none / chance · thunderstorms · none · none / chance · thunderstorms · none · none / chance · thunderstorms · none · none
30.75,-91.25,America/Chicago,LA,0,0,0|0|0|0,chance · rain showers · light · none / chance · thunderstorms · none · none / chance · thunderstorms · none · none / chance · thunderstorms · none · none
30.75,-91,America/Chicago,LA,0,0,0|0|0|0,chance · thunderstorms · none · none / likely · thunderstorms · none · none / likely · thunderstorms · none · none / chance · thunderstorms · none · none
30.75,-90.75,America/Chicago,LA,0,0,0|0|0|0,chance · thunderstorms · none · none / likely · thunderstorms · none · none / chance · thunderstorms · none · none / chance · thunderstorms · none · none
30.75,-90.5,America/Chicago,LA,0,0,0|0|0|0,chance · thunderstorms · none · none / likely · thunderstorms · none · none / chance · thunderstorms · none · none
30.75,-90.25,America/Chicago,LA,0,0,0|0|0|0,chance · thunderstorms · none · none / likely · thunderstorms · none · none / chance · thunderstorms · none · none / slight chance · thunderstorms · none · none
30.75,-90,America/Chicago,LA,0,0,0|0|0|0,chance · thunderstorms · none · none / chance · thunderstorms · none · none / slight chance · thunderstorms · none · none
30.75,-89.75,America/Chicago,MS,0,0,0|0|0|0,likely · thunderstorms · none · none
30.75,-89.5,America/Chicago,MS,0,0,0|0|0|0,likely · thunderstorms · none · none
30.75,-89.25,America/Chicago,MS,0,0,0|0|0|0,likely · thunderstorms · none · none / likely · thunderstorms · none · none / likely · thunderstorms · none · none
30.75,-89,America/Chicago,MS,0,0,0|0|0|0,likely · thunderstorms · none · none / likely · thunderstorms · none · none / likely · thunderstorms · none · none
30.75,-88.75,America/Chicago,MS,0,0,0|0|0|0,chance · thunderstorms · none · none / chance · thunderstorms · none · none / chance · thunderstorms · none · none
30.75,-88.5,America/Chicago,MS,0,0,0|0|0|0,slight chance · thunderstorms · none · none / chance · thunderstorms · none · none / chance · thunderstorms · none · none / chance · thunderstorms · none · none
30.75,-88.25,America/Chicago,AL,0,0,0|0|0|0,slight chance · thunderstorms · none · none / chance · thunderstorms · none · none / chance · thunderstorms · none · none / chance · thunderstorms · none · none
30.75,-88,America/Chicago,AL,0,0,0|0|0|0,slight chance · thunderstorms · none · none / chance · thunderstorms · none · none / chance · thunderstorms · none · none / chance · thunderstorms · none · none
30.75,-87.75,America/Chicago,AL,0,0,0|0|0|0,slight chance · thunderstorms · none · none / chance · thunderstorms · none · none / chance · thunderstorms · none · none / chance · thunderstorms · none · none
30.75,-87.5,America/Chicago,FL,0,0,0|0|0|0,slight chance · thunderstorms · none · none / likely · thunderstorms · none · none / likely · thunderstorms · none · none / likely · thunderstorms · none · none
30.75,-87.25,America/Chicago,FL,0,0,0|0|0|0,slight chance · thunderstorms · none · none / likely · rain showers · light · none / likely · rain showers · light · none / likely · rain showers · light · none
30.75,-87,America/Chicago,FL,0,0,0|0|0|0,slight chance · thunderstorms · none · none / likely · rain showers · moderate · none / likely · rain showers · moderate · none / likely · rain showers · moderate · none
30.75,-86.75,America/Chicago,FL,0,0,0|0|0|0,slight chance · thunderstorms · none · none / likely · thunderstorms · none · none / likely · thunderstorms · none · none / likely · thunderstorms · none · none
30.75,-86.5,America/Chicago,FL,0,0,0|0|0|0,chance · thunderstorms · none · none / chance · thunderstorms · none · none / chance · thunderstorms · none · none / chance · thunderstorms · none · none
30.75,-86.25,America/Chicago,FL,0,0,0|0|0|0,chance · thunderstorms · none · none / likely · thunderstorms · none · none / likely · thunderstorms · none · none / likely · thunderstorms · none · none
30.75,-86,America/Chicago,FL,0,0,0|0|0|0,likely · thunderstorms · none · none / likely · thunderstorms · none · none / likely · thunderstorms · none · none / likely · thunderstorms · none · none
30.75,-85.75,America/Chicago,FL,0,0,0|0|0|0,chance · thunderstorms · none · none / likely · thunderstorms · none · none / likely · thunderstorms · none · none / likely · thunderstorms · none · none
30.75,-85.5,America/Chicago,FL,0,0,0|0|0|0,chance · thunderstorms · none · none / likely · thunderstorms · none · none / likely · thunderstorms · none · none / likely · thunderstorms · none · none
30.75,-85.25,America/Chicago,FL,0,0,0|0|0|0,chance · thunderstorms · none · none / likely · thunderstorms · none · none / likely · thunderstorms · none · none / likely · thunderstorms · none · none
30.75,-85,America/Chicago,FL,0,0,0|0|0|0,chance · thunderstorms · none · none / likely · thunderstorms · none · none / likely · thunderstorms · none · none / likely · thunderstorms · none · none
30.75,-84.75,America/New_York,GA,0,0,0|0|0|0,chance · thunderstorms · none · none / chance · thunderstorms · none · none / likely · thunderstorms · none · none / likely · thunderstorms · none · none
30.75,-84.5,America/New_York,GA,0,0,0|0|0|0,chance · thunderstorms · none · none / chance · thunderstorms · none · none / likely · thunderstorms · none · none / likely · thunderstorms · none · none
30.75,-84.25,America/New_York,GA,0,0,0|0|0|0,chance · thunderstorms · none · none / chance · thunderstorms · none · none / likely · thunderstorms · none · none / likely · thunderstorms · none · none
30.75,-84,America/New_York,GA,0,0,0|0|0|0,chance · thunderstorms · none · none / chance · thunderstorms · none · none / likely · thunderstorms · none · none / likely · thunderstorms · none · none
30.75,-83.75,America/New_York,GA,0,0,0|0|0|0,chance · thunderstorms · none · none / chance · thunderstorms · none · none / likely · thunderstorms · none · none / likely · thunderstorms · none · none
30.75,-83.5,America/New_York,GA,0,0,0|0|0|0,chance · thunderstorms · none · none / chance · thunderstorms · none · none / likely · thunderstorms · none · none / likely · thunderstorms · none · none
30.75,-83.25,America/New_York,GA,0,0,0|0|0|0,chance · thunderstorms · none · none / chance · thunderstorms · none · none / likely · thunderstorms · none · none / likely · thunderstorms · none · none
30.75,-83,America/New_York,GA,0,0,0|0|0|0,slight chance · thunderstorms · none · none / chance · thunderstorms · none · none / chance · thunderstorms · none · none
30.75,-82.75,America/New_York,GA,0,0,0|0|0|0,slight chance · thunderstorms · none · none / chance · thunderstorms · none · none / chance · thunderstorms · none · none
30.75,-82.5,America/New_York,GA,0,0,0|0|0|0,slight chance · thunderstorms · none · none / slight chance · thunderstorms · none · none / slight chance · thunderstorms · none · none / chance · thunderstorms · none · none
30.75,-82.25,America/New_York,GA,0,0,0|0|0|0,slight chance · thunderstorms · none · none / slight chance · thunderstorms · none · none / chance · thunderstorms · none · none / chance · thunderstorms · none · none
30.75,-82,America/New_York,FL,0,0,0|0|0|0,slight chance · thunderstorms · none · none / slight chance · thunderstorms · none · none / chance · thunderstorms · none · none / chance · thunderstorms · none · none
30.75,-81.75,America/New_York,FL,0,0,0|0|0|0,slight chance · thunderstorms · none · none / chance · thunderstorms · none · none / chance · thunderstorms · none · none
30.75,-81.5,America/New_York,GA,0,0,0|0|0|0,slight chance · thunderstorms · none · none / slight chance · thunderstorms · none · none / chance · thunderstorms · none · none
31,-91.5,America/Chicago,MS,0,0,0|0|0|0,chance · rain showers · light · none / chance · thunderstorms · none · none / chance · thunderstorms · none · none
31,-91.25,America/Chicago,MS,0,0,0|0|0|0,chance · rain showers · light · none / chance · thunderstorms · none · none / chance · thunderstorms · none · none
31,-91,America/Chicago,MS,0,0,0|0|0|0,chance · rain showers · light · none / chance · thunderstorms · none · none / chance · thunderstorms · none · none / slight chance · thunderstorms · none · none
31,-90.75,America/Chicago,MS,0,0,0|0|0|0,chance · rain showers · light · none / chance · thunderstorms · none · none / chance · thunderstorms · none · none
31,-90.5,America/Chicago,MS,0,0,0|0|0|0,chance · rain showers · light · none / likely · thunderstorms · none · none / chance · thunderstorms · none · none
31,-90.25,America/Chicago,LA,0,0,0|0|0|0,chance · thunderstorms · none · none / chance · thunderstorms · none · none / chance · thunderstorms · none · none
31,-90,America/Chicago,LA,0,0,0|0|0|0,chance · thunderstorms · none · none / chance · thunderstorms · none · none
31,-89.75,America/Chicago,MS,0,0,0|0|0|0,likely · thunderstorms · none · none
31,-89.5,America/Chicago,MS,0,0,0|0|0|0,slight chance · thunderstorms · none · none / likely · thunderstorms · none · none
31,-89.25,America/Chicago,MS,0,0,0|0|0|0,slight chance · thunderstorms · none · none / chance · thunderstorms · none · none
31,-89,America/Chicago,MS,0,0,0|0|0|0,chance · thunderstorms · none · none / chance · thunderstorms · none · none / chance · thunderstorms · none · none
31,-88.75,America/Chicago,MS,0,0,0|0|0|0,chance · thunderstorms · none · none / chance · thunderstorms · none · none / chance · thunderstorms · none · none
31,-88.5,America/Chicago,MS,0,0,0|0|0|0,slight chance · thunderstorms · none · none / chance · thunderstorms · none · none / chance · thunderstorms · none · none / chance · thunderstorms · none · none
31,-88.25,America/Chicago,AL,0,0,0|0|0|0,slight chance · thunderstorms · none · none / chance · thunderstorms · none · none / chance · thunderstorms · none · none / chance · thunderstorms · none · none
31,-88,America/Chicago,AL,0,0,0|0|0|0,slight chance · thunderstorms · none · none / chance · thunderstorms · none · none / chance · thunderstorms · none · none / chance · thunderstorms · none · none
31,-87.75,America/Chicago,AL,0,0,0|0|0|0,slight chance · thunderstorms · none · none / chance · thunderstorms · none · none / chance · thunderstorms · none · none / chance · thunderstorms · none · none
31,-87.5,America/Chicago,AL,0,0,0|0|0|0,slight chance · thunderstorms · none · none / chance · thunderstorms · none · none / chance · thunderstorms · none · none / chance · thunderstorms · none · none
31,-87.25,America/Chicago,AL,0,0,0|0|0|0,slight chance · thunderstorms · none · none / chance · thunderstorms · none · none / chance · thunderstorms · none · none / chance · thunderstorms · none · none
31,-87,America/Chicago,AL,0,0,0|0|0|0,slight chance · thunderstorms · none · none / chance · thunderstorms · none · none / chance · thunderstorms · none · none / chance · thunderstorms · none · none
31,-86.75,America/Chicago,AL,0,0,0|0|0|0,slight chance · thunderstorms · none · none / chance · thunderstorms · none · none / chance · thunderstorms · none · none / chance · thunderstorms · none · none
31,-86.5,America/Chicago,AL,0,0,0|0|0|0,slight chance · thunderstorms · none · none / chance · thunderstorms · none · none / chance · thunderstorms · none · none / chance · thunderstorms · none · none
31,-86.25,America/Chicago,AL,0,0,0|0|0|0,slight chance · thunderstorms · none · none / chance · thunderstorms · none · none / chance · thunderstorms · none · none / chance · thunderstorms · none · none
31,-86,America/Chicago,AL,0,0,0|0|0|0,chance · thunderstorms · none · none / likely · thunderstorms · none · none / likely · thunderstorms · none · none / likely · thunderstorms · none · none
31,-85.75,America/Chicago,AL,0,0,0|0|0|0,chance · thunderstorms · none · none / likely · thunderstorms · none · none / likely · thunderstorms · none · none / likely · thunderstorms · none · none
31,-85.5,America/Chicago,AL,0,0,0|0|0|0,chance · rain showers · moderate · none / likely · thunderstorms · none · none / likely · thunderstorms · none · none / likely · thunderstorms · none · none
31,-85.25,America/Chicago,FL,0,0,0|0|0|0,chance · rain showers · moderate · none / likely · thunderstorms · none · none / likely · thunderstorms · none · none / likely · thunderstorms · none · none
31,-85,America/New_York,GA,0,0,0|0|0|0,chance · thunderstorms · none · none / chance · thunderstorms · none · none / likely · thunderstorms · none · none / likely · thunderstorms · none · none
31,-84.75,America/New_York,GA,0,0,0|0|0|0,chance · thunderstorms · none · none / chance · thunderstorms · none · none / likely · thunderstorms · none · none / likely · thunderstorms · none · none
31,-84.5,America/New_York,GA,0,0,0|0|0|0,chance · thunderstorms · none · none / chance · thunderstorms · none · none / chance · thunderstorms · none · none / chance · thunderstorms · none · none
31,-84.25,America/New_York,GA,0,0,0|0|0|0,chance · thunderstorms · none · none / chance · thunderstorms · none · none / likely · thunderstorms · none · none / likely · thunderstorms · none · none
31,-84,America/New_York,GA,0,0,0|0|0|0,chance · thunderstorms · none · none / chance · thunderstorms · none · none / likely · thunderstorms · none · none / likely · thunderstorms · none · none
31,-83.75,America/New_York,GA,0,0,0|0|0|0,chance · thunderstorms · none · none / chance · thunderstorms · none · none / likely · thunderstorms · none · none / likely · thunderstorms · none · none
31,-83.5,America/New_York,GA,0,0,0|0|0|0,chance · thunderstorms · none · none / chance · thunderstorms · none · none / likely · thunderstorms · none · none / likely · thunderstorms · none · none
31,-83.25,America/New_York,GA,0,0,0|0|0|0,chance · thunderstorms · none · none / chance · thunderstorms · none · none / likely · thunderstorms · none · none / likely · thunderstorms · none · none
31,-83,America/New_York,GA,0,0,0|0|0|0,chance · thunderstorms · none · none / chance · thunderstorms · none · none / chance · thunderstorms · none · none / chance · thunderstorms · none · none
31,-82.75,America/New_York,GA,0,0,0|0|0|0,chance · thunderstorms · none · none / chance · thunderstorms · none · none
31,-82.5,America/New_York,GA,0,0,0|0|0|0,slight chance · thunderstorms · none · none / slight chance · thunderstorms · none · none / chance · thunderstorms · none · none / chance · thunderstorms · none · none
31,-82.25,America/New_York,GA,0,0,0|0|0|0,slight chance · thunderstorms · none · none / slight chance · thunderstorms · none · none / chance · thunderstorms · none · none / chance · thunderstorms · none · none
31,-82,America/New_York,GA,0,0,0|0|0|0,slight chance · thunderstorms · none · none / slight chance · thunderstorms · none · none / slight chance · thunderstorms · none · none / chance · thunderstorms · none · none
31,-81.75,America/New_York,GA,0,0,0|0|0|0,slight chance · thunderstorms · none · none / slight chance · thunderstorms · none · none / slight chance · thunderstorms · none · none / chance · thunderstorms · none · none
31,-81.5,America/New_York,GA,0,0,0|0|0|0,slight chance · thunderstorms · none · none / slight chance · thunderstorms · none · none / chance · thunderstorms · none · none
31.25,-91.5,America/Chicago,MS,0,0,0|0|0|0,chance · rain showers · light · none / chance · thunderstorms · none · none
31.25,-91.25,America/Chicago,MS,0,0,0|0|0|0,chance · rain showers · light · none / chance · thunderstorms · none · none / slight chance · thunderstorms · none · none
31.25,-91,America/Chicago,MS,0,0,0|0|0|0,slight chance · thunderstorms · none · none / chance · thunderstorms · none · none / chance · thunderstorms · none · none
31.25,-90.75,America/Chicago,MS,0,0,0|0|0|0,slight chance · thunderstorms · none · none / chance · thunderstorms · none · none / chance · thunderstorms · none · none
31.25,-90.5,America/Chicago,MS,0,0,0|0|0|0,chance · rain showers · light · none / chance · thunderstorms · none · none / chance · thunderstorms · none · none
31.25,-90.25,America/Chicago,MS,0,0,0|0|0|0,chance · rain showers · light · none / chance · thunderstorms · none · none / chance · thunderstorms · none · none
31.25,-90,America/Chicago,MS,0,0,0|0|0|0,chance · rain showers · light · none / slight chance · thunderstorms · none · none / chance · thunderstorms · none · none
31.25,-89.75,America/Chicago,MS,0,0,0|0|0|0,slight chance · thunderstorms · none · none / slight chance · thunderstorms · none · none / chance · thunderstorms · none · none
31.25,-89.5,America/Chicago,MS,0,0,0|0|0|0,chance · thunderstorms · none · none / chance · thunderstorms · none · none
31.25,-89.25,America/Chicago,MS,0,0,0|0|0|0,chance · thunderstorms · none · none / chance · thunderstorms · none · none
31.25,-89,America/Chicago,MS,0,0,0|0|0|0,chance · thunderstorms · none · none / chance · thunderstorms · none · none / chance · thunderstorms · none · none
31.25,-88.75,America/Chicago,MS,0,0,0|0|0|0,chance · thunderstorms · none · none / chance · thunderstorms · none · none / chance · thunderstorms · none · none
31.25,-88.5,America/Chicago,MS,0,0,0|0|0|0,slight chance · thunderstorms · none · none / chance · thunderstorms · none · none / chance · thunderstorms · none · none / chance · thunderstorms · none · none
31.25,-88.25,America/Chicago,AL,0,0,0|0|0|0,slight chance · thunderstorms · none · none / chance · thunderstorms · none · none / chance · thunderstorms · none · none / chance · thunderstorms · none · none
31.25,-88,America/Chicago,AL,0,0,0|0|0|0,slight chance · thunderstorms · none · none / chance · thunderstorms · none · none / chance · thunderstorms · none · none / chance · thunderstorms · none · none
31.25,-87.75,America/Chicago,AL,0,0,0|0|0|0,slight chance · thunderstorms · none · none / chance · thunderstorms · none · none / chance · thunderstorms · none · none / chance · thunderstorms · none · none
31.25,-87.5,America/Chicago,AL,0,0,0|0|0|0,slight chance · thunderstorms · none · none / chance · thunderstorms · none · none / chance · thunderstorms · none · none / chance · thunderstorms · none · none
31.25,-87.25,America/Chicago,AL,0,0,0|0|0|0,slight chance · thunderstorms · none · none / chance · thunderstorms · none · none / chance · thunderstorms · none · none / chance · thunderstorms · none · none
31.25,-87,America/Chicago,AL,0,0,0|0|0|0,slight chance · thunderstorms · none · none / chance · thunderstorms · none · none / chance · thunderstorms · none · none / chance · thunderstorms · none · none
31.25,-86.75,America/Chicago,AL,0,0,0|0|0|0,chance · thunderstorms · none · none / chance · thunderstorms · none · none / chance · thunderstorms · none · none
31.25,-86.5,America/Chicago,AL,0,0,0|0|0|0,chance · thunderstorms · none · none / chance · thunderstorms · none · none / chance · thunderstorms · none · none
31.25,-86.25,America/Chicago,AL,0,0,0|0|0|0,slight chance · thunderstorms · none · none / chance · thunderstorms · none · none / chance · thunderstorms · none · none / chance · thunderstorms · none · none
31.25,-86,America/Chicago,AL,0,0,0|0|0|0,chance · rain showers · moderate · none / likely · thunderstorms · none · none / likely · thunderstorms · none · none / likely · thunderstorms · none · none
31.25,-85.75,America/Chicago,AL,0,0,0|0|0|0,chance · rain showers · moderate · none / likely · thunderstorms · none · none / likely · thunderstorms · none · none / likely · thunderstorms · none · none
31.25,-85.5,America/Chicago,AL,0,0,0|0|0|0,chance · rain showers · moderate · none / likely · thunderstorms · none · none / likely · thunderstorms · none · none / likely · thunderstorms · none · none
31.25,-85.25,America/Chicago,AL,0,0,0|0|0|0,chance · rain showers · moderate · none / likely · thunderstorms · none · none / likely · thunderstorms · none · none / likely · thunderstorms · none · none
31.25,-85,America/New_York,GA,0,0,0|0|0|0,chance · rain showers · moderate · none / chance · rain showers · moderate · none / likely · thunderstorms · none · none / likely · thunderstorms · none · none
31.25,-84.75,America/New_York,GA,0,0,0|0|0|0,chance · rain showers · moderate · none / chance · rain showers · moderate · none / likely · thunderstorms · none · none / likely · thunderstorms · none · none
31.25,-84.5,America/New_York,GA,0,0,0|0|0|0,chance · rain showers · moderate · none / chance · rain showers · moderate · none / chance · thunderstorms · none · none / chance · thunderstorms · none · none
31.25,-84.25,America/New_York,GA,0,0,0|0|0|0,chance · thunderstorms · none · none / chance · thunderstorms · none · none / chance · thunderstorms · none · none / chance · thunderstorms · none · none
31.25,-84,America/New_York,GA,0,0,0|0|0|0,chance · thunderstorms · none · none / chance · thunderstorms · none · none / likely · thunderstorms · none · none / likely · thunderstorms · none · none
31.25,-83.75,America/New_York,GA,0,0,0|0|0|0,chance · thunderstorms · none · none / chance · thunderstorms · none · none / likely · thunderstorms · none · none / likely · thunderstorms · none · none
31.25,-83.5,America/New_York,GA,0,0,0|0|0|0,chance · thunderstorms · none · none / chance · thunderstorms · none · none / likely · thunderstorms · none · none / likely · thunderstorms · none · none
31.25,-83.25,America/New_York,GA,0,0,0|0|0|0,chance · thunderstorms · none · none / chance · thunderstorms · none · none / likely · thunderstorms · none · none / likely · thunderstorms · none · none
31.25,-83,America/New_York,GA,0,0,0|0|0|0,chance · thunderstorms · none · none / chance · thunderstorms · none · none
31.25,-82.75,America/New_York,GA,0,0,0|0|0|0,chance · thunderstorms · none · none / chance · thunderstorms · none · none
31.25,-82.5,America/New_York,GA,0,0,0|0|0|0,chance · thunderstorms · none · none / likely · thunderstorms · none · none
31.25,-82.25,America/New_York,GA,0,0,0|0|0|0,likely · thunderstorms · none · none / likely · thunderstorms · none · none
31.25,-82,America/New_York,GA,0,0,0|0|0|0,slight chance · thunderstorms · none · none / chance · thunderstorms · none · none / likely · thunderstorms · none · none
31.25,-81.75,America/New_York,GA,0,0,0|0|0|0,slight chance · thunderstorms · none · none / slight chance · thunderstorms · none · none / chance · thunderstorms · none · none / likely · thunderstorms · none · none
31.25,-81.5,America/New_York,GA,0,0,0|0|0|0,slight chance · thunderstorms · none · none / slight chance · thunderstorms · none · none / slight chance · thunderstorms · none · none / chance · thunderstorms · none · none
31.5,-91.5,America/Chicago,MS,0,0,0|0|0|0,slight chance · thunderstorms · none · none / slight chance · thunderstorms · none · none
31.5,-91.25,America/Chicago,MS,0,0,0|0|0|0,chance · rain showers · light · none / chance · thunderstorms · none · none
31.5,-91,America/Chicago,MS,0,0,0|0|0|0,chance · rain showers · light · none / chance · thunderstorms · none · none
31.5,-90.75,America/Chicago,MS,0,0,0|0|0|0,chance · rain showers · light · none / chance · thunderstorms · none · none / chance · thunderstorms · none · none
31.5,-90.5,America/Chicago,MS,0,0,0|0|0|0,chance · rain showers · light · none / chance · thunderstorms · none · none / chance · thunderstorms · none · none
31.5,-90.25,America/Chicago,MS,0,0,0|0|0|0,chance · rain showers · light · none / chance · thunderstorms · none · none / chance · thunderstorms · none · none
31.5,-90,America/Chicago,MS,0,0,0|0|0|0,slight chance · thunderstorms · none · none / chance · thunderstorms · none · none / chance · thunderstorms · none · none
31.5,-89.75,America/Chicago,MS,0,0,0|0|0|0,chance · rain showers · light · none / chance · thunderstorms · none · none / chance · thunderstorms · none · none
31.5,-89.5,America/Chicago,MS,0,0,0|0|0|0,chance · thunderstorms · none · none / chance · thunderstorms · none · none
31.5,-89.25,America/Chicago,MS,0,0,0|0|0|0,chance · thunderstorms · none · none
31.5,-89,America/Chicago,MS,0,0,0|0|0|0,chance · thunderstorms · none · none
31.5,-88.75,America/Chicago,MS,0,0,0|0|0|0,slight chance · thunderstorms · none · none / chance · thunderstorms · none · none / chance · thunderstorms · none · none / chance · thunderstorms · none · none
31.5,-88.5,America/Chicago,MS,0,0,0|0|0|0,slight chance · thunderstorms · none · none / chance · thunderstorms · none · none / chance · thunderstorms · none · none / chance · thunderstorms · none · none
31.5,-88.25,America/Chicago,AL,0,0,0|0|0|0,slight chance · thunderstorms · none · none / chance · thunderstorms · none · none / chance · thunderstorms · none · none / chance · thunderstorms · none · none
31.5,-88,America/Chicago,AL,0,0,0|0|0|0,slight chance · thunderstorms · none · none / chance · thunderstorms · none · none / chance · thunderstorms · none · none / chance · thunderstorms · none · none
31.5,-87.75,America/Chicago,AL,0,0,0|0|0|0,slight chance · thunderstorms · none · none / chance · thunderstorms · none · none / chance · thunderstorms · none · none / chance · thunderstorms · none · none
31.5,-87.5,America/Chicago,AL,0,0,0|0|0|0,slight chance · thunderstorms · none · none / chance · thunderstorms · none · none / chance · thunderstorms · none · none / chance · thunderstorms · none · none
31.5,-87.25,America/Chicago,AL,0,0,0|0|0|0,slight chance · thunderstorms · none · none / chance · thunderstorms · none · none / chance · thunderstorms · none · none / chance · thunderstorms · none · none
31.5,-87,America/Chicago,AL,0,0,0|0|0|0,chance · thunderstorms · none · none / chance · thunderstorms · none · none / chance · thunderstorms · none · none
31.5,-86.75,America/Chicago,AL,0,0,0|0|0|0,chance · thunderstorms · none · none / chance · thunderstorms · none · none / chance · thunderstorms · none · none
31.5,-86.5,America/Chicago,AL,0,0,0|0|0|0,chance · thunderstorms · none · none / chance · thunderstorms · none · none / chance · thunderstorms · none · none
31.5,-86.25,America/Chicago,AL,0,0,0|0|0|0,chance · thunderstorms · none · none / chance · thunderstorms · none · none / chance · thunderstorms · none · none
31.5,-86,America/Chicago,AL,0,0,0|0|0|0,chance · rain showers · moderate · none / chance · thunderstorms · none · none / chance · thunderstorms · none · none / chance · thunderstorms · none · none
31.5,-85.75,America/Chicago,AL,0,0,0|0|0|0,chance · rain showers · moderate · none / chance · thunderstorms · none · none / chance · thunderstorms · none · none / chance · thunderstorms · none · none
31.5,-85.5,America/Chicago,AL,0,0,0|0|0|0,chance · rain showers · moderate · none / likely · thunderstorms · none · none / likely · thunderstorms · none · none / likely · thunderstorms · none · none
31.5,-85.25,America/Chicago,AL,0,0,0|0|0|0,slight chance · rain showers · moderate · none / likely · thunderstorms · none · none / likely · thunderstorms · none · none / likely · thunderstorms · none · none
31.5,-85,America/New_York,GA,0,0,0|0|0|0,chance · rain showers · moderate · none / chance · rain showers · moderate · none / likely · thunderstorms · none · none / likely · thunderstorms · none · none
31.5,-84.75,America/New_York,GA,0,0,0|0|0|0,chance · rain showers · moderate · none / chance · rain showers · moderate · none / chance · thunderstorms · none · none / chance · thunderstorms · none · none
31.5,-84.5,America/New_York,GA,0,0,0|0|0|0,chance · rain showers · moderate · none / chance · rain showers · moderate · none / chance · thunderstorms · none · none / chance · thunderstorms · none · none
31.5,-84.25,America/New_York,GA,0,0,0|0|0|0,chance · rain showers · moderate · none / chance · rain showers · moderate · none / chance · thunderstorms · none · none / chance · thunderstorms · none · none
31.5,-84,America/New_York,GA,0,0,0|0|0|0,chance · rain showers · moderate · none / chance · rain showers · moderate · none / chance · thunderstorms · none · none / chance · thunderstorms · none · none
31.5,-83.75,America/New_York,GA,0,0,0|0|0|0,chance · rain showers · moderate · none / chance · rain showers · moderate · none / likely · thunderstorms · none · none / likely · thunderstorms · none · none
31.5,-83.5,America/New_York,GA,0,0,0|0|0|0,chance · rain showers · moderate · none / chance · rain showers · moderate · none / likely · thunderstorms · none · none / likely · thunderstorms · none · none
31.5,-83.25,America/New_York,GA,0,0,0|0|0|0,chance · rain showers · moderate · none / chance · rain showers · moderate · none / likely · thunderstorms · none · none / likely · thunderstorms · none · none
31.5,-83,America/New_York,GA,0,0,0|0|0|0,chance · thunderstorms · none · none / likely · thunderstorms · none · none
31.5,-82.75,America/New_York,GA,0,0,0|0|0|0,chance · thunderstorms · none · none / likely · thunderstorms · none · none
31.5,-82.5,America/New_York,GA,0,0,0|0|0|0,likely · thunderstorms · none · none / likely · thunderstorms · none · none
31.5,-82.25,America/New_York,GA,0,0,0|0|0|0,likely · thunderstorms · none · none / likely · thunderstorms · none · none
31.5,-82,America/New_York,GA,0,0,0|0|0|0,likely · thunderstorms · none · none / definitely · rain showers · moderate · none
31.5,-81.75,America/New_York,GA,0,0,0|0|0|0,slight chance · thunderstorms · none · none / chance · thunderstorms · none · none / definitely · rain showers · moderate · none
31.5,-81.5,America/New_York,GA,0,0,0|0|0|0,slight chance · thunderstorms · none · none / chance · thunderstorms · none · none / likely · thunderstorms · none · none
31.5,-81.25,America/New_York,GA,0,0,0|0|0|0,slight chance · thunderstorms · none · none / chance · thunderstorms · none · none
31.75,-91.5,America/Chicago,LA,0,0,0|0|0|0,slight chance · thunderstorms · none · none / slight chance · thunderstorms · none · none
31.75,-91.25,America/Chicago,MS,0,0,0|0|0|0,slight chance · thunderstorms · none · none / chance · thunderstorms · none · none
31.75,-91,America/Chicago,MS,0,0,0|0|0|0,chance · rain showers · light · none / chance · thunderstorms · none · none
31.75,-90.75,America/Chicago,MS,0,0,0|0|0|0,chance · rain showers · light · none / chance · thunderstorms · none · none
31.75,-90.5,America/Chicago,MS,0,0,0|0|0|0,chance · rain showers · light · none / chance · thunderstorms · none · none / slight chance · thunderstorms · none · none
31.75,-90.25,America/Chicago,MS,0,0,0|0|0|0,chance · rain showers · light · none / chance · thunderstorms · none · none
31.75,-90,America/Chicago,MS,0,0,0|0|0|0,slight chance · thunderstorms · none · none / chance · thunderstorms · none · none
31.75,-89.75,America/Chicago,MS,0,0,0|0|0|0,chance · rain showers · light · none / chance · thunderstorms · none · none
31.75,-89.5,America/Chicago,MS,0,0,0|0|0|0,chance · rain showers · light · none / chance · thunderstorms · none · none
31.75,-89.25,America/Chicago,MS,0,0,0|0|0|0,slight chance · thunderstorms · none · none / chance · thunderstorms · none · none
31.75,-89,America/Chicago,MS,0,0,0|0|0|0,slight chance · thunderstorms · none · none / chance · thunderstorms · none · none
31.75,-88.75,America/Chicago,MS,0,0,0|0|0|0,slight chance · thunderstorms · none · none / chance · thunderstorms · none · none / chance · thunderstorms · none · none / chance · thunderstorms · none · none
31.75,-88.5,America/Chicago,MS,0,0,0|0|0|0,slight chance · thunderstorms · none · none / chance · thunderstorms · none · none / chance · thunderstorms · none · none / chance · thunderstorms · none · none
31.75,-88.25,America/Chicago,AL,0,0,0|0|0|0,slight chance · thunderstorms · none · none / chance · thunderstorms · none · none / chance · thunderstorms · none · none / chance · thunderstorms · none · none
31.75,-88,America/Chicago,AL,0,0,0|0|0|0,slight chance · thunderstorms · none · none / chance · thunderstorms · none · none / chance · thunderstorms · none · none / chance · thunderstorms · none · none
31.75,-87.75,America/Chicago,AL,0,0,0|0|0|0,slight chance · thunderstorms · none · none / chance · thunderstorms · none · none / chance · thunderstorms · none · none / chance · thunderstorms · none · none
31.75,-87.5,America/Chicago,AL,0,0,0|0|0|0,slight chance · thunderstorms · none · none / slight chance · thunderstorms · none · none / slight chance · thunderstorms · none · none / slight chance · thunderstorms · none · none
31.75,-87.25,America/Chicago,AL,0,0,0|0|0|0,chance · thunderstorms · none · none / chance · thunderstorms · none · none / chance · thunderstorms · none · none
31.75,-87,America/Chicago,AL,0,0,0|0|0|0,chance · thunderstorms · none · none / chance · thunderstorms · none · none / chance · thunderstorms · none · none
31.75,-86.75,America/Chicago,AL,0,0,0|0|0|0,chance · thunderstorms · none · none / chance · thunderstorms · none · none / chance · thunderstorms · none · none
31.75,-86.5,America/Chicago,AL,0,0,0|0|0|0,chance · thunderstorms · none · none / chance · thunderstorms · none · none / chance · thunderstorms · none · none
31.75,-86.25,America/Chicago,AL,0,0,0|0|0|0,chance · thunderstorms · none · none / chance · thunderstorms · none · none / chance · thunderstorms · none · none
31.75,-86,America/Chicago,AL,0,0,0|0|0|0,chance · thunderstorms · none · none / chance · thunderstorms · none · none / chance · thunderstorms · none · none
31.75,-85.75,America/Chicago,AL,0,0,0|0|0|0,chance · thunderstorms · none · none / chance · thunderstorms · none · none / chance · thunderstorms · none · none
31.75,-85.5,America/Chicago,AL,0,0,0|0|0|0,chance · thunderstorms · none · none / chance · thunderstorms · none · none / chance · thunderstorms · none · none
31.75,-85.25,America/Chicago,AL,0,0,0|0|0|0,chance · thunderstorms · none · none / chance · thunderstorms · none · none / chance · thunderstorms · none · none
31.75,-85,America/New_York,GA,0,0,0|0|0|0,slight chance · rain showers · moderate · none / slight chance · rain showers · moderate · none / chance · thunderstorms · none · none / chance · thunderstorms · none · none
31.75,-84.75,America/New_York,GA,0,0,0|0|0|0,chance · rain showers · moderate · none / chance · rain showers · moderate · none / chance · thunderstorms · none · none / chance · thunderstorms · none · none
31.75,-84.5,America/New_York,GA,0,0,0|0|0|0,chance · rain showers · moderate · none / chance · rain showers · moderate · none / chance · thunderstorms · none · none / chance · thunderstorms · none · none
31.75,-84.25,America/New_York,GA,0,0,0|0|0|0,chance · rain showers · moderate · none / chance · rain showers · moderate · none / chance · thunderstorms · none · none / chance · thunderstorms · none · none
31.75,-84,America/New_York,GA,0,0,0|0|0|0,chance · rain showers · moderate · none / chance · rain showers · moderate · none / chance · thunderstorms · none · none / chance · thunderstorms · none · none
31.75,-83.75,America/New_York,GA,0,0,0|0|0|0,chance · rain showers · moderate · none / chance · rain showers · moderate · none / chance · thunderstorms · none · none / chance · thunderstorms · none · none
31.75,-83.5,America/New_York,GA,0,0,0|0|0|0,chance · rain showers · moderate · none / chance · rain showers · moderate · none / chance · thunderstorms · none · none / chance · thunderstorms · none · none
31.75,-83.25,America/New_York,GA,0,0,0|0|0|0,chance · rain showers · moderate · none / chance · rain showers · moderate · none / chance · thunderstorms · none · none / chance · thunderstorms · none · none
31.75,-83,America/New_York,GA,0,0,0|0|0|0,chance · rain showers · moderate · none / chance · rain showers · moderate · none / likely · thunderstorms · none · none / likely · thunderstorms · none · none
31.75,-82.75,America/New_York,GA,0,0,0|0|0|0,chance · thunderstorms · none · none / chance · thunderstorms · none · none
31.75,-82.5,America/New_York,GA,0,0,0|0|0|0,chance · thunderstorms · none · none / chance · thunderstorms · none · none
31.75,-82.25,America/New_York,GA,0,0,0|0|0|0,chance · thunderstorms · none · none / chance · thunderstorms · none · none
31.75,-82,America/New_York,GA,0,0,0|0|0|0,likely · rain showers · moderate · none / likely · rain showers · moderate · none
31.75,-81.75,America/New_York,GA,0,0,0|0|0|0,chance · thunderstorms · none · none / likely · rain showers · moderate · none
31.75,-81.5,America/New_York,GA,0,0,0|0|0|0,slight chance · thunderstorms · none · none / chance · thunderstorms · none · none / likely · rain showers · moderate · none
31.75,-81.25,America/New_York,GA,0,0,0|0|0|0,chance · thunderstorms · none · none / chance · thunderstorms · none · none
32,-91.5,America/Chicago,LA,0,0,0|0|0|0,slight chance · thunderstorms · none · none
32,-91.25,America/Chicago,LA,0,0,0|0|0|0,slight chance · thunderstorms · none · none / slight chance · thunderstorms · none · none
32,-91,America/Chicago,MS,0,0,0|0|0|0,chance · rain showers · light · none / chance · thunderstorms · none · none
32,-90.75,America/Chicago,MS,0,0,0|0|0|0,chance · rain showers · light · none / chance · thunderstorms · none · none
32,-90.5,America/Chicago,MS,0,0,0|0|0|0,chance · rain showers · moderate · none / chance · thunderstorms · none · none
32,-90.25,America/Chicago,MS,0,0,0|0|0|0,chance · rain showers · moderate · none / chance · thunderstorms · none · none
32,-90,America/Chicago,MS,0,0,0|0|0|0,chance · rain showers · light · none / chance · thunderstorms · none · none
32,-89.75,America/Chicago,MS,0,0,0|0|0|0,chance · rain showers · light · none / chance · thunderstorms · none · none
32,-89.5,America/Chicago,MS,0,0,0|0|0|0,chance · rain showers · light · none / chance · thunderstorms · none · none
32,-89.25,America/Chicago,MS,0,0,0|0|0|0,chance · rain showers · light · none / chance · thunderstorms · none · none
32,-89,America/Chicago,MS,0,0,0|0|0|0,slight chance · thunderstorms · none · none / chance · thunderstorms · none · none / slight chance · thunderstorms · none · none
32,-88.75,America/Chicago,MS,0,0,0|0|0|0,slight chance · thunderstorms · none · none / slight chance · thunderstorms · none · none / slight chance · thunderstorms · none · none
32,-88.5,America/Chicago,MS,0,0,0|0|0|0,
32,-88.25,America/Chicago,AL,0,0,0|0|0|0,slight chance · thunderstorms · none · none / slight chance · thunderstorms · none · none / slight chance · thunderstorms · none · none / slight chance · thunderstorms · none · none
32,-88,America/Chicago,AL,0,0,0|0|0|0,slight chance · thunderstorms · none · none / chance · thunderstorms · none · none / chance · thunderstorms · none · none / chance · thunderstorms · none · none
32,-87.75,America/Chicago,AL,0,0,0|0|0|0,slight chance · thunderstorms · none · none / slight chance · thunderstorms · none · none / slight chance · thunderstorms · none · none / slight chance · thunderstorms · none · none
32,-87.5,America/Chicago,AL,0,0,0|0|0|0,slight chance · thunderstorms · none · none / slight chance · thunderstorms · none · none / slight chance · thunderstorms · none · none / slight chance · thunderstorms · none · none
32,-87.25,America/Chicago,AL,0,0,0|0|0|0,slight chance · thunderstorms · none · none / slight chance · thunderstorms · none · none / slight chance · thunderstorms · none · none
32,-87,America/Chicago,AL,0,0,0|0|0|0,slight chance · thunderstorms · none · none / slight chance · thunderstorms · none · none / slight chance · thunderstorms · none · none
32,-86.75,America/Chicago,AL,0,0,0|0|0|0,chance · thunderstorms · none · none / chance · thunderstorms · none · none / chance · thunderstorms · none · none
32,-86.5,America/Chicago,AL,0,0,0|0|0|0,slight chance · thunderstorms · none · none / slight chance · thunderstorms · none · none / slight chance · thunderstorms · none · none
32,-86.25,America/Chicago,AL,0,0,0|0|0|0,slight chance · thunderstorms · none · none / slight chance · thunderstorms · none · none / slight chance · thunderstorms · none · none
32,-86,America/Chicago,AL,0,0,0|0|0|0,chance · thunderstorms · none · none / chance · thunderstorms · none · none / chance · thunderstorms · none · none
32,-85.75,America/Chicago,AL,0,0,0|0|0|0,chance · thunderstorms · none · none / chance · thunderstorms · none · none / chance · thunderstorms · none · none
32,-85.5,America/Chicago,AL,0,0,0|0|0|0,chance · thunderstorms · none · none / chance · thunderstorms · none · none / chance · thunderstorms · none · none
32,-85.25,America/Chicago,AL,0,0,0|0|0|0,chance · thunderstorms · none · none / chance · thunderstorms · none · none / chance · thunderstorms · none · none
32,-85,America/New_York,GA,0,0,0|0|0|0,slight chance · thunderstorms · none · none / chance · thunderstorms · none · none
32,-84.75,America/New_York,GA,0,0,0|0|0|0,chance · thunderstorms · none · none / chance · thunderstorms · none · none
32,-84.5,America/New_York,GA,0,0,0|0|0|0,chance · thunderstorms · none · none / chance · thunderstorms · none · none
32,-84.25,America/New_York,GA,0,0,0|0|0|0,chance · thunderstorms · none · none / slight chance · thunderstorms · none · none
32,-84,America/New_York,GA,0,0,0|0|0|0,chance · thunderstorms · none · none / slight chance · thunderstorms · none · none
32,-83.75,America/New_York,GA,0,0,0|0|0|0,chance · thunderstorms · none · none / slight chance · thunderstorms · none · none
32,-83.5,America/New_York,GA,0,0,0|0|0|0,chance · thunderstorms · none · none / chance · thunderstorms · none · none
32,-83.25,America/New_York,GA,0,0,0|0|0|0,chance · thunderstorms · none · none / chance · thunderstorms · none · none
32,-83,America/New_York,GA,0,0,0|0|0|0,chance · thunderstorms · none · none / chance · thunderstorms · none · none
32,-82.75,America/New_York,GA,0,0,0|0|0|0,chance · thunderstorms · none · none / chance · thunderstorms · none · none
32,-82.5,America/New_York,GA,0,0,0|0|0|0,chance · thunderstorms · none · none / chance · thunderstorms · none · none
32,-82.25,America/New_York,GA,0,0,0|0|0|0,chance · thunderstorms · none · none / chance · thunderstorms · none · none
32,-82,America/New_York,GA,0,0,0|0|0|0,chance · thunderstorms · none · none / chance · thunderstorms · none · none
32,-81.75,America/New_York,GA,0,0,0|0|0|0,chance · thunderstorms · none · none / chance · thunderstorms · none · none
32,-81.5,America/New_York,GA,0,0,0|0|0|0,chance · thunderstorms · none · none / chance · thunderstorms · none · none
32,-81.25,America/New_York,GA,0,0,0|0|0|0,chance · thunderstorms · none · none / chance · thunderstorms · none · none
32,-81,America/New_York,GA,0,0,0|0|0|0,chance · thunderstorms · none · none / slight chance · thunderstorms · none · none
32.25,-91.5,America/Chicago,LA,0,0,0|0|0|0,slight chance · thunderstorms · none · none
32.25,-91.25,America/Chicago,LA,0,0,0|0|0|0,slight chance · thunderstorms · none · none / slight chance · thunderstorms · none · none / slight chance · thunderstorms · none · none
32.25,-91,America/Chicago,LA,0,0,0|0|0|0,chance · rain showers · light · none / slight chance · thunderstorms · none · none / slight chance · thunderstorms · none · none
32.25,-90.75,America/Chicago,MS,0,0,0|0|0|0,chance · rain showers · light · none / slight chance · thunderstorms · none · none / slight chance · thunderstorms · none · none
32.25,-90.5,America/Chicago,MS,0,0,0|0|0|0,chance · rain showers · light · none / slight chance · thunderstorms · none · none
32.25,-90.25,America/Chicago,MS,0,0,0|0|0|0,chance · rain showers · moderate · none / slight chance · thunderstorms · none · none / slight chance · thunderstorms · none · none
32.25,-90,America/Chicago,MS,0,0,0|0|0|0,chance · rain showers · moderate · none / slight chance · thunderstorms · none · none
32.25,-89.75,America/Chicago,MS,0,0,0|0|0|0,chance · rain showers · light · none / chance · thunderstorms · none · none
32.25,-89.5,America/Chicago,MS,0,0,0|0|0|0,chance · rain showers · light · none / chance · thunderstorms · none · none
32.25,-89.25,America/Chicago,MS,0,0,0|0|0|0,slight chance · thunderstorms · none · none / chance · thunderstorms · none · none / slight chance · thunderstorms · none · none
32.25,-89,America/Chicago,MS,0,0,0|0|0|0,slight chance · thunderstorms · none · none / slight chance · thunderstorms · none · none
32.25,-88.75,America/Chicago,MS,0,0,0|0|0|0,slight chance · thunderstorms · none · none
32.25,-88.5,America/Chicago,MS,0,0,0|0|0|0,slight chance · thunderstorms · none · none
32.25,-88.25,America/Chicago,AL,0,0,0|0|0|0,slight chance · thunderstorms · none · none / slight chance · thunderstorms · none · none / slight chance · thunderstorms · none · none / slight chance · thunderstorms · none · none
32.25,-88,America/Chicago,AL,0,0,0|0|0|0,slight chance · thunderstorms · none · none / slight chance · thunderstorms · none · none / slight chance · thunderstorms · none · none / slight chance · thunderstorms · none · none
32.25,-87.75,America/Chicago,AL,0,0,0|0|0|0,slight chance · thunderstorms · none · none / slight chance · thunderstorms · none · none / slight chance · thunderstorms · none · none
32.25,-87.5,America/Chicago,AL,0,0,0|0|0|0,slight chance · thunderstorms · none · none / slight chance · thunderstorms · none · none / slight chance · thunderstorms · none · none
32.25,-87.25,America/Chicago,AL,0,0,0|0|0|0,slight chance · thunderstorms · none · none / slight chance · thunderstorms · none · none / slight chance · thunderstorms · none · none
32.25,-87,America/Chicago,AL,0,0,0|0|0|0,slight chance · thunderstorms · none · none / slight chance · thunderstorms · none · none / slight chance · thunderstorms · none · none
32.25,-86.75,America/Chicago,AL,0,0,0|0|0|0,slight chance · thunderstorms · none · none / slight chance · thunderstorms · none · none / slight chance · thunderstorms · none · none
32.25,-86.5,America/Chicago,AL,0,0,0|0|0|0,slight chance · thunderstorms · none · none / slight chance · thunderstorms · none · none / slight chance · thunderstorms · none · none
32.25,-86.25,America/Chicago,AL,0,0,0|0|0|0,slight chance · thunderstorms · none · none / slight chance · thunderstorms · none · none / slight chance · thunderstorms · none · none
32.25,-86,America/Chicago,AL,0,0,0|0|0|0,slight chance · thunderstorms · none · none / slight chance · thunderstorms · none · none / slight chance · thunderstorms · none · none
32.25,-85.75,America/Chicago,AL,0,0,0|0|0|0,slight chance · thunderstorms · none · none / slight chance · thunderstorms · none · none / slight chance · thunderstorms · none · none
32.25,-85.5,America/Chicago,AL,0,0,0|0|0|0,slight chance · thunderstorms · none · none / slight chance · thunderstorms · none · none / slight chance · thunderstorms · none · none
32.25,-85.25,America/Chicago,AL,0,0,0|0|0|0,slight chance · thunderstorms · none · none / slight chance · thunderstorms · none · none / slight chance · thunderstorms · none · none
32.25,-85,America/Chicago,AL,0,0,0|0|0|0,slight chance · thunderstorms · none · none / slight chance · thunderstorms · none · none / slight chance · thunderstorms · none · none
32.25,-84.75,America/New_York,GA,0,0,0|0|0|0,slight chance · thunderstorms · none · none / slight chance · thunderstorms · none · none
32.25,-84.5,America/New_York,GA,0,0,0|0|0|0,slight chance · thunderstorms · none · none / slight chance · thunderstorms · none · none
32.25,-84.25,America/New_York,GA,0,0,0|0|0|0,chance · thunderstorms · none · none / slight chance · thunderstorms · none · none
32.25,-84,America/New_York,GA,0,0,0|0|0|0,chance · thunderstorms · none · none / slight chance · thunderstorms · none · none
32.25,-83.75,America/New_York,GA,0,0,0|0|0|0,chance · thunderstorms · none · none / slight chance · thunderstorms · none · none
32.25,-83.5,America/New_York,GA,0,0,0|0|0|0,chance · thunderstorms · none · none / slight chance · thunderstorms · none · none
32.25,-83.25,America/New_York,GA,0,0,0|0|0|0,chance · thunderstorms · none · none / slight chance · thunderstorms · none · none
32.25,-83,America/New_York,GA,0,0,0|0|0|0,chance · thunderstorms · none · none / slight chance · thunderstorms · none · none
32.25,-82.75,America/New_York,GA,0,0,0|0|0|0,chance · thunderstorms · none · none / slight chance · thunderstorms · none · none
32.25,-82.5,America/New_York,GA,0,0,0|0|0|0,chance · thunderstorms · none · none / chance · thunderstorms · none · none
32.25,-82.25,America/New_York,GA,0,0,0|0|0|0,chance · thunderstorms · none · none / chance · thunderstorms · none · none
32.25,-82,America/New_York,GA,0,0,0|0|0|0,chance · thunderstorms · none · none / chance · thunderstorms · none · none
32.25,-81.75,America/New_York,GA,0,0,0|0|0|0,chance · thunderstorms · none · none / chance · thunderstorms · none · none
32.25,-81.5,America/New_York,GA,0,0,0|0|0|0,chance · thunderstorms · none · none / chance · thunderstorms · none · none
32.25,-81.25,America/New_York,GA,0,0,0|0|0|0,chance · thunderstorms · none · none / chance · thunderstorms · none · none
32.25,-81,America/New_York,SC,0,0,0|0|0|0,chance · thunderstorms · none · none / chance · thunderstorms · none · none
32.25,-80.75,America/New_York,SC,0,0,0|0|0|0,slight chance · thunderstorms · none · none / chance · thunderstorms · none · none
32.5,-91.5,America/Chicago,LA,0,0,0|0|0|0,slight chance · thunderstorms · none · none / slight chance · thunderstorms · none · none
32.5,-91.25,America/Chicago,LA,0,0,0|0|0|0,slight chance · thunderstorms · none · none / slight chance · thunderstorms · none · none
32.5,-91,America/Chicago,LA,0,0,0|0|0|0,chance · rain showers · light · none / slight chance · thunderstorms · none · none / slight chance · thunderstorms · none · none
32.5,-90.75,America/Chicago,MS,0,0,0|0|0|0,chance · rain showers · light · none / slight chance · thunderstorms · none · none
32.5,-90.5,America/Chicago,MS,0,0,0|0|0|0,chance · rain showers · light · none / slight chance · thunderstorms · none · none
32.5,-90.25,America/Chicago,MS,0,0,0|0|0|0,chance · rain showers · light · none / slight chance · thunderstorms · none · none / slight chance · thunderstorms · none · none
32.5,-90,America/Chicago,MS,0,0,0|0|0|0,slight chance · thunderstorms · none · none
32.5,-89.75,America/Chicago,MS,0,0,0|0|0|0,chance · rain showers · light · none / slight chance · thunderstorms · none · none
32.5,-89.5,America/Chicago,MS,0,0,0|0|0|0,chance · rain showers · light · none / chance · thunderstorms · none · none
32.5,-89.25,America/Chicago,MS,0,0,0|0|0|0,slight chance · thunderstorms · none · none / slight chance · thunderstorms · none · none
32.5,-89,America/Chicago,MS,0,0,0|0|0|0,
32.5,-88.75,America/Chicago,MS,0,0,0|0|0|0,slight chance · thunderstorms · none · none
32.5,-88.5,America/Chicago,MS,0,0,0|0|0|0,
32.5,-88.25,America/Chicago,AL,0,0,0|0|0|0,slight chance · thunderstorms · none · none / slight chance · thunderstorms · none · none / slight chance · thunderstorms · none · none / slight chance · thunderstorms · none · none
32.5,-88,America/Chicago,AL,0,0,0|0|0|0,slight chance · thunderstorms · none · none / slight chance · thunderstorms · none · none / slight chance · thunderstorms · none · none
32.5,-87.75,America/Chicago,AL,0,0,0|0|0|0,slight chance · thunderstorms · none · none / slight chance · thunderstorms · none · none / slight chance · thunderstorms · none · none
32.5,-87.5,America/Chicago,AL,0,0,0|0|0|0,slight chance · thunderstorms · none · none / slight chance · thunderstorms · none · none / slight chance · thunderstorms · none · none
32.5,-87.25,America/Chicago,AL,0,0,0|0|0|0,slight chance · thunderstorms · none · none / slight chance · thunderstorms · none · none / slight chance · thunderstorms · none · none
32.5,-87,America/Chicago,AL,0,0,0|0|0|0,
32.5,-86.75,America/Chicago,AL,0,0,0|0|0|0,
32.5,-86.5,America/Chicago,AL,0,0,0|0|0|0,
32.5,-86.25,America/Chicago,AL,0,0,0|0|0|0,
32.5,-86,America/Chicago,AL,0,0,0|0|0|0,
32.5,-85.75,America/Chicago,AL,0,0,0|0|0|0,
32.5,-85.5,America/Chicago,AL,0,0,0|0|0|0,
32.5,-85.25,America/Chicago,AL,0,0,0|0|0|0,slight chance · thunderstorms · none · none / slight chance · thunderstorms · none · none / slight chance · thunderstorms · none · none
32.5,-85,America/Chicago,GA,0,0,0|0|0|0,slight chance · thunderstorms · none · none / slight chance · thunderstorms · none · none / slight chance · thunderstorms · none · none
32.5,-84.75,America/New_York,GA,0,0,0|0|0|0,
32.5,-84.5,America/New_York,GA,0,0,0|0|0|0,
32.5,-84.25,America/New_York,GA,0,0,0|0|0|0,
32.5,-84,America/New_York,GA,0,0,0|0|0|0,
32.5,-83.75,America/New_York,GA,0,0,0|0|0|0,slight chance · thunderstorms · none · none
32.5,-83.5,America/New_York,GA,0,0,0|0|0|0,slight chance · thunderstorms · none · none
32.5,-83.25,America/New_York,GA,0,0,0|0|0|0,slight chance · thunderstorms · none · none / slight chance · thunderstorms · none · none
32.5,-83,America/New_York,GA,0,0,0|0|0|0,chance · rain showers · light · none / slight chance · thunderstorms · none · none
32.5,-82.75,America/New_York,GA,0,0,0|0|0|0,chance · rain showers · moderate · none / slight chance · thunderstorms · none · none
32.5,-82.5,America/New_York,GA,0,0,0|0|0|0,chance · rain showers · light · none / chance · rain showers · light · none
32.5,-82.25,America/New_York,GA,0,0,0|0|0|0,chance · thunderstorms · none · none / chance · thunderstorms · none · none
32.5,-82,America/New_York,GA,0,0,0|0|0|0,chance · thunderstorms · none · none / chance · thunderstorms · none · none
32.5,-81.75,America/New_York,GA,0,0,0|0|0|0,chance · thunderstorms · none · none / chance · thunderstorms · none · none
32.5,-81.5,America/New_York,GA,0,0,0|0|0|0,chance · thunderstorms · none · none / chance · thunderstorms · none · none
32.5,-81.25,America/New_York,GA,0,0,0|0|0|0,chance · thunderstorms · none · none / chance · thunderstorms · none · none
32.5,-81,America/New_York,SC,0,0,0|0|0|0,chance · thunderstorms · none · none / chance · thunderstorms · none · none
32.5,-80.75,America/New_York,SC,0,0,0|0|0|0,slight chance · thunderstorms · none · none / chance · thunderstorms · none · none
32.5,-80.5,America/New_York,SC,0,0,0|0|0|0,slight chance · thunderstorms · none · none / chance · thunderstorms · none · none
32.75,-91.5,America/Chicago,LA,0,0,0|0|0|0,chance · rain showers · light · none / slight chance · thunderstorms · none · none
32.75,-91.25,America/Chicago,LA,0,0,0|0|0|0,slight chance · thunderstorms · none · none / slight chance · thunderstorms · none · none
32.75,-91,America/Chicago,MS,0,0,0|0|0|0,slight chance · thunderstorms · none · none / slight chance · thunderstorms · none · none / slight chance · thunderstorms · none · none
32.75,-90.75,America/Chicago,MS,0,0,0|0|0|0,slight chance · thunderstorms · none · none / slight chance · thunderstorms · none · none / slight chance · thunderstorms · none · none
32.75,-90.5,America/Chicago,MS,0,0,0|0|0|0,slight chance · thunderstorms · none · none
32.75,-90.25,America/Chicago,MS,0,0,0|0|0|0,slight chance · thunderstorms · none · none
32.75,-90,America/Chicago,MS,0,0,0|0|0|0,
32.75,-89.75,America/Chicago,MS,0,0,0|0|0|0,slight chance · thunderstorms · none · none
32.75,-89.5,America/Chicago,MS,0,0,0|0|0|0,chance · rain showers · light · none / slight chance · thunderstorms · none · none
32.75,-89.25,America/Chicago,MS,0,0,0|0|0|0,
32.75,-89,America/Chicago,MS,0,0,0|0|0|0,
32.75,-88.75,America/Chicago,MS,0,0,0|0|0|0,
32.75,-88.5,America/Chicago,MS,0,0,0|0|0|0,
32.75,-88.25,America/Chicago,AL,0,0,0|0|0|0,
32.75,-88,America/Chicago,AL,0,0,0|0|0|0,
32.75,-87.75,America/Chicago,AL,0,0,0|0|0|0,
32.75,-87.5,America/Chicago,AL,0,0,0|0|0|0,
32.75,-87.25,America/Chicago,AL,0,0,0|0|0|0,
32.75,-87,America/Chicago,AL,0,0,0|0|0|0,
32.75,-86.75,America/Chicago,AL,0,0,0|0|0|0,
32.75,-86.5,America/Chicago,AL,0,0,0|0|0|0,
32.75,-86.25,America/Chicago,AL,0,0,0|0|0|0,
32.75,-86,America/Chicago,AL,0,0,0|0|0|0,
32.75,-85.75,America/Chicago,AL,0,0,0|0|0|0,
32.75,-85.5,America/Chicago,AL,0,0,0|0|0|0,
32.75,-85.25,America/Chicago,AL,0,0,0|0|0|0,
32.75,-85,America/New_York,GA,0,0,1|0|0|0,
32.75,-84.75,America/New_York,GA,0,0,0|0|0|0,
32.75,-84.5,America/New_York,GA,0,0,0|0|0|0,
32.75,-84.25,America/New_York,GA,0,0,0|0|0|0,
32.75,-84,America/New_York,GA,0,0,0|0|0|0,
32.75,-83.75,America/New_York,GA,0,0,0|0|0|0,
32.75,-83.5,America/New_York,GA,0,0,0|0|0|0,
32.75,-83.25,America/New_York,GA,0,0,0|0|0|0,
32.75,-83,America/New_York,GA,0,0,0|0|0|0,
32.75,-82.75,America/New_York,GA,0,0,0|0|0|0,slight chance · thunderstorms · none · none
32.75,-82.5,America/New_York,GA,0,0,0|0|0|0,slight chance · thunderstorms · none · none
32.75,-82.25,America/New_York,GA,0,0,0|0|0|0,slight chance · thunderstorms · none · none / slight chance · thunderstorms · none · none
32.75,-82,America/New_York,GA,0,0,0|0|0|0,slight chance · thunderstorms · none · none / slight chance · thunderstorms · none · none
32.75,-81.75,America/New_York,GA,0,0,0|0|0|0,slight chance · thunderstorms · none · none / slight chance · thunderstorms · none · none
32.75,-81.5,America/New_York,GA,0,0,0|0|0|0,chance · thunderstorms · none · none
32.75,-81.25,America/New_York,SC,0,0,0|0|0|0,slight chance · thunderstorms · none · none / chance · thunderstorms · none · none
32.75,-81,America/New_York,SC,0,0,0|0|0|0,slight chance · thunderstorms · none · none / chance · thunderstorms · none · none
32.75,-80.75,America/New_York,SC,0,0,0|0|0|0,chance · thunderstorms · none · none / chance · thunderstorms · none · none
32.75,-80.5,America/New_York,SC,0,0,0|0|0|0,chance · thunderstorms · none · none / chance · thunderstorms · none · none
32.75,-80.25,America/New_York,SC,0,0,0|0|0|0,chance · thunderstorms · none · none / chance · thunderstorms · none · none
32.75,-80,America/New_York,SC,0,0,0|0|0|0,slight chance · thunderstorms · none · none / chance · thunderstorms · none · none / chance · thunderstorms · none · none
33,-91.5,America/Chicago,LA,0,0,0|0|0|0,slight chance · thunderstorms · none · none / slight chance · thunderstorms · none · none
33,-91.25,America/Chicago,LA,0,0,0|0|0|0,slight chance · thunderstorms · none · none / slight chance · thunderstorms · none · none
33,-91,America/Chicago,MS,0,0,0|0|0|0,slight chance · thunderstorms · none · none / chance · thunderstorms · none · none
33,-90.75,America/Chicago,MS,0,0,0|0|0|0,slight chance · thunderstorms · none · none / chance · thunderstorms · none · none
33,-90.5,America/Chicago,MS,0,0,0|0|0|0,slight chance · thunderstorms · none · none / slight chance · thunderstorms · none · none
33,-90.25,America/Chicago,MS,0,0,0|0|0|0,slight chance · thunderstorms · none · none
33,-90,America/Chicago,MS,0,0,0|0|0|0,
33,-89.75,America/Chicago,MS,0,0,0|0|0|0,slight chance · thunderstorms · none · none
33,-89.5,America/Chicago,MS,0,0,0|0|0|0,chance · rain showers · light · none / slight chance · thunderstorms · none · none
33,-89.25,America/Chicago,MS,0,0,0|0|0|0,
33,-89,America/Chicago,MS,0,0,0|0|0|0,
33,-88.75,America/Chicago,MS,0,0,0|0|0|0,
33,-88.5,America/Chicago,MS,0,0,0|0|0|0,
33,-88.25,America/Chicago,AL,0,0,0|0|0|0,
33,-88,America/Chicago,AL,0,0,0|0|0|0,
33,-87.75,America/Chicago,AL,0,0,0|0|0|0,
33,-87.5,America/Chicago,AL,0,0,0|0|0|0,
33,-87.25,America/Chicago,AL,0,0,0|0|0|0,
33,-87,America/Chicago,AL,0,0,0|0|0|0,
33,-86.75,America/Chicago,AL,0,0,0|0|0|0,
33,-86.5,America/Chicago,AL,0,0,0|0|0|0,
33,-86.25,America/Chicago,AL,0,0.06,0|0|0|0,
33,-86,America/Chicago,AL,0,0.19,0|0|0|0,
33,-85.75,America/Chicago,AL,0,0.19,0|0|0|0,
33,-85.5,America/Chicago,AL,0,0.06,0|0|0|0,
33,-85.25,America/Chicago,AL,0,0,0|0|0|0,
33,-85,America/New_York,GA,0,0,0|1|1|0,
33,-84.75,America/New_York,GA,0,0,1|1|0|0,
33,-84.5,America/New_York,GA,0,0,1|0|0|0,
33,-84.25,America/New_York,GA,0,0,0|0|0|0,
33,-84,America/New_York,GA,0,0,1|0|0|0,
33,-83.75,America/New_York,GA,0,0,0|0|0|0,
33,-83.5,America/New_York,GA,0,0,1|0|0|0,
33,-83.25,America/New_York,GA,0,0,0|0|0|0,
33,-83,America/New_York,GA,0,0,0|0|0|0,
33,-82.75,America/New_York,GA,0,0,1|0|0|0,
33,-82.5,America/New_York,GA,0,0,0|0|0|0,
33,-82.25,America/New_York,GA,0,0,0|0|0|0,
33,-82,America/New_York,GA,0,0,0|0|0|0,
33,-81.75,America/New_York,GA,0,0,0|0|0|0,
33,-81.5,America/New_York,GA,0,0,0|0|0|0,
33,-81.25,America/New_York,SC,0,0,0|0|0|0,slight chance · thunderstorms · none · none
33,-81,America/New_York,SC,0,0,0|0|0|0,chance · thunderstorms · none · none
33,-80.75,America/New_York,SC,0,0,0|0|0|0,chance · thunderstorms · none · none / chance · thunderstorms · none · none
33,-80.5,America/New_York,SC,0,0,0|0|0|0,chance · thunderstorms · none · none / chance · thunderstorms · none · none
33,-80.25,America/New_York,SC,0,0,0|0|0|0,chance · thunderstorms · none · none / chance · thunderstorms · none · none
33,-80,America/New_York,SC,0,0,0|0|0|0,chance · thunderstorms · none · none / chance · thunderstorms · none · none
33,-79.75,America/New_York,SC,0,0,0|0|0|0,likely · rain showers · moderate · none / chance · thunderstorms · none · none
33.25,-91.5,America/Chicago,AR,0,0,0|0|0|0,slight chance · thunderstorms · none · none / slight chance · thunderstorms · none · none
33.25,-91.25,America/Chicago,AR,0,0,0|0|0|0,slight chance · thunderstorms · none · none / slight chance · thunderstorms · none · none
33.25,-91,America/Chicago,MS,0,0,0|0|0|0,slight chance · thunderstorms · none · none / chance · thunderstorms · none · none
33.25,-90.75,America/Chicago,MS,0,0,0|0|0|0,slight chance · thunderstorms · none · none / chance · thunderstorms · none · none
33.25,-90.5,America/Chicago,MS,0,0,0|0|0|0,slight chance · thunderstorms · none · none / slight chance · thunderstorms · none · none
33.25,-90.25,America/Chicago,MS,0,0,0|0|0|0,
33.25,-90,America/Chicago,MS,0,0,0|0|0|0,
33.25,-89.75,America/Chicago,MS,0,0,0|0|0|0,chance · rain showers · moderate · none
33.25,-89.5,America/Chicago,MS,0,0,0|0|0|0,chance · rain showers · moderate · none
33.25,-89.25,America/Chicago,MS,0,0,0|0|0|0,slight chance · thunderstorms · none · none
33.25,-89,America/Chicago,MS,0,0,0|0|0|0,
33.25,-88.75,America/Chicago,MS,0,0,0|0|0|0,
33.25,-88.5,America/Chicago,MS,0,0,0|0|0|0,
33.25,-88.25,America/Chicago,AL,0,0,0|0|0|0,
33.25,-88,America/Chicago,AL,0,0,0|0|0|0,
33.25,-87.75,America/Chicago,AL,0,0,0|0|0|0,
33.25,-87.5,America/Chicago,AL,0,0,0|0|0|0,
33.25,-87.25,America/Chicago,AL,0,0,0|0|0|0,
33.25,-87,America/Chicago,AL,0,0,0|0|0|0,
33.25,-86.75,America/Chicago,AL,0,0,0|0|0|0,
33.25,-86.5,America/Chicago,AL,0,0,0|0|0|0,
33.25,-86.25,America/Chicago,AL,0,0.13,0|0|0|0,
33.25,-86,America/Chicago,AL,1,0.5,1|1|1|1,
33.25,-85.75,America/Chicago,AL,1,0.69,1|1|1|1,
33.25,-85.5,America/Chicago,AL,0,0.38,0|0|0|1,
33.25,-85.25,America/Chicago,GA,0,0.06,1|1|0|0,
33.25,-85,America/New_York,GA,0,0,1|1|0|0,
33.25,-84.75,America/New_York,GA,0,0,2|0|0|0,
33.25,-84.5,America/New_York,GA,0,0,0|0|0|0,
33.25,-84.25,America/New_York,GA,0,0,2|0|0|0,
33.25,-84,America/New_York,GA,0,0,1|0|0|0,
33.25,-83.75,America/New_York,GA,0,0,0|0|0|0,
33.25,-83.5,America/New_York,GA,0,0,0|0|0|0,
33.25,-83.25,America/New_York,GA,0,0,0|0|0|0,
33.25,-83,America/New_York,GA,0,0,0|0|0|0,
33.25,-82.75,America/New_York,GA,0,0,0|0|0|0,
33.25,-82.5,America/New_York,GA,0,0,0|0|0|0,
33.25,-82.25,America/New_York,GA,0,0,0|0|0|0,
33.25,-82,America/New_York,GA,0,0,0|0|0|0,
33.25,-81.75,America/New_York,SC,0,0,0|0|0|0,
33.25,-81.5,America/New_York,SC,0,0,0|0|0|0,
33.25,-81.25,America/New_York,SC,0,0,0|0|0|0,
33.25,-81,America/New_York,SC,0,0,0|0|0|0,
33.25,-80.75,America/New_York,SC,0,0,0|0|0|0,slight chance · thunderstorms · none · none
33.25,-80.5,America/New_York,SC,0,0,0|0|0|0,slight chance · thunderstorms · none · none / chance · thunderstorms · none · none
33.25,-80.25,America/New_York,SC,0,0,0|0|0|0,chance · thunderstorms · none · none / chance · thunderstorms · none · none
33.25,-80,America/New_York,SC,0,0,0|0|0|0,chance · thunderstorms · none · none / chance · thunderstorms · none · none
33.25,-79.75,America/New_York,SC,0,0,0|0|0|0,chance · thunderstorms · none · none / chance · thunderstorms · none · none
33.25,-79.5,America/New_York,SC,0,0,0|0|0|0,slight chance · thunderstorms · none · none / chance · rain showers · light · none / chance · thunderstorms · none · none / chance · thunderstorms · none · none
33.25,-79.25,America/New_York,SC,0,0,0|0|0|0,slight chance · thunderstorms · none · none / chance · rain showers · light · none / chance · thunderstorms · none · none / chance · thunderstorms · none · none
33.5,-91.5,America/Chicago,AR,0,0,0|0|0|0,slight chance · rain showers · light · none
33.5,-91.25,America/Chicago,AR,0,0,0|0|0|0,slight chance · thunderstorms · none · none
33.5,-91,America/Chicago,MS,0,0,0|0|0|0,slight chance · thunderstorms · none · none / chance · thunderstorms · none · none
33.5,-90.75,America/Chicago,MS,0,0,0|0|0|0,slight chance · thunderstorms · none · none / slight chance · thunderstorms · none · none
33.5,-90.5,America/Chicago,MS,0,0,0|0|0|0,
33.5,-90.25,America/Chicago,MS,0,0,0|0|0|0,
33.5,-90,America/Chicago,MS,0,0,0|0|0|0,slight chance · thunderstorms · none · none
33.5,-89.75,America/Chicago,MS,0,0,0|0|0|0,slight chance · thunderstorms · none · none
33.5,-89.5,America/Chicago,MS,0,0,0|0|0|0,slight chance · thunderstorms · none · none
33.5,-89.25,America/Chicago,MS,0,0,0|0|0|0,
33.5,-89,America/Chicago,MS,0,0,0|0|0|0,
33.5,-88.75,America/Chicago,MS,0,0,0|0|0|0,
33.5,-88.5,America/Chicago,MS,0,0,0|0|0|0,
33.5,-88.25,America/Chicago,AL,0,0,0|0|0|0,
33.5,-88,America/Chicago,AL,0,0,0|0|0|0,
33.5,-87.75,America/Chicago,AL,0,0,0|0|0|0,
33.5,-87.5,America/Chicago,AL,0,0,0|0|0|0,
33.5,-87.25,America/Chicago,AL,0,0,0|0|0|0,
33.5,-87,America/Chicago,AL,0,0,0|0|0|0,
33.5,-86.75,America/Chicago,AL,0,0,0|0|0|0,
33.5,-86.5,America/Chicago,AL,0,0,0|0|0|0,
33.5,-86.25,America/Chicago,AL,0,0.06,0|0|0|0,
33.5,-86,America/Chicago,AL,0,0.5,0|0|0|0,
33.5,-85.75,America/Chicago,AL,2,1,2|2|2|2,
33.5,-85.5,America/Chicago,AL,1,0.75,1|1|1|1,
33.5,-85.25,America/New_York,GA,0,0.19,0|1|1|0,
33.5,-85,America/New_York,GA,0,0,0|1|1|0,
33.5,-84.75,America/New_York,GA,0,0,0|0|1|0,
33.5,-84.5,America/New_York,GA,0,0,1|0|0|0,
33.5,-84.25,America/New_York,GA,0,0,2|0|0|0,
33.5,-84,America/New_York,GA,0,0,0|0|0|0,
33.5,-83.75,America/New_York,GA,0,0,0|0|0|0,
33.5,-83.5,America/New_York,GA,0,0,0|0|0|0,
33.5,-83.25,America/New_York,GA,0,0,0|0|0|0,
33.5,-83,America/New_York,GA,0,0,0|0|0|0,
33.5,-82.75,America/New_York,GA,0,0,0|0|0|0,
33.5,-82.5,America/New_York,GA,0,0,0|0|0|0,
33.5,-82.25,America/New_York,GA,0,0,0|0|0|0,
33.5,-82,America/New_York,GA,0,0,0|0|0|0,
33.5,-81.75,America/New_York,SC,0,0,0|0|0|0,
33.5,-81.5,America/New_York,SC,0,0,0|0|0|0,
33.5,-81.25,America/New_York,SC,0,0,0|0|0|0,
33.5,-81,America/New_York,SC,0,0,0|0|0|0,
33.5,-80.75,America/New_York,SC,0,0,0|0|0|0,
33.5,-80.5,America/New_York,SC,0,0,0|0|0|0,
33.5,-80.25,America/New_York,SC,0,0,0|0|0|0,slight chance · thunderstorms · none · none
33.5,-80,America/New_York,SC,0,0,0|0|0|0,slight chance · thunderstorms · none · none
33.5,-79.75,America/New_York,SC,0,0,0|0|0|0,slight chance · rain showers · light · none / chance · thunderstorms · none · none / chance · thunderstorms · none · none
33.5,-79.5,America/New_York,SC,0,0,0|0|0|0,slight chance · thunderstorms · none · none / chance · thunderstorms · none · none / chance · thunderstorms · none · none
33.5,-79.25,America/New_York,SC,0,0,0|0|0|0,slight chance · thunderstorms · none · none / slight chance · thunderstorms · none · none / chance · thunderstorms · none · none / chance · thunderstorms · none · none
33.75,-91.5,America/Chicago,AR,0,0,0|0|0|0,
33.75,-91.25,America/Chicago,AR,0,0,0|0|0|0,
33.75,-91,America/Chicago,MS,0,0,0|0|0|0,
33.75,-90.75,America/Chicago,MS,0,0,0|0|0|0,
33.75,-90.5,America/Chicago,MS,0,0,0|0|0|0,
33.75,-90.25,America/Chicago,MS,0,0,0|0|0|0,
33.75,-90,America/Chicago,MS,0,0,0|0|0|0,slight chance · thunderstorms · none · none
33.75,-89.75,America/Chicago,MS,0,0,0|0|0|0,
33.75,-89.5,America/Chicago,MS,0,0,0|0|0|0,
33.75,-89.25,America/Chicago,MS,0,0,0|0|0|0,
33.75,-89,America/Chicago,MS,0,0,0|0|0|0,
33.75,-88.75,America/Chicago,MS,0,0,0|0|0|0,
33.75,-88.5,America/Chicago,MS,0,0,0|0|0|0,
33.75,-88.25,America/Chicago,MS,0,0,0|0|0|0,
33.75,-88,America/Chicago,AL,0,0,0|0|0|0,
33.75,-87.75,America/Chicago,AL,0,0,0|0|0|0,
33.75,-87.5,America/Chicago,AL,0,0,0|0|0|0,
33.75,-87.25,America/Chicago,AL,0,0,0|0|0|0,
33.75,-87,America/Chicago,AL,0,0,0|0|0|0,
33.75,-86.75,America/Chicago,AL,0,0,0|0|0|0,
33.75,-86.5,America/Chicago,AL,0,0,0|0|0|0,
33.75,-86.25,America/Chicago,AL,0,0,0|0|0|0,
33.75,-86,America/Chicago,AL,0,0.25,0|1|0|0,
33.75,-85.75,America/Chicago,AL,1,0.69,1|2|2|1,
33.75,-85.5,America/Chicago,AL,1,0.63,1|1|1|1,
33.75,-85.25,America/New_York,GA,0,0.19,0|0|1|0,
33.75,-85,America/New_York,GA,0,0,0|0|1|0,
33.75,-84.75,America/New_York,GA,0,0,1|0|0|0,
33.75,-84.5,America/New_York,GA,0,0,1|0|0|0,
33.75,-84.25,America/New_York,GA,0,0,1|0|0|0,
33.75,-84,America/New_York,GA,0,0,0|0|0|0,
33.75,-83.75,America/New_York,GA,0,0,0|0|0|0,
33.75,-83.5,America/New_York,GA,0,0,0|0|0|0,
33.75,-83.25,America/New_York,GA,0,0,0|0|0|0,
33.75,-83,America/New_York,GA,0,0,0|0|0|0,
33.75,-82.75,America/New_York,GA,0,0,0|0|0|0,
33.75,-82.5,America/New_York,GA,0,0,0|0|0|0,
33.75,-82.25,America/New_York,GA,0,0,0|0|0|0,
33.75,-82,America/New_York,SC,0,0,0|0|0|0,
33.75,-81.75,America/New_York,SC,0,0,0|0|0|0,
33.75,-81.5,America/New_York,SC,0,0,0|0|0|0,
33.75,-81.25,America/New_York,SC,0,0,0|0|0|0,
33.75,-81,America/New_York,SC,0,0,0|0|0|0,
33.75,-80.75,America/New_York,SC,0,0,0|0|0|0,
33.75,-80.5,America/New_York,SC,0,0,0|0|0|0,
33.75,-80.25,America/New_York,SC,0,0,0|0|0|0,
33.75,-80,America/New_York,SC,0,0,0|0|0|0,
33.75,-79.75,America/New_York,SC,0,0,0|0|0|0,slight chance · thunderstorms · none · none
33.75,-79.5,America/New_York,SC,0,0,0|0|0|0,slight chance · thunderstorms · none · none / slight chance · thunderstorms · none · none
33.75,-79.25,America/New_York,SC,0,0,0|0|0|0,slight chance · thunderstorms · none · none / slight chance · thunderstorms · none · none
33.75,-79,America/New_York,SC,0,0,0|0|0|0,slight chance · rain showers · light · none / slight chance · thunderstorms · none · none / slight chance · thunderstorms · none · none
34,-91.5,America/Chicago,AR,0,0,0|0|0|0,
34,-91.25,America/Chicago,AR,0,0,0|0|0|0,
34,-91,America/Chicago,AR,0,0,0|0|0|0,
34,-90.75,America/Chicago,MS,0,0,0|0|0|0,
34,-90.5,America/Chicago,MS,0,0,0|0|0|0,
34,-90.25,America/Chicago,MS,0,0,0|0|0|0,
34,-90,America/Chicago,MS,0,0,0|0|0|0,
34,-89.75,America/Chicago,MS,0,0,0|0|0|0,
34,-89.5,America/Chicago,MS,0,0,0|0|0|0,
34,-89.25,America/Chicago,MS,0,0,0|0|0|0,
34,-89,America/Chicago,MS,0,0,0|0|0|0,
34,-88.75,America/Chicago,MS,0,0,0|0|0|0,
34,-88.5,America/Chicago,MS,0,0,0|0|0|0,
34,-88.25,America/Chicago,MS,0,0,0|0|0|0,
34,-88,America/Chicago,AL,0,0,0|0|0|0,
34,-87.75,America/Chicago,AL,0,0,0|0|0|0,
34,-87.5,America/Chicago,AL,0,0,0|0|0|0,
34,-87.25,America/Chicago,AL,0,0.06,0|0|0|0,
34,-87,America/Chicago,AL,0,0.19,0|0|0|0,
34,-86.75,America/Chicago,AL,0,0.19,0|0|0|0,
34,-86.5,America/Chicago,AL,0,0.06,0|0|0|0,
34,-86.25,America/Chicago,AL,0,0,0|0|0|0,
34,-86,America/Chicago,AL,0,0.13,0|0|0|0,
34,-85.75,America/Chicago,AL,0,0.31,1|0|0|0,
34,-85.5,America/Chicago,AL,0,0.31,0|0|0|0,
34,-85.25,America/New_York,GA,0,0.19,0|0|0|0,
34,-85,America/New_York,GA,0,0.06,0|0|1|0,
34,-84.75,America/New_York,GA,0,0,1|1|0|0,
34,-84.5,America/New_York,GA,0,0.06,1|1|0|0,
34,-84.25,America/New_York,GA,0,0.13,1|1|0|0,
34,-84,America/New_York,GA,0,0.06,1|1|0|0,
34,-83.75,America/New_York,GA,0,0,1|0|0|0,
34,-83.5,America/New_York,GA,0,0,1|0|0|0,
34,-83.25,America/New_York,GA,0,0,0|0|0|0,
34,-83,America/New_York,GA,0,0,0|0|0|0,
34,-82.75,America/New_York,GA,0,0,0|0|0|0,
34,-82.5,America/New_York,SC,0,0,0|0|0|0,
34,-82.25,America/New_York,SC,0,0,0|0|0|0,
34,-82,America/New_York,SC,0,0,0|0|0|0,
34,-81.75,America/New_York,SC,0,0,0|0|0|0,
34,-81.5,America/New_York,SC,0,0,0|0|0|0,
34,-81.25,America/New_York,SC,0,0,0|0|0|0,
34,-81,America/New_York,SC,0,0,0|0|0|0,
34,-80.75,America/New_York,SC,0,0,0|0|0|0,
34,-80.5,America/New_York,SC,0,0,0|0|0|0,
34,-80.25,America/New_York,SC,0,0,0|0|0|0,
34,-80,America/New_York,SC,0,0,0|0|0|0,
34,-79.75,America/New_York,SC,0,0,0|0|0|0,
34,-79.5,America/New_York,SC,0,0,0|0|0|0,
34,-79.25,America/New_York,SC,0,0,0|0|0|0,
34,-79,America/New_York,SC,0,0,0|0|0|0,slight chance · thunderstorms · none · none
34,-78.75,America/New_York,SC,0,0,0|0|0|0,slight chance · thunderstorms · none · none / slight chance · thunderstorms · none · none
34,-78.5,America/New_York,NC,0,0,0|0|0|0,slight chance · thunderstorms · none · none / slight chance · thunderstorms · none · none
34,-78.25,America/New_York,NC,0,0,0|0|0|0,slight chance · rain showers · light · none / chance · thunderstorms · none · none / chance · thunderstorms · none · none
34,-78,America/New_York,NC,0,0,0|0|0|0,slight chance · rain showers · light · none / slight chance · rain showers · light · none / chance · thunderstorms · none · none / chance · thunderstorms · none · none
34.25,-91.5,America/Chicago,AR,0,0,0|0|0|0,
34.25,-91.25,America/Chicago,AR,0,0,0|0|0|0,
34.25,-91,America/Chicago,AR,0,0,0|0|0|0,
34.25,-90.75,America/Chicago,MS,0,0,0|0|0|0,
34.25,-90.5,America/Chicago,MS,0,0,0|0|0|0,
34.25,-90.25,America/Chicago,MS,0,0,0|0|0|0,
34.25,-90,America/Chicago,MS,0,0,0|0|0|0,
34.25,-89.75,America/Chicago,MS,0,0,0|0|0|0,
34.25,-89.5,America/Chicago,MS,0,0,0|0|0|0,
34.25,-89.25,America/Chicago,MS,0,0,0|0|0|0,
34.25,-89,America/Chicago,MS,0,0,0|0|0|0,
34.25,-88.75,America/Chicago,MS,0,0,0|0|0|0,
34.25,-88.5,America/Chicago,MS,0,0,0|0|0|0,
34.25,-88.25,America/Chicago,MS,0,0,0|0|0|0,
34.25,-88,America/Chicago,AL,0,0,0|0|0|0,
34.25,-87.75,America/Chicago,AL,0,0.06,0|0|0|0,
34.25,-87.5,America/Chicago,AL,0,0.19,0|0|0|0,
34.25,-87.25,America/Chicago,AL,0,0.38,1|0|0|0,
34.25,-87,America/Chicago,AL,1,0.63,1|1|1|0,
34.25,-86.75,America/Chicago,AL,1,0.56,1|1|1|0,
34.25,-86.5,America/Chicago,AL,0,0.19,0|0|0|0,
34.25,-86.25,America/Chicago,AL,0,0.06,0|0|0|0,
34.25,-86,America/Chicago,AL,0,0.31,0|0|0|0,
34.25,-85.75,America/Chicago,AL,1,0.56,1|1|1|1,
34.25,-85.5,America/Chicago,AL,0,0.63,0|1|0|0,
34.25,-85.25,America/New_York,GA,1,0.5,2|1|2|1,
34.25,-85,America/New_York,GA,0,0.19,0|0|0|0,
34.25,-84.75,America/New_York,GA,0,0.06,1|1|0|0,
34.25,-84.5,America/New_York,GA,0,0.25,0|0|0|0,
34.25,-84.25,America/New_York,GA,1,0.31,2|1|1|1,
34.25,-84,America/New_York,GA,0,0.13,1|0|0|0,
34.25,-83.75,America/New_York,GA,0,0,2|0|0|0,
34.25,-83.5,America/New_York,GA,0,0,1|0|0|0,
34.25,-83.25,America/New_York,GA,0,0,0|0|0|0,
34.25,-83,America/New_York,GA,0,0,1|1|0|0,
34.25,-82.75,America/New_York,GA,0,0,1|1|0|0,
34.25,-82.5,America/New_York,SC,0,0.06,1|1|0|0,
34.25,-82.25,America/New_York,SC,0,0.19,0|0|0|0,
34.25,-82,America/New_York,SC,0,0.19,1|0|0|0,
34.25,-81.75,America/New_York,SC,0,0.06,1|0|0|0,
34.25,-81.5,America/New_York,SC,0,0,0|0|0|0,
34.25,-81.25,America/New_York,SC,0,0,0|0|0|0,
34.25,-81,America/New_York,SC,0,0,0|0|0|0,
34.25,-80.75,America/New_York,SC,0,0,0|0|0|0,
34.25,-80.5,America/New_York,SC,0,0,0|0|0|0,
34.25,-80.25,America/New_York,SC,0,0,0|0|0|0,
34.25,-80,America/New_York,SC,0,0,0|0|0|0,
34.25,-79.75,America/New_York,SC,0,0,0|0|0|0,
34.25,-79.5,America/New_York,SC,0,0,0|0|0|0,
34.25,-79.25,America/New_York,SC,0,0,0|0|0|0,
34.25,-79,America/New_York,NC,0,0,0|0|0|0,
34.25,-78.75,America/New_York,NC,0,0,0|0|0|0,slight chance · thunderstorms · none · none / slight chance · thunderstorms · none · none
34.25,-78.5,America/New_York,NC,0,0,0|0|0|0,slight chance · thunderstorms · none · none / slight chance · thunderstorms · none · none
34.25,-78.25,America/New_York,NC,0,0,0|0|0|0,slight chance · rain showers · light · none / slight chance · thunderstorms · none · none / slight chance · thunderstorms · none · none
34.25,-78,America/New_York,NC,0,0,0|0|0|0,slight chance · rain showers · light · none / chance · thunderstorms · none · none / slight chance · thunderstorms · none · none
34.5,-91.5,America/Chicago,AR,0,0,0|0|0|0,
34.5,-91.25,America/Chicago,AR,0,0,0|0|0|0,
34.5,-91,America/Chicago,AR,0,0,0|0|0|0,
34.5,-90.75,America/Chicago,AR,0,0,0|0|0|0,
34.5,-90.5,America/Chicago,MS,0,0,0|0|0|0,
34.5,-90.25,America/Chicago,MS,0,0,0|0|0|0,
34.5,-90,America/Chicago,MS,0,0,0|0|0|0,
34.5,-89.75,America/Chicago,MS,0,0,0|0|0|0,
34.5,-89.5,America/Chicago,MS,0,0,0|0|0|0,
34.5,-89.25,America/Chicago,MS,0,0,0|0|0|0,
34.5,-89,America/Chicago,MS,0,0,0|0|0|0,
34.5,-88.75,America/Chicago,MS,0,0,0|0|0|0,
34.5,-88.5,America/Chicago,MS,0,0,0|0|0|0,
34.5,-88.25,America/Chicago,MS,0,0,0|0|0|0,
34.5,-88,America/Chicago,AL,0,0,0|0|0|0,
34.5,-87.75,America/Chicago,AL,0,0.13,0|0|0|0,
34.5,-87.5,America/Chicago,AL,1,0.38,1|1|1|0,
34.5,-87.25,America/Chicago,AL,1,0.56,2|1|1|0,
34.5,-87,America/Chicago,AL,1,0.69,2|1|1|1,
34.5,-86.75,America/Chicago,AL,1,0.56,1|1|0|1,
34.5,-86.5,America/Chicago,AL,0,0.19,0|0|0|0,
34.5,-86.25,America/Chicago,AL,0,0.13,1|1|0|0,
34.5,-86,America/Chicago,AL,1,0.5,2|2|1|1,
34.5,-85.75,America/Chicago,AL,1,0.94,2|2|1|1,
34.5,-85.5,America/New_York,GA,2,1.06,3|3|2|1,
34.5,-85.25,America/New_York,GA,1,0.75,2|1|1|0,
34.5,-85,America/New_York,GA,0,0.38,1|1|0|0,
34.5,-84.75,America/New_York,GA,0,0.38,1|1|0|0,
34.5,-84.5,America/New_York,GA,1,0.56,1|1|1|1,
34.5,-84.25,America/New_York,GA,0,0.63,2|0|0|0,
34.5,-84,America/New_York,GA,0,0.69,2|0|0|0,
34.5,-83.75,America/New_York,GA,0,0.63,2|1|0|0,
34.5,-83.5,America/New_York,GA,0,0.38,0|0|0|0,
34.5,-83.25,America/New_York,GA,0,0.19,2|0|0|0,
34.5,-83,America/New_York,SC,0,0.13,2|1|0|0,
34.5,-82.75,America/New_York,SC,0,0.19,2|1|0|0,
34.5,-82.5,America/New_York,SC,0,0.38,3|1|0|0,
34.5,-82.25,America/New_York,SC,1,0.63,2|1|1|0,
34.5,-82,America/New_York,SC,1,0.63,2|1|0|1,
34.5,-81.75,America/New_York,SC,0,0.38,2|0|0|0,
34.5,-81.5,America/New_York,SC,0,0.19,1|1|0|0,
34.5,-81.25,America/New_York,SC,0,0.13,0|1|0|0,
34.5,-81,America/New_York,SC,0,0.13,0|0|0|0,
34.5,-80.75,America/New_York,SC,0,0.06,1|0|0|0,
34.5,-80.5,America/New_York,SC,0,0,1|0|0|0,
34.5,-80.25,America/New_York,SC,0,0.06,1|0|0|0,
34.5,-80,America/New_York,SC,0,0.13,0|0|0|0,
34.5,-79.75,America/New_York,SC,0,0.13,0|0|0|0,
34.5,-79.5,America/New_York,SC,0,0.13,0|0|0|0,
34.5,-79.25,America/New_York,NC,0,0.06,0|0|0|0,
34.5,-79,America/New_York,NC,0,0,0|0|0|0,
34.5,-78.75,America/New_York,NC,0,0,0|0|0|0,
34.5,-78.5,America/New_York,NC,0,0,0|0|0|0,slight chance · thunderstorms · none · none
34.5,-78.25,America/New_York,NC,0,0,0|0|0|0,slight chance · thunderstorms · none · none / slight chance · thunderstorms · none · none
34.5,-78,America/New_York,NC,0,0,0|0|0|0,slight chance · thunderstorms · none · none / slight chance · thunderstorms · none · none
34.5,-77.75,America/New_York,NC,0,0,0|0|0|0,slight chance · thunderstorms · none · none / slight chance · thunderstorms · none · none
34.5,-77.5,America/New_York,NC,0,0,0|0|0|0,slight chance · thunderstorms · none · none / slight chance · thunderstorms · none · none
34.75,-91.5,America/Chicago,AR,0,0,0|0|0|0,
34.75,-91.25,America/Chicago,AR,0,0,0|0|0|0,
34.75,-91,America/Chicago,AR,0,0,0|0|0|0,
34.75,-90.75,America/Chicago,AR,0,0,0|0|0|0,
34.75,-90.5,America/Chicago,AR,0,0,0|0|0|0,
34.75,-90.25,America/Chicago,MS,0,0,0|0|0|0,
34.75,-90,America/Chicago,MS,0,0,0|0|0|0,
34.75,-89.75,America/Chicago,MS,0,0,0|0|0|0,
34.75,-89.5,America/Chicago,MS,0,0,0|0|0|0,
34.75,-89.25,America/Chicago,MS,0,0,0|0|0|0,
34.75,-89,America/Chicago,MS,0,0,0|0|0|0,
34.75,-88.75,America/Chicago,MS,0,0,0|0|0|0,
34.75,-88.5,America/Chicago,MS,0,0,0|0|0|0,
34.75,-88.25,America/Chicago,MS,0,0,0|0|0|0,
34.75,-88,America/Chicago,AL,0,0,0|0|0|0,
34.75,-87.75,America/Chicago,AL,0,0.06,0|0|0|0,
34.75,-87.5,America/Chicago,AL,0,0.19,1|1|0|0,
34.75,-87.25,America/Chicago,AL,0,0.25,0|0|0|0,
34.75,-87,America/Chicago,AL,0,0.25,1|1|0|0,
34.75,-86.75,America/Chicago,AL,0,0.19,1|1|0|0,
34.75,-86.5,America/Chicago,AL,0,0.06,1|1|0|0,
34.75,-86.25,America/Chicago,AL,0,0.13,0|1|0|0,
34.75,-86,America/Chicago,AL,0,0.5,0|0|0|0,
34.75,-85.75,America/Chicago,AL,1,0.94,2|2|1|1,
34.75,-85.5,America/New_York,GA,1,0.94,2|1|1|0,
34.75,-85.25,America/New_York,GA,0,0.63,2|1|0|0,
34.75,-85,America/New_York,GA,1,0.56,2|1|1|1,
34.75,-84.75,America/New_York,GA,1,0.88,1|0|1|1,
34.75,-84.5,America/New_York,GA,1,1.19,3|3|1|1,
34.75,-84.25,America/New_York,GA,1,1.25,3|3|1|1,
34.75,-84,America/New_York,GA,3,1.5,3|3|3|3,
34.75,-83.75,America/New_York,GA,3,1.69,3|3|3|2,
34.75,-83.5,America/New_York,GA,1,1.5,3|3|1|1,
34.75,-83.25,America/New_York,SC,1,1.19,3|1|1|1,
34.75,-83,America/New_York,SC,0,0.88,2|0|0|0,
34.75,-82.75,America/New_York,SC,1,0.75,2|1|1|0,
34.75,-82.5,America/New_York,SC,1,0.81,1|1|1|0,
34.75,-82.25,America/New_York,SC,1,0.94,2|1|1|0,
34.75,-82,America/New_York,SC,1,0.94,3|1|1|0,
34.75,-81.75,America/New_York,SC,1,0.81,3|1|1|1,
34.75,-81.5,America/New_York,SC,1,0.63,2|1|1|0,
34.75,-81.25,America/New_York,SC,0,0.5,2|1|0|0,
34.75,-81,America/New_York,SC,1,0.5,1|1|1|0,
34.75,-80.75,America/New_York,SC,0,0.31,2|0|0|0,
34.75,-80.5,America/New_York,SC,0,0.06,2|0|0|0,
34.75,-80.25,America/New_York,SC,0,0.19,2|1|0|0,
34.75,-80,America/New_York,SC,1,0.44,1|1|1|1,
34.75,-79.75,America/New_York,SC,0,0.56,1|0|0|0,
34.75,-79.5,America/New_York,NC,1,0.69,1|1|1|1,
34.75,-79.25,America/New_York,NC,0,0.56,0|0|0|0,
34.75,-79,America/New_York,NC,0,0.25,0|0|0|0,
34.75,-78.75,America/New_York,NC,0,0.06,0|0|0|0,
34.75,-78.5,America/New_York,NC,0,0,0|0|0|0,
34.75,-78.25,America/New_York,NC,0,0,0|0|0|0,
34.75,-78,America/New_York,NC,0,0,0|0|0|0,
34.75,-77.75,America/New_York,NC,0,0,0|0|0|0,
34.75,-77.5,America/New_York,NC,0,0,0|0|0|0,
34.75,-77.25,America/New_York,NC,0,0,0|0|0|0,
34.75,-77,America/New_York,NC,0,0,0|0|0|0,
34.75,-76.75,America/New_York,NC,0,0,0|0|0|0,
34.75,-76.5,America/New_York,NC,0,0,0|0|0|0,slight chance · thunderstorms · none · none
35,-91.5,America/Chicago,AR,0,0,0|0|0|0,
35,-91.25,America/Chicago,AR,0,0,0|0|0|0,
35,-91,America/Chicago,AR,0,0,0|0|0|0,
35,-90.75,America/Chicago,AR,0,0,0|0|0|0,
35,-90.5,America/Chicago,AR,0,0,0|0|0|0,
35,-90.25,America/Chicago,TN,0,0,0|0|0|0,
35,-90,America/Chicago,TN,0,0,0|0|0|0,
35,-89.75,America/Chicago,TN,0,0,0|0|0|0,
35,-89.5,America/Chicago,TN,0,0,0|0|0|0,
35,-89.25,America/Chicago,TN,0,0,0|0|0|0,
35,-89,America/Chicago,TN,0,0,0|0|0|0,
35,-88.75,America/Chicago,TN,0,0,0|0|0|0,
35,-88.5,America/Chicago,TN,0,0,0|0|0|0,
35,-88.25,America/Chicago,TN,0,0,0|0|0|0,
35,-88,America/Chicago,AL,0,0,0|0|0|0,
35,-87.75,America/Chicago,AL,0,0,0|0|0|0,
35,-87.5,America/Chicago,AL,0,0.06,0|0|0|0,
35,-87.25,America/Chicago,TN,0,0.13,1|0|0|0,
35,-87,America/Chicago,TN,0,0.13,0|0|0|0,
35,-86.75,America/Chicago,TN,0,0.13,1|0|0|0,
35,-86.5,America/Chicago,TN,0,0.06,1|1|0|0,
35,-86.25,America/Chicago,TN,0,0.13,2|1|0|0,
35,-86,America/Chicago,TN,1,0.5,1|2|1|0,
35,-85.75,America/Chicago,TN,1,0.88,2|2|1|1,
35,-85.5,America/Chicago,TN,1,0.75,2|1|1|1,
35,-85.25,America/New_York,TN,0,0.5,2|1|0|0,
35,-85,America/New_York,TN,1,0.56,2|1|1|1,
35,-84.75,America/New_York,TN,0,1,1|1|0|0,
35,-84.5,America/New_York,TN,4,1.56,4|4|4|4,
35,-84.25,America/New_York,NC,1,1.69,4|1|1|1,
35,-84,America/New_York,NC,1,1.94,3|1|1|1,
35,-83.75,America/New_York,NC,1,2.5,3|2|1|1,
35,-83.5,America/New_York,NC,4,2.88,4|4|4|4,
35,-83.25,America/New_York,NC,3,2.81,3|3|3|3,
35,-83,America/New_York,SC,3,2.31,3|3|3|3,
35,-82.75,America/New_York,SC,1,1.75,3|1|1|1,
35,-82.5,America/New_York,SC,1,1.44,3|1|1|1,
35,-82.25,America/New_York,SC,1,1.25,3|1|1|1,
35,-82,America/New_York,SC,1,1.06,3|1|1|1,
35,-81.75,America/New_York,SC,1,1,3|1|1|1,
35,-81.5,America/New_York,SC,1,0.94,3|1|1|1,
35,-81.25,America/New_York,SC,1,0.94,3|1|1|1,
35,-81,America/New_York,SC,1,1.06,1|1|1|0,
35,-80.75,America/New_York,NC,1,0.88,3|1|1|0,
35,-80.5,America/New_York,NC,0,0.44,1|1|0|0,
35,-80.25,America/New_York,NC,0,0.44,3|1|0|0,
35,-80,America/New_York,NC,1,0.75,3|2|1|0,
35,-79.75,America/New_York,NC,1,1.06,2|2|1|0,
35,-79.5,America/New_York,NC,2,1.38,3|2|2|1,
35,-79.25,America/New_York,NC,2,1.25,2|2|2|1,
35,-79,America/New_York,NC,1,0.81,1|0|1|1,
35,-78.75,America/New_York,NC,0,0.44,1|0|0|1,
35,-78.5,America/New_York,NC,0,0.13,1|0|0|0,
35,-78.25,America/New_York,NC,0,0,0|0|0|0,
35,-78,America/New_York,NC,0,0,0|0|0|0,
35,-77.75,America/New_York,NC,0,0,0|0|0|0,
35,-77.5,America/New_York,NC,0,0,0|0|0|0,
35,-77.25,America/New_York,NC,0,0,0|0|0|0,
35,-77,America/New_York,NC,0,0,0|0|0|0,
35,-76.75,America/New_York,NC,0,0,0|0|0|0,
35,-76.5,America/New_York,NC,0,0,0|0|0|0,
35.25,-91.5,America/Chicago,AR,0,0,0|0|0|0,
35.25,-91.25,America/Chicago,AR,0,0,0|0|0|0,
35.25,-91,America/Chicago,AR,0,0,0|0|0|0,
35.25,-90.75,America/Chicago,AR,0,0,0|0|0|0,
35.25,-90.5,America/Chicago,AR,0,0,0|0|0|0,
35.25,-90.25,America/Chicago,AR,0,0,0|0|0|0,
35.25,-90,America/Chicago,TN,0,0,0|0|0|0,
35.25,-89.75,America/Chicago,TN,0,0,0|0|0|0,
35.25,-89.5,America/Chicago,TN,0,0,0|0|0|0,
35.25,-89.25,America/Chicago,TN,0,0,0|0|0|0,
35.25,-89,America/Chicago,TN,0,0,0|0|0|0,
35.25,-88.75,America/Chicago,TN,0,0,0|0|0|0,
35.25,-88.5,America/Chicago,TN,0,0,0|0|0|0,
35.25,-88.25,America/Chicago,TN,0,0,0|0|0|0,
35.25,-88,America/Chicago,TN,0,0,0|0|0|0,
35.25,-87.75,America/Chicago,TN,0,0,0|0|0|0,
35.25,-87.5,America/Chicago,TN,0,0.19,1|0|0|0,
35.25,-87.25,America/Chicago,TN,1,0.38,1|1|1|0,
35.25,-87,America/Chicago,TN,0,0.31,1|1|0|0,
35.25,-86.75,America/Chicago,TN,1,0.25,2|2|1|0,
35.25,-86.5,America/Chicago,TN,0,0.13,2|1|0|0,
35.25,-86.25,America/Chicago,TN,0,0.13,1|1|0|0,
35.25,-86,America/Chicago,TN,0,0.5,1|1|0|0,
35.25,-85.75,America/Chicago,TN,1,0.88,3|1|1|1,
35.25,-85.5,America/Chicago,TN,1,0.81,1|1|1|1,
35.25,-85.25,America/New_York,TN,0,0.56,2|1|0|0,
35.25,-85,America/New_York,TN,1,0.5,2|1|1|0,
35.25,-84.75,America/New_York,TN,0,0.75,2|1|0|0,
35.25,-84.5,America/New_York,TN,1,1.19,4|3|1|1,
35.25,-84.25,America/New_York,NC,1,1.5,3|1|1|1,
35.25,-84,America/New_York,NC,4,2.19,4|4|4|4,
35.25,-83.75,America/New_York,NC,4,3.19,4|4|4|4,
35.25,-83.5,America/New_York,NC,4,3.75,4|4|4|4,
35.25,-83.25,America/New_York,NC,4,3.75,4|4|4|4,
35.25,-83,America/New_York,NC,4,3.38,4|4|4|4,
35.25,-82.75,America/New_York,NC,3,2.88,3|3|3|3,
35.25,-82.5,America/New_York,NC,3,2.44,3|3|3|3,
35.25,-82.25,America/New_York,NC,2,1.88,3|3|2|1,
35.25,-82,America/New_York,NC,1,1.38,3|1|1|1,
35.25,-81.75,America/New_York,NC,1,1.25,3|3|1|1,
35.25,-81.5,America/New_York,NC,1,1.13,4|1|1|1,
35.25,-81.25,America/New_York,NC,1,1.19,3|1|1|1,
35.25,-81,America/New_York,NC,2,1.56,3|2|2|0,
35.25,-80.75,America/New_York,NC,2,1.56,3|2|2|1,
35.25,-80.5,America/New_York,NC,1,1.19,3|1|2|1,
35.25,-80.25,America/New_York,NC,1,1.06,3|1|1|2,
35.25,-80,America/New_York,NC,1,1.13,3|1|0|1,
35.25,-79.75,America/New_York,NC,1,1.31,3|1|1|2,
35.25,-79.5,America/New_York,NC,2,1.63,3|2|2|2,
35.25,-79.25,America/New_York,NC,1,1.5,1|2|2|1,
35.25,-79,America/New_York,NC,1,1.19,2|1|2|1,
35.25,-78.75,America/New_York,NC,2,1,2|2|2|2,
35.25,-78.5,America/New_York,NC,0,0.69,1|0|0|1,
35.25,-78.25,America/New_York,NC,0,0.44,1|0|0|0,
35.25,-78,America/New_York,NC,0,0.25,1|0|0|0,
35.25,-77.75,America/New_York,NC,0,0.06,0|0|0|0,
35.25,-77.5,America/New_York,NC,0,0,0|0|0|0,
35.25,-77.25,America/New_York,NC,0,0,0|0|0|0,
35.25,-77,America/New_York,NC,0,0,0|0|0|0,
35.25,-76.75,America/New_York,NC,0,0,0|0|0|0,
35.25,-76.5,America/New_York,NC,0,0,0|0|0|0,
35.5,-91.5,America/Chicago,AR,0,0,0|0|0|0,
35.5,-91.25,America/Chicago,AR,0,0,0|0|0|0,
35.5,-91,America/Chicago,AR,0,0,0|0|0|0,
35.5,-90.75,America/Chicago,AR,0,0,0|0|0|0,
35.5,-90.5,America/Chicago,AR,0,0,0|0|0|0,
35.5,-90.25,America/Chicago,AR,0,0,0|0|0|0,
35.5,-90,America/Chicago,TN,0,0,0|0|0|0,
35.5,-89.75,America/Chicago,TN,0,0,0|0|0|0,
35.5,-89.5,America/Chicago,TN,0,0,0|0|0|0,
35.5,-89.25,America/Chicago,TN,0,0,0|0|0|0,
35.5,-89,America/Chicago,TN,0,0,0|0|0|0,
35.5,-88.75,America/Chicago,TN,0,0,0|0|0|0,
35.5,-88.5,America/Chicago,TN,0,0,1|0|0|0,
35.5,-88.25,America/Chicago,TN,0,0,0|0|0|0,
35.5,-88,America/Chicago,TN,0,0,1|0|0|0,
35.5,-87.75,America/Chicago,TN,0,0,0|0|0|0,
35.5,-87.5,America/Chicago,TN,0,0.19,0|0|0|0,
35.5,-87.25,America/Chicago,TN,1,0.38,1|1|1|0,
35.5,-87,America/Chicago,TN,0,0.25,2|1|0|0,
35.5,-86.75,America/Chicago,TN,0,0.13,1|0|0|0,
35.5,-86.5,America/Chicago,TN,0,0.13,1|0|0|0,
35.5,-86.25,America/Chicago,TN,0,0.31,1|0|0|0,
35.5,-86,America/Chicago,TN,1,0.69,1|1|1|1,
35.5,-85.75,America/Chicago,TN,1,0.94,1|1|1|1,
35.5,-85.5,America/Chicago,TN,1,0.94,3|1|1|1,
35.5,-85.25,America/Chicago,TN,1,0.88,1|0|1|1,
35.5,-85,America/New_York,TN,0,0.81,2|0|0|0,
35.5,-84.75,America/New_York,TN,1,0.75,3|1|1|1,
35.5,-84.5,America/New_York,TN,1,0.94,3|1|1|1,
35.5,-84.25,America/New_York,TN,1,1.19,2|1|1|1,
35.5,-84,America/New_York,TN,0,1.88,1|0|0|0,
35.5,-83.75,America/New_York,NC,4,3,4|4|4|4,
35.5,-83.5,America/New_York,NC,4,3.56,4|4|4|3,
35.5,-83.25,America/New_York,NC,4,3.69,4|4|4|4,
35.5,-83,America/New_York,NC,3,3.69,4|4|3|2,
35.5,-82.75,America/New_York,NC,4,3.56,4|4|4|4,
35.5,-82.5,America/New_York,NC,3,3.31,3|3|3|3,
35.5,-82.25,America/New_York,NC,3,2.69,4|3|3|3,
35.5,-82,America/New_York,NC,1,2.06,3|2|1|1,
35.5,-81.75,America/New_York,NC,3,1.88,4|4|3|1,
35.5,-81.5,America/New_York,NC,1,1.69,4|4|1|1,
35.5,-81.25,America/New_York,NC,1,1.69,3|3|1|1,
35.5,-81,America/New_York,NC,2,2.06,3|3|2|1,
35.5,-80.75,America/New_York,NC,2,2.13,3|2|2|1,
35.5,-80.5,America/New_York,NC,2,1.88,3|3|2|1,
35.5,-80.25,America/New_York,NC,2,1.75,3|2|2|1,
35.5,-80,America/New_York,NC,2,1.63,3|1|2|2,
35.5,-79.75,America/New_York,NC,1,1.5,3|1|1|1,
35.5,-79.5,America/New_York,NC,2,1.63,3|2|1|2,
35.5,-79.25,America/New_York,NC,2,1.63,3|2|2|2,
35.5,-79,America/New_York,NC,1,1.44,3|2|1|1,
35.5,-78.75,America/New_York,NC,1,1.38,3|1|2|1,
35.5,-78.5,America/New_York,NC,2,1.38,3|2|2|2,
35.5,-78.25,America/New_York,NC,2,1.25,2|2|1|2,
35.5,-78,America/New_York,NC,1,0.88,1|0|1|2,
35.5,-77.75,America/New_York,NC,0,0.5,1|0|0|0,
35.5,-77.5,America/New_York,NC,0,0.25,0|0|0|0,
35.5,-77.25,America/New_York,NC,0,0.07,0|0|0|0,
35.5,-76.75,America/New_York,NC,0,0,0|0|0|0,
35.5,-76.5,America/New_York,NC,0,0,0|0|0|0,
35.5,-76.25,America/New_York,NC,0,0,0|0|0|0,
35.5,-76,America/New_York,NC,0,0,0|0|0|0,
35.75,-91.5,America/Chicago,AR,0,0,0|0|0|0,
35.75,-91.25,America/Chicago,AR,0,0,0|0|0|0,
35.75,-91,America/Chicago,AR,0,0,0|0|0|0,
35.75,-90.75,America/Chicago,AR,0,0,0|0|0|0,
35.75,-90.5,America/Chicago,AR,0,0,0|0|0|0,
35.75,-90.25,America/Chicago,AR,0,0,0|0|0|0,
35.75,-90,America/Chicago,AR,0,0,0|0|0|0,
35.75,-89.75,America/Chicago,TN,0,0,0|0|0|0,
35.75,-89.5,America/Chicago,TN,0,0,0|0|0|0,
35.75,-89.25,America/Chicago,TN,0,0,0|0|0|0,
35.75,-89,America/Chicago,TN,0,0,0|0|0|0,
35.75,-88.75,America/Chicago,TN,0,0,0|0|0|0,
35.75,-88.5,America/Chicago,TN,0,0,0|0|0|0,
35.75,-88.25,America/Chicago,TN,0,0,1|1|0|0,
35.75,-88,America/Chicago,TN,0,0,0|0|0|0,
35.75,-87.75,America/Chicago,TN,0,0,1|0|1|0,
35.75,-87.5,America/Chicago,TN,0,0.06,0|0|0|0,
35.75,-87.25,America/Chicago,TN,0,0.13,0|0|0|0,
35.75,-87,America/Chicago,TN,0,0.06,0|0|0|0,
35.75,-86.75,America/Chicago,TN,0,0.06,1|0|0|1,
35.75,-86.5,America/Chicago,TN,0,0.25,1|0|0|0,
35.75,-86.25,America/Chicago,TN,1,0.56,1|1|1|0,
35.75,-86,America/Chicago,TN,1,0.88,2|1|1|1,
35.75,-85.75,America/Chicago,TN,1,1,1|1|1|1,
35.75,-85.5,America/Chicago,TN,1,1.13,3|1|1|1,
35.75,-85.25,America/Chicago,TN,1,1.44,3|1|1|1,
35.75,-85,America/Chicago,TN,3,1.38,3|3|3|1,
35.75,-84.75,America/New_York,TN,0,1,2|0|0|1,
35.75,-84.5,America/New_York,TN,1,1.19,3|1|2|1,
35.75,-84.25,America/New_York,TN,2,1.44,2|1|2|2,
35.75,-84,America/New_York,TN,1,1.63,2|1|1|2,
35.75,-83.75,America/New_York,TN,3,2.06,3|3|3|3,
35.75,-83.5,America/New_York,TN,1,2.38,3|1|1|1,
35.75,-83.25,America/New_York,TN,4,2.88,4|4|4|4,
35.75,-83,America/New_York,NC,4,3.44,4|4|4|4,
35.75,-82.75,America/New_York,NC,4,3.75,4|4|4|4,
35.75,-82.5,America/New_York,NC,4,3.75,4|4|4|4,
35.75,-82.25,America/New_York,NC,4,3.38,4|4|4|4,
35.75,-82,America/New_York,NC,3,2.88,3|3|3|2,
35.75,-81.75,America/New_York,NC,2,2.5,3|3|1|2,
35.75,-81.5,America/New_York,NC,3,2.38,3|3|3|2,
35.75,-81.25,America/New_York,NC,3,2.5,4|4|3|1,
35.75,-81,America/New_York,NC,3,2.69,4|3|3|1,
35.75,-80.75,America/New_York,NC,3,2.63,3|3|3|1,
35.75,-80.5,America/New_York,NC,2,2.31,3|3|2|1,
35.75,-80.25,America/New_York,NC,2,2.06,4|3|2|1,
35.75,-80,America/New_York,NC,2,2,4|2|2|1,
35.75,-79.75,America/New_York,NC,2,1.81,4|3|2|1,
35.75,-79.5,America/New_York,NC,1,1.56,3|3|1|1,
35.75,-79.25,America/New_York,NC,2,1.56,3|3|1|2,
35.75,-79,America/New_York,NC,2,1.63,3|2|1|2,
35.75,-78.75,America/New_York,NC,2,1.63,3|3|1|2,
35.75,-78.5,America/New_York,NC,1,1.69,3|3|1|1,
35.75,-78.25,America/New_York,NC,2,1.63,3|3|2|2,
35.75,-78,America/New_York,NC,1,1.31,3|1|1|1,
35.75,-77.75,America/New_York,NC,2,1.06,3|1|2|2,
35.75,-77.5,America/New_York,NC,1,0.75,1|1|0|1,
35.75,-77.25,America/New_York,NC,0,0.33,1|0|0|0,
35.75,-77,America/New_York,NC,0,0.07,0|0|0|0,
35.75,-76.75,America/New_York,NC,0,0,0|0|0|0,
35.75,-76.5,America/New_York,NC,0,0,0|0|0|0,
35.75,-76.25,America/New_York,NC,0,0,0|0|0|0,
35.75,-75.75,America/New_York,NC,0,0,0|0|0|0,
36,-91.5,America/Chicago,AR,0,0,0|0|0|0,
36,-91.25,America/Chicago,AR,0,0,0|0|0|0,
36,-91,America/Chicago,AR,0,0,0|0|0|0,
36,-90.75,America/Chicago,AR,0,0,0|0|0|0,
36,-90.5,America/Chicago,AR,0,0,0|0|0|0,
36,-89.75,America/Chicago,AR,0,0,0|0|0|0,
36,-89.5,America/Chicago,TN,0,0,0|0|0|0,
36,-89.25,America/Chicago,TN,0,0,0|0|0|0,
36,-89,America/Chicago,TN,0,0,0|0|0|0,
36,-88.75,America/Chicago,TN,0,0,0|0|0|0,
36,-88.5,America/Chicago,TN,0,0,0|0|0|0,
36,-88.25,America/Chicago,TN,0,0.06,0|1|0|0,
36,-88,America/Chicago,TN,0,0.13,0|0|0|0,
36,-87.75,America/Chicago,TN,0,0.13,0|0|1|0,
36,-87.5,America/Chicago,TN,0,0.13,0|0|0|0,
36,-87.25,America/Chicago,TN,0,0.06,0|0|0|1,
36,-87,America/Chicago,TN,0,0,0|0|0|1,
36,-86.75,America/Chicago,TN,0,0.19,0|0|0|0,
36,-86.5,America/Chicago,TN,1,0.5,1|1|1|1,
36,-86.25,America/Chicago,TN,0,0.69,0|0|0|0,
36,-86,America/Chicago,TN,1,0.88,1|1|1|2,
36,-85.75,America/Chicago,TN,1,1,1|1|1|2,
36,-85.5,America/Chicago,TN,1,1.25,2|1|1|2,
36,-85.25,America/Chicago,TN,3,1.63,3|3|3|1,
36,-85,America/Chicago,TN,1,1.44,3|1|1|1,
36,-84.75,America/Chicago,TN,1,1.13,3|3|1|1,
36,-84.5,America/New_York,TN,2,1.56,3|2|2|1,
36,-84.25,America/New_York,TN,2,2.06,3|2|2|2,
36,-84,America/New_York,TN,2,1.94,3|3|2|2,
36,-83.75,America/New_York,TN,1,1.63,3|1|1|2,
36,-83.5,America/New_York,TN,1,1.63,3|2|1|1,
36,-83.25,America/New_York,TN,1,2.13,3|2|1|1,
36,-83,America/New_York,TN,2,2.88,3|3|2|2,
36,-82.75,America/New_York,NC,4,3.5,4|4|4|4,
36,-82.5,America/New_York,TN,4,3.63,4|4|4|4,
36,-82.25,America/New_York,NC,3,3.5,4|4|3|3,
36,-82,America/New_York,NC,4,3.44,4|4|4|4,
36,-81.75,America/New_York,NC,3,3.13,3|3|3|3,
36,-81.5,America/New_York,NC,2,2.88,3|3|2|2,
36,-81.25,America/New_York,NC,3,2.94,4|3|3|3,
36,-81,America/New_York,NC,3,3,4|3|3|3,
36,-80.75,America/New_York,NC,3,2.88,4|3|3|1,
36,-80.5,America/New_York,NC,3,2.5,4|4|3|3,
36,-80.25,America/New_York,NC,2,2.19,4|3|2|1,
36,-80,America/New_York,NC,2,2.25,4|4|2|1,
36,-79.75,America/New_York,NC,3,2.19,4|4|3|2,
36,-79.5,America/New_York,NC,1,1.81,4|4|1|1,
36,-79.25,America/New_York,NC,1,1.69,4|3|1|1,
36,-79,America/New_York,NC,1,1.81,4|3|1|1,
36,-78.75,America/New_York,NC,2,1.88,4|3|2|2,
36,-78.5,America/New_York,NC,2,1.88,4|2|2|2,
36,-78.25,America/New_York,NC,2,1.75,3|2|2|1,
36,-78,America/New_York,NC,1,1.44,3|2|1|1,
36,-77.75,America/New_York,NC,1,1.25,3|1|1|1,
36,-77.5,America/New_York,NC,1,1.19,3|2|1|1,
36,-77.25,America/New_York,NC,1,0.88,2|1|1|1,
36,-77,America/New_York,NC,0,0.38,1|0|0|0,
36,-76.75,America/New_York,NC,0,0.07,1|0|0|0,
36.25,-91.5,America/Chicago,AR,0,0,0|0|0|0,
36.25,-91.25,America/Chicago,AR,0,0,0|0|0|0,
36.25,-91,America/Chicago,AR,0,0,0|0|0|0,
36.25,-90.75,America/Chicago,AR,0,0,0|0|0|0,
36.25,-90.5,America/Chicago,AR,0,0,0|0|0|0,
36.25,-90.25,America/Chicago,AR,0,0,0|0|0|0,
36.25,-89.5,America/Chicago,TN,0,0,0|0|0|0,
36.25,-89.25,America/Chicago,TN,0,0,0|0|0|0,
36.25,-89,America/Chicago,TN,0,0,0|0|0|0,
36.25,-88.75,America/Chicago,TN,0,0,0|0|0|0,
36.25,-88.5,America/Chicago,TN,0,0,0|0|0|0,
36.25,-88.25,America/Chicago,TN,0,0.19,0|0|0|0,
36.25,-88,America/Chicago,TN,1,0.5,0|1|1|1,
36.25,-87.75,America/Chicago,TN,0,0.56,0|0|1|0,
36.25,-87.5,America/Chicago,TN,1,0.44,1|0|1|1,
36.25,-87.25,America/Chicago,TN,0,0.25,0|0|0|1,
36.25,-87,America/Chicago,TN,0,0.06,0|0|0|1,
36.25,-86.75,America/Chicago,TN,0,0.25,1|0|0|1,
36.25,-86.5,America/Chicago,TN,1,0.69,0|1|2|1,
36.25,-86.25,America/Chicago,TN,1,0.88,0|1|1|1,
36.25,-86,America/Chicago,TN,1,0.94,0|1|1|2,
36.25,-85.75,America/Chicago,TN,1,1,1|1|1|2,
36.25,-85.5,America/Chicago,TN,1,1.13,3|1|1|2,
36.25,-85.25,America/Chicago,TN,1,1.38,1|1|1|2,
36.25,-85,America/Chicago,TN,1,1.38,3|1|1|2,
36.25,-84.75,America/New_York,TN,1,1.25,3|2|1|1,
36.25,-84.5,America/New_York,TN,1,1.81,3|1|2|1,
36.25,-84.25,America/New_York,TN,4,2.56,4|4|4|4,
36.25,-84,America/New_York,TN,2,2.31,3|3|2|2,
36.25,-83.75,America/New_York,TN,2,1.69,3|3|1|2,
36.25,-83.5,America/New_York,TN,2,1.63,3|3|1|2,
36.25,-83.25,America/New_York,TN,3,2.06,3|3|3|3,
36.25,-83,America/New_York,TN,3,2.69,3|3|3|3,
36.25,-82.75,America/New_York,TN,3,3.13,3|3|3|3,
36.25,-82.5,America/New_York,TN,3,3.19,4|4|3|3,
36.25,-82.25,America/New_York,TN,3,3.31,3|3|3|3,
36.25,-82,America/New_York,TN,4,3.69,4|4|4|4,
36.25,-81.75,America/New_York,NC,4,3.75,4|4|4|4,
36.25,-81.5,America/New_York,NC,4,3.5,4|4|4|4,
36.25,-81.25,America/New_York,NC,3,3.31,4|4|3|3,
36.25,-81,America/New_York,NC,3,3.19,4|3|3|3,
36.25,-80.75,America/New_York,NC,3,3,3|3|3|3,
36.25,-80.5,America/New_York,NC,2,2.69,4|3|2|2,
36.25,-80.25,America/New_York,NC,2,2.5,4|3|2|2,
36.25,-80,America/New_York,NC,3,2.56,4|4|3|2,
36.25,-79.75,America/New_York,NC,2,2.5,4|3|1|2,
36.25,-79.5,America/New_York,NC,3,2.31,4|4|3|2,
36.25,-79.25,America/New_York,NC,3,2.25,3|3|3|1,
36.25,-79,America/New_York,NC,3,2.13,4|4|3|1,
36.25,-78.75,America/New_York,NC,2,1.88,4|3|2|1,
36.25,-78.5,America/New_York,NC,2,1.81,4|3|2|1,
36.25,-78.25,America/New_York,NC,2,1.88,4|2|2|1,
36.25,-78,America/New_York,NC,2,1.69,3|2|2|1,
36.25,-77.75,America/New_York,NC,1,1.5,3|2|1|1,
36.25,-77.5,America/New_York,NC,2,1.63,3|3|2|2,
36.25,-77.25,America/New_York,NC,2,1.56,3|2|1|2,
36.25,-77,America/New_York,NC,1,1,2|0|1|2,
36.25,-76.75,America/New_York,NC,0,0.47,1|0|0|1,
36.25,-76.5,America/New_York,NC,0,0.23,1|0|0|0,
36.25,-76.25,America/New_York,NC,0,0.09,0|0|0|0,
36.25,-76,America/New_York,NC,0,0,0|0|0|0,
36.5,-89.5,America/Chicago,KY,0,0,0|0|0|0,
36.5,-89.25,America/Chicago,TN,0,0,0|0|0|0,
36.5,-89,America/Chicago,TN,0,0,0|0|0|0,
36.5,-88.75,America/Chicago,TN,0,0.06,0|0|0|0,
36.5,-88.5,America/Chicago,TN,0,0.19,1|0|0|0,
36.5,-88.25,America/Chicago,KY,0,0.44,1|0|0|0,
36.5,-88,America/Chicago,TN,1,0.94,1|2|1|1,
36.5,-87.75,America/Chicago,TN,2,1.19,2|2|2|2,
36.5,-87.5,America/Chicago,TN,0,1,0|0|1|1,
36.5,-87.25,America/Chicago,TN,1,0.75,1|0|1|1,
36.5,-87,America/Chicago,TN,0,0.5,0|0|1|1,
36.5,-86.75,America/Chicago,TN,0,0.56,0|0|1|2,
36.5,-86.5,America/Chicago,TN,1,0.88,1|1|2|2,
36.5,-86.25,America/Chicago,TN,1,1,1|1|2|2,
36.5,-86,America/Chicago,TN,1,1.06,1|1|2|2,
36.5,-85.75,America/Chicago,TN,1,1.13,1|1|2|2,
36.5,-85.5,America/Chicago,TN,1,1.06,1|1|2|2,
36.5,-85.25,America/Chicago,TN,1,1.25,3|1|1|2,
36.5,-85,America/Chicago,TN,3,1.56,3|3|1|3,
36.5,-84.75,America/Chicago,TN,1,1.56,3|2|1|1,
36.5,-84.5,America/New_York,TN,2,1.94,3|3|2|1,
36.5,-84.25,America/New_York,TN,3,2.56,3|3|3|3,
36.5,-84,America/New_York,TN,3,2.38,3|3|3|3,
36.5,-83.75,America/New_York,TN,1,1.88,4|3|1|1,
36.5,-83.5,America/New_York,TN,1,1.88,4|3|1|1,
36.5,-83.25,America/New_York,TN,1,2.25,4|4|1|1,
36.5,-83,America/New_York,TN,3,2.81,3|3|3|3,
36.5,-82.75,America/New_York,TN,3,3.19,3|3|3|3,
36.5,-82.5,America/New_York,TN,3,3.25,4|4|3|3,
36.5,-82.25,America/New_York,TN,3,3.44,4|4|3|3,
36.5,-82,America/New_York,TN,4,3.81,4|4|4|4,
36.5,-81.75,America/New_York,TN,4,4,4|4|4|4,
36.5,-81.5,America/New_York,NC,4,3.94,4|4|4|4,
36.5,-81.25,America/New_York,NC,4,3.81,4|4|4|4,
36.5,-81,America/New_York,NC,4,3.63,4|4|4|4,
36.5,-80.75,America/New_York,NC,3,3.44,4|4|3|3,
36.5,-80.5,America/New_York,NC,4,3.31,4|4|4|4,
36.5,-80.25,America/New_York,NC,3,3.19,4|4|3|3,
36.5,-80,America/New_York,NC,3,3.13,4|4|3|1,
36.5,-79.75,America/New_York,NC,3,2.94,4|4|3|1,
36.5,-79.5,America/New_York,NC,2,2.63,4|4|2|2,
36.5,-79.25,America/New_York,NC,2,2.44,4|3|2|2,
36.5,-79,America/New_York,NC,2,2.13,4|3|1|2,
36.5,-78.75,America/New_York,NC,1,1.69,4|3|1|1,
36.5,-78.5,America/New_York,NC,1,1.63,4|3|1|1,
36.5,-78.25,America/New_York,NC,2,1.88,4|2|2|1,
36.5,-78,America/New_York,NC,2,1.94,4|3|2|2,
36.5,-77.75,America/New_York,NC,2,1.88,4|3|2|2,
36.5,-77.5,America/New_York,NC,2,1.94,3|2|2|2,
36.5,-77.25,America/New_York,NC,2,1.94,3|1|2|2,
36.5,-77,America/New_York,NC,2,1.63,2|1|2|2,
36.5,-76.75,America/New_York,NC,1,1.19,1|1|2|2,
36.5,-76.5,America/New_York,NC,1,0.88,1|1|2|1,
36.5,-76.25,America/New_York,NC,0,0.64,1|0|0|0,
36.75,-89,America/Chicago,KY,0,0.31,1|1|0|0,
36.75,-88.75,America/Chicago,KY,0,0.5,0|0|0|0,
36.75,-88.5,America/Chicago,KY,1,0.75,1|1|1|1,
36.75,-88.25,America/Chicago,KY,1,1,1|1|0|1,
36.75,-88,America/Chicago,KY,1,1.38,1|1|1|1,
36.75,-87.75,America/Chicago,KY,2,1.69,1|2|2|2,
36.75,-87.5,America/Chicago,KY,2,1.69,1|2|2|2,
36.75,-87.25,America/Chicago,KY,2,1.5,1|2|2|2,
36.75,-87,America/Chicago,KY,1,1.31,1|1|2|1,
36.75,-86.75,America/Chicago,KY,2,1.25,2|1|2|2,
36.75,-86.5,America/Chicago,KY,1,1.19,1|1|2|1,
36.75,-86.25,America/Chicago,KY,1,1.19,3|1|2|1,
36.75,-86,America/Chicago,KY,1,1.38,1|1|2|2,
36.75,-85.75,America/Chicago,KY,2,1.44,3|1|2|2,
36.75,-85.5,America/Chicago,KY,1,1.19,3|1|2|1,
36.75,-85.25,America/Chicago,KY,1,1.13,3|1|1|2,
36.75,-85,America/Kentucky/Monticello,KY,1,1.44,2|1|1|1,
36.75,-84.75,America/Kentucky/Monticello,KY,2,1.75,3|3|2|1,
36.75,-84.5,America/New_York,KY,2,2,3|3|2|1,
36.75,-84.25,America/New_York,KY,2,2.19,3|2|2|2,
36.75,-84,America/New_York,KY,2,2.13,3|2|2|2,
36.75,-83.75,America/New_York,KY,2,2.25,4|3|2|1,
36.75,-83.5,America/New_York,KY,4,2.75,4|4|4|4,
36.75,-83.25,America/New_York,KY,3,3,3|3|3|1,
36.75,-83,America/New_York,VA,3,3.25,4|4|3|3,
36.75,-82.75,America/New_York,VA,4,3.63,4|4|4|4,
36.75,-82.5,America/New_York,VA,4,3.75,4|4|4|4,
36.75,-82.25,America/New_York,VA,4,3.81,4|4|4|4,
36.75,-82,America/New_York,VA,4,3.94,4|4|4|4,
36.75,-81.75,America/New_York,VA,4,4,4|4|4|4,
36.75,-81.5,America/New_York,VA,4,4,4|4|4|4,
36.75,-81.25,America/New_York,VA,4,4,4|4|4|4,
36.75,-81,America/New_York,VA,4,3.94,4|4|4|4,
36.75,-80.75,America/New_York,VA,4,3.88,4|4|4|4,
36.75,-80.5,America/New_York,VA,4,3.88,4|4|4|4,
36.75,-80.25,America/New_York,VA,4,3.81,4|4|4|4,
36.75,-80,America/New_York,VA,4,3.75,4|4|4|3,
36.75,-79.75,America/New_York,VA,4,3.5,4|4|4|3,
36.75,-79.5,America/New_York,VA,3,2.94,4|4|3|3,
36.75,-79.25,America/New_York,VA,3,2.44,4|4|3|1,
36.75,-79,America/New_York,VA,2,2.06,4|4|1|2,
36.75,-78.75,America/New_York,VA,2,1.81,4|4|1|2,
36.75,-78.5,America/New_York,VA,2,1.88,4|3|1|2,
36.75,-78.25,America/New_York,VA,2,2.13,4|3|1|2,
36.75,-78,America/New_York,VA,2,2.19,3|2|2|2,
36.75,-77.75,America/New_York,VA,2,2.06,3|2|2|2,
36.75,-77.5,America/New_York,VA,2,2,4|2|2|2,
36.75,-77.25,America/New_York,VA,2,2,3|2|2|2,
36.75,-77,America/New_York,VA,2,1.94,3|2|2|2,
36.75,-76.75,America/New_York,VA,2,1.8,2|2|2|2,
36.75,-76.5,America/New_York,VA,2,1.62,2|2|2|2,
36.75,-76.25,America/New_York,VA,2,1.36,1|2|2|2,
36.75,-76,America/New_York,VA,1,1.14,1|1|1|1,
37,-89,America/Chicago,KY,1,0.89,1|1|1|1,
37,-88.75,America/Chicago,KY,2,1.08,2|1|2|2,
37,-88.5,America/Chicago,KY,1,1.31,1|2|2|1,
37,-88.25,America/Chicago,KY,2,1.6,3|2|2|2,
37,-88,America/Chicago,KY,2,1.81,2|2|2|2,
37,-87.75,America/Chicago,KY,2,1.94,3|2|2|2,
37,-87.5,America/Chicago,KY,2,2,3|2|2|2,
37,-87.25,America/Chicago,KY,2,1.94,3|2|2|1,
37,-87,America/Chicago,KY,2,1.81,3|2|2|2,
37,-86.75,America/Chicago,KY,2,1.56,3|1|2|2,
37,-86.5,America/Chicago,KY,1,1.31,3|2|1|1,
37,-86.25,America/Chicago,KY,2,1.38,3|1|2|2,
37,-86,America/Chicago,KY,2,1.56,3|2|2|2,
37,-85.75,America/Chicago,KY,2,1.5,3|1|2|2,
37,-85.5,America/Chicago,KY,1,1.31,3|1|1|2,
37,-85.25,America/Chicago,KY,1,1.38,3|2|1|1,
37,-85,America/Chicago,KY,1,1.69,3|3|1|1,
37,-84.75,America/Kentucky/Monticello,KY,2,2.06,3|3|2|2,
37,-84.5,America/New_York,KY,2,2.19,3|3|2|1,
37,-84.25,America/New_York,KY,2,2.06,3|3|2|1,
37,-84,America/New_York,KY,2,2.06,4|3|2|1,
37,-83.75,America/New_York,KY,2,2.56,3|4|2|1,
37,-83.5,America/New_York,KY,4,3.25,4|4|4|3,
37,-83.25,America/New_York,KY,4,3.44,4|4|4|3,
37,-83,America/New_York,KY,4,3.56,4|4|4|4,
37,-82.75,America/New_York,VA,4,3.81,4|4|4|4,
37,-82.5,America/New_York,VA,4,3.81,4|4|4|4,
37,-82.25,America/New_York,VA,4,3.75,4|4|4|4,
37,-82,America/New_York,VA,4,3.81,4|4|4|4,
37,-81.75,America/New_York,VA,4,3.94,4|4|4|4,
37,-81.5,America/New_York,VA,4,4,4|4|4|4,
37,-81.25,America/New_York,VA,4,4,4|4|4|4,
37,-81,America/New_York,VA,4,4,4|4|4|4,
37,-80.75,America/New_York,VA,4,4,4|4|4|4,
37,-80.5,America/New_York,VA,4,4,4|4|4|4,
37,-80.25,America/New_York,VA,4,3.94,4|4|4|4,
37,-80,America/New_York,VA,4,3.81,4|4|4|3,
37,-79.75,America/New_York,VA,4,3.56,4|4|4|3,
37,-79.5,America/New_York,VA,3,3.06,4|4|3|2,
37,-79.25,America/New_York,VA,2,2.56,4|4|2|2,
37,-79,America/New_York,VA,2,2.31,4|3|2|2,
37,-78.75,America/New_York,VA,2,2.19,4|4|2|2,
37,-78.5,America/New_York,VA,2,2.19,4|3|1|2,
37,-78.25,America/New_York,VA,3,2.44,4|3|3|2,
37,-78,America/New_York,VA,3,2.5,4|3|3|2,
37,-77.75,America/New_York,VA,2,2.19,4|3|1|2,
37,-77.5,America/New_York,VA,2,2,4|3|2|2,
37,-77.25,America/New_York,VA,2,2,3|2|2|2,
37,-77,America/New_York,VA,2,2,3|2|2|2,
37,-76.75,America/New_York,VA,2,2,3|2|2|2,
37.25,-88.25,America/Chicago,KY,2,1.91,3|2|2|2,
37.25,-88,America/Chicago,KY,2,2,3|2|2|2,
37.25,-87.75,America/Chicago,KY,2,2,3|2|2|2,
37.25,-87.5,America/Chicago,KY,2,2,3|3|2|2,
37.25,-87.25,America/Chicago,KY,2,2,3|2|2|1,
37.25,-87,America/Chicago,KY,2,1.88,3|2|2|1,
37.25,-86.75,America/Chicago,KY,1,1.5,2|1|2|1,
37.25,-86.5,America/Chicago,KY,1,1.19,3|1|1|1,
37.25,-86.25,America/Chicago,KY,1,1.19,3|1|1|2,
37.25,-86,America/Chicago,KY,1,1.38,3|1|1|2,
37.25,-85.75,America/Chicago,KY,1,1.56,3|1|1|1,
37.25,-85.5,America/Chicago,KY,1,1.81,3|1|1|1,
37.25,-85.25,America/Chicago,KY,3,2.25,3|3|3|1,
37.25,-85,America/New_York,KY,3,2.56,4|4|3|1,
37.25,-84.75,America/New_York,KY,3,2.69,4|4|3|3,
37.25,-84.5,America/New_York,KY,3,2.69,4|4|3|1,
37.25,-84.25,America/New_York,KY,2,2.5,4|4|2|1,
37.25,-84,America/New_York,KY,2,2.38,4|3|2|2,
37.25,-83.75,America/New_York,KY,3,2.56,4|4|3|2,
37.25,-83.5,America/New_York,KY,3,2.81,4|4|3|2,
37.25,-83.25,America/New_York,KY,2,3,4|3|2|1,
37.25,-83,America/New_York,KY,3,3.38,4|4|3|3,
37.25,-82.75,America/New_York,KY,4,3.5,4|4|4|3,
37.25,-82.5,America/New_York,KY,3,3.31,3|3|3|3,
37.25,-82.25,America/New_York,VA,3,3.38,3|3|3|4,
37.25,-82,America/New_York,VA,3,3.63,3|3|3|3,
37.25,-81.75,America/New_York,VA,4,3.88,4|4|4|4,
37.25,-81.5,America/New_York,VA,4,4,4|4|4|4,
37.25,-81.25,America/New_York,VA,4,4,4|4|4|4,
37.25,-81,America/New_York,VA,4,4,4|4|4|4,
37.25,-80.75,America/New_York,VA,4,4,4|4|4|4,
37.25,-80.5,America/New_York,VA,4,3.94,4|4|4|4,
37.25,-80.25,America/New_York,VA,4,3.75,4|4|4|3,
37.25,-80,America/New_York,VA,3,3.5,4|4|3|2,
37.25,-79.75,America/New_York,VA,3,3.31,4|4|3|3,
37.25,-79.5,America/New_York,VA,3,3.19,4|4|3|2,
37.25,-79.25,America/New_York,VA,3,3.06,4|4|3|1,
37.25,-79,America/New_York,VA,3,2.94,4|3|3|2,
37.25,-78.75,America/New_York,VA,3,2.63,4|3|3|2,
37.25,-78.5,America/New_York,VA,2,2.31,4|3|2|2,
37.25,-78.25,America/New_York,VA,2,2.5,4|3|2|2,
37.25,-78,America/New_York,VA,3,2.63,4|3|3|2,
37.25,-77.75,America/New_York,VA,2,2.25,4|3|1|2,
37.25,-77.5,America/New_York,VA,2,2,4|3|1|2,
37.25,-77.25,America/New_York,VA,2,2,3|3|1|2,
37.25,-77,America/New_York,VA,2,2,3|2|2|2,
37.25,-76.75,America/New_York,VA,2,2,3|2|2|2,
37.25,-76.5,America/New_York,VA,2,2,3|2|2|2,
37.25,-76,America/New_York,VA,3,3,3|3|3|3,
37.5,-88,America/Chicago,KY,2,2,3|2|2|2,
37.5,-87.75,America/Chicago,KY,2,2,3|2|2|2,
37.5,-87.5,America/Chicago,KY,2,2,3|3|1|2,
37.5,-87.25,America/Chicago,KY,2,2,3|2|1|2,
37.5,-87,America/Chicago,KY,2,1.88,1|2|2|2,
37.5,-86.75,America/Chicago,KY,2,1.5,3|2|2|1,
37.5,-86.5,America/Chicago,KY,1,1.13,3|2|1|1,
37.5,-86.25,America/Chicago,KY,1,1.13,3|2|1|1,
37.5,-86,America/New_York,KY,1,1.63,3|3|1|1,
37.5,-85.75,America/New_York,KY,3,2.25,3|3|3|3,
37.5,-85.5,America/New_York,KY,3,2.63,3|3|3|3,
37.5,-85.25,America/New_York,KY,3,2.88,4|4|3|1,
37.5,-85,America/New_York,KY,3,3.06,3|3|3|3,
37.5,-84.75,America/New_York,KY,3,3.13,4|3|3|3,
37.5,-84.5,America/New_York,KY,3,3.13,4|4|3|3,
37.5,-84.25,America/New_York,KY,4,3.06,4|4|4|3,
37.5,-84,America/New_York,KY,3,2.81,4|4|3|2,
37.5,-83.75,America/New_York,KY,2,2.56,4|4|2|2,
37.5,-83.5,America/New_York,KY,2,2.63,3|3|2|2,
37.5,-83.25,America/New_York,KY,3,3.06,4|4|3|2,
37.5,-83,America/New_York,KY,4,3.38,4|4|4|3,
37.5,-82.75,America/New_York,KY,3,3.06,4|4|3|3,
37.5,-82.5,America/New_York,KY,2,2.94,4|3|2|2,
37.5,-82.25,America/New_York,KY,4,3.44,4|4|4|4,
37.5,-82,America/New_York,VA,4,3.81,4|4|4|4,
37.5,-81.75,America/New_York,WV,4,3.94,4|4|4|4,
37.5,-81.5,America/New_York,WV,4,4,4|4|4|4,
37.5,-81.25,America/New_York,WV,4,4,4|4|4|4,
37.5,-81,America/New_York,WV,4,4,4|4|4|4,
37.5,-80.75,America/New_York,WV,4,4,4|4|4|4,
37.5,-80.5,America/New_York,WV,4,3.88,4|4|4|4,
37.5,-80.25,America/New_York,VA,3,3.69,4|4|3|3,
37.5,-80,America/New_York,VA,4,3.5,4|4|4|4,
37.5,-79.75,America/New_York,VA,3,3.31,4|4|3|2,
37.5,-79.5,America/New_York,VA,4,3.44,3|4|4|4,
37.5,-79.25,America/New_York,VA,4,3.63,4|4|4|3,
37.5,-79,America/New_York,VA,4,3.44,4|4|4|3,
37.5,-78.75,America/New_York,VA,3,2.88,4|3|3|3,
37.5,-78.5,America/New_York,VA,2,2.44,4|3|2|2,
37.5,-78.25,America/New_York,VA,3,2.56,4|3|3|3,
37.5,-78,America/New_York,VA,3,2.56,4|3|3|3,
37.5,-77.75,America/New_York,VA,2,2.19,4|3|2|2,
37.5,-77.5,America/New_York,VA,2,2,4|3|2|2,
37.5,-77.25,America/New_York,VA,2,2,4|3|1|2,
37.5,-77,America/New_York,VA,2,2,3|2|1|2,
37.5,-76.75,America/New_York,VA,2,2,3|3|2|2,
37.5,-76.5,America/New_York,VA,2,2,3|3|2|2,
37.5,-75.75,America/New_York,VA,3,3,3|3|3|3,
37.75,-88,America/Chicago,KY,2,2,3|2|2|2,
37.75,-87.75,America/Chicago,KY,2,2,3|2|2|2,
37.75,-87.5,America/Chicago,KY,2,2,3|3|2|2,
37.75,-87.25,America/Chicago,KY,2,2,3|2|1|2,
37.75,-87,America/Chicago,KY,2,1.83,3|2|1|2,
37.75,-86.75,America/Chicago,KY,1,1.38,3|2|1|1,
37.75,-86.5,America/Chicago,KY,1,1.07,3|2|1|1,
37.75,-86.25,America/Chicago,KY,1,1.27,3|3|1|1,
37.75,-86,America/New_York,KY,3,2.14,4|4|3|3,
37.75,-85.75,America/New_York,KY,3,2.87,3|3|3|3,
37.75,-85.5,America/New_York,KY,3,3,3|3|3|1,
37.75,-85.25,America/New_York,KY,3,3,3|3|3|1,
37.75,-85,America/New_York,KY,3,3.13,4|3|3|1,
37.75,-84.75,America/New_York,KY,4,3.25,4|4|4|3,
37.75,-84.5,America/New_York,KY,3,3.25,3|3|3|3,
37.75,-84.25,America/New_York,KY,3,3.25,4|3|3|3,
37.75,-84,America/New_York,KY,3,3.06,3|3|3|3,
37.75,-83.75,America/New_York,KY,3,2.75,3|3|4|4,
37.75,-83.5,America/New_York,KY,3,2.81,3|3|4|3,
37.75,-83.25,America/New_York,KY,4,3.38,4|4|4|3,
37.75,-83,America/New_York,KY,4,3.56,4|4|4|3,
37.75,-82.75,America/New_York,KY,2,3.13,4|3|2|2,
37.75,-82.5,America/New_York,KY,3,3.19,4|4|3|3,
37.75,-82.25,America/New_York,WV,4,3.69,4|4|4|4,
37.75,-82,America/New_York,WV,4,3.81,4|4|4|4,
37.75,-81.75,America/New_York,WV,4,3.81,4|4|4|4,
37.75,-81.5,America/New_York,WV,4,3.94,4|4|4|4,
37.75,-81.25,America/New_York,WV,4,3.94,4|4|4|4,
37.75,-81,America/New_York,WV,4,3.88,4|4|4|4,
37.75,-80.75,America/New_York,WV,4,3.94,4|4|4|4,
37.75,-80.5,America/New_York,WV,4,3.94,4|4|4|4,
37.75,-80.25,America/New_York,VA,4,3.88,4|4|4|4,
37.75,-80,America/New_York,VA,4,3.75,4|4|4|4,
37.75,-79.75,America/New_York,VA,3,3.44,4|4|3|2,
37.75,-79.5,America/New_York,VA,3,3.44,4|3|3|2,
37.75,-79.25,America/New_York,VA,4,3.63,4|4|4|4,
37.75,-79,America/New_York,VA,3,3.25,4|3|3|3,
37.75,-78.75,America/New_York,VA,3,2.56,4|3|2|3,
37.75,-78.5,America/New_York,VA,2,2.38,4|3|2|2,
37.75,-78.25,America/New_York,VA,3,2.63,4|3|3|3,
37.75,-78,America/New_York,VA,2,2.56,4|3|2|2,
37.75,-77.75,America/New_York,VA,2,2.25,4|3|2|2,
37.75,-77.5,America/New_York,VA,2,2.13,4|3|2|2,
37.75,-77.25,America/New_York,VA,2,2.13,4|2|2|2,
37.75,-77,America/New_York,VA,2,2.13,4|2|2|2,
37.75,-76.75,America/New_York,VA,2,2.19,3|3|2|2,
37.75,-76.5,America/New_York,VA,2,2.25,3|2|2|2,
37.75,-75.75,America/New_York,VA,3,3,3|3|3|3,
38,-86.5,America/Chicago,KY,1,1,3|3|1|1,
38,-86.25,America/Indiana/Marengo,KY,1,1.2,3|3|1|1,
38,-85.75,America/New_York,KY,3,2.85,3|3|3|3,
38,-85.5,America/New_York,KY,3,2.94,3|3|3|3,
38,-85.25,America/New_York,KY,3,3,3|3|3|1,
38,-85,America/New_York,KY,3,3.06,3|3|3|2,
38,-84.75,America/New_York,KY,3,3.13,4|4|3|3,
38,-84.5,America/New_York,KY,3,3.19,4|4|3|3,
38,-84.25,America/New_York,KY,4,3.25,4|4|4|3,
38,-84,America/New_York,KY,3,3.13,3|3|3|3,
38,-83.75,America/New_York,KY,3,2.88,3|3|3|3,
38,-83.5,America/New_York,KY,2,2.81,3|3|2|2,
38,-83.25,America/New_York,KY,3,3.19,4|4|3|3,
38,-83,America/New_York,KY,4,3.56,4|4|4|3,
38,-82.75,America/New_York,KY,4,3.56,4|4|4|4,
38,-82.5,America/New_York,WV,4,3.56,4|4|4|4,
38,-82.25,America/New_York,WV,4,3.56,4|4|4|4,
38,-82,America/New_York,WV,3,3.38,3|3|3|4,
38,-81.75,America/New_York,WV,3,3.38,3|3|3|3,
38,-81.5,America/New_York,WV,4,3.63,4|4|4|4,
38,-81.25,America/New_York,WV,4,3.69,4|4|4|4,
38,-81,America/New_York,WV,3,3.69,3|3|3|3,
38,-80.75,America/New_York,WV,4,3.88,4|4|4|4,
38,-80.5,America/New_York,WV,4,4,4|4|4|4,
38,-80.25,America/New_York,WV,4,4,4|4|4|4,
38,-80,America/New_York,WV,4,3.94,4|4|4|4,
38,-79.75,America/New_York,VA,4,3.63,4|4|4|4,
38,-79.5,America/New_York,VA,3,3.44,4|4|3|3,
38,-79.25,America/New_York,VA,4,3.56,4|4|4|4,
38,-79,America/New_York,VA,3,3.19,4|4|3|3,
38,-78.75,America/New_York,VA,1,2.44,3|3|1|1,
38,-78.5,America/New_York,VA,2,2.25,3|3|2|2,
38,-78.25,America/New_York,VA,3,2.56,4|3|3|3,
38,-78,America/New_York,VA,3,2.69,4|3|3|3,
38,-77.75,America/New_York,VA,3,2.44,4|4|3|2,
38,-77.5,America/New_York,VA,2,2.25,4|3|2|2,
38,-77.25,America/New_York,VA,3,2.31,4|3|3|3,
38,-77,America/New_York,VA,2,2.38,4|3|2|2,
38,-76.75,America/New_York,VA,3,2.5,4|3|3|3,
38,-76.5,America/New_York,VA,3,2.67,3|3|3|3,
38,-76,America/New_York,MD,3,3,3|3|3|3,
38,-75.75,America/New_York,MD,3,3,3|3|3|3,
38,-75.5,America/New_York,VA,3,3,3|3|3|3,
38.25,-85.75,America/Kentucky/Louisville,KY,2,2.56,3|3|2|1,
38.25,-85.5,America/Kentucky/Louisville,KY,3,2.85,3|3|3|3,
38.25,-85.25,America/New_York,KY,3,2.93,3|3|3|3,
38.25,-85,America/New_York,KY,3,2.88,3|3|3|3,
38.25,-84.75,America/New_York,KY,3,2.94,3|3|3|2,
38.25,-84.5,America/New_York,KY,3,3.06,3|3|3|3,
38.25,-84.25,America/New_York,KY,3,3.19,4|4|3|3,
38.25,-84,America/New_York,KY,3,3.25,4|4|3|3,
38.25,-83.75,America/New_York,KY,3,3.19,4|4|3|3,
38.25,-83.5,America/New_York,KY,3,3.06,3|3|4|3,
38.25,-83.25,America/New_York,KY,3,3.13,4|4|3|3,
38.25,-83,America/New_York,KY,3,3.44,4|4|3|3,
38.25,-82.75,America/New_York,KY,4,3.6,4|4|4|3,
38.25,-82.5,America/New_York,WV,3,3.43,3|3|3|3,
38.25,-82.25,America/New_York,WV,3,3.2,3|3|3|3,
38.25,-82,America/New_York,WV,3,3.06,3|3|3|2,
38.25,-81.75,America/New_York,WV,3,3.06,3|3|3|3,
38.25,-81.5,America/New_York,WV,3,3.19,3|3|3|3,
38.25,-81.25,America/New_York,WV,3,3.31,3|3|4|3,
38.25,-81,America/New_York,WV,4,3.5,4|4|4|4,
38.25,-80.75,America/New_York,WV,4,3.75,4|4|4|4,
38.25,-80.5,America/New_York,WV,4,3.94,4|4|4|4,
38.25,-80.25,America/New_York,WV,4,4,4|4|4|4,
38.25,-80,America/New_York,WV,4,4,4|4|4|4,
38.25,-79.75,America/New_York,VA,4,3.81,4|4|4|4,
38.25,-79.5,America/New_York,VA,3,3.63,4|4|3|3,
38.25,-79.25,America/New_York,VA,4,3.75,4|4|4|4,
38.25,-79,America/New_York,VA,4,3.63,4|4|4|3,
38.25,-78.75,America/New_York,VA,4,3.06,4|4|4|4,
38.25,-78.5,America/New_York,VA,2,2.69,3|2|2|2,
38.25,-78.25,America/New_York,VA,2,2.69,4|3|1|2,
38.25,-78,America/New_York,VA,3,2.63,3|3|3|3,
38.25,-77.75,America/New_York,VA,2,2.25,3|3|2|2,
38.25,-77.5,America/New_York,VA,2,2,3|3|2|2,
38.25,-77.25,America/New_York,VA,2,2.25,4|3|1|2,
38.25,-77,America/New_York,VA,3,2.56,4|3|3|3,
38.25,-76.75,America/New_York,MD,2,2.67,3|2|2|2,
38.25,-76.5,America/New_York,MD,3,2.82,3|3|3|3,
38.25,-75.75,America/New_York,MD,3,3,4|4|3|3,
38.25,-75.5,America/New_York,MD,3,3,4|4|3|3,
38.25,-75.25,America/New_York,MD,3,3,3|3|3|3,
38.5,-85.25,America/New_York,KY,3,2.82,3|3|3|3,
38.5,-85,America/New_York,KY,2,2.73,3|2|2|2,
38.5,-84.75,America/New_York,KY,3,2.88,3|3|3|3,
38.5,-84.5,America/New_York,KY,3,3,4|4|3|3,
38.5,-84.25,America/New_York,KY,3,3.13,4|4|3|3,
38.5,-84,America/New_York,KY,4,3.4,4|4|4|3,
38.5,-83.75,America/New_York,KY,4,3.62,3|4|4|4,
38.5,-83.5,America/New_York,KY,4,3.5,4|4|4|3,
38.5,-83.25,America/New_York,KY,3,3.33,3|4|3|3,
38.5,-83,America/New_York,KY,4,3.42,4|4|4|3,
38.5,-82.75,America/New_York,KY,3,3.4,3|3|3|3,
38.5,-82.25,America/New_York,WV,3,3,3|3|3|2,
38.5,-82,America/New_York,WV,3,3,3|3|3|2,
38.5,-81.75,America/New_York,WV,3,3,3|3|3|3,
38.5,-81.5,America/New_York,WV,3,3,3|3|3|3,
38.5,-81.25,America/New_York,WV,3,3.06,3|3|3|3,
38.5,-81,America/New_York,WV,3,3.19,3|3|3|3,
38.5,-80.75,America/New_York,WV,3,3.38,4|3|3|3,
38.5,-80.5,America/New_York,WV,4,3.69,4|4|4|4,
38.5,-80.25,America/New_York,WV,4,3.94,4|4|4|4,
38.5,-80,America/New_York,WV,4,4,4|4|4|4,
38.5,-79.75,America/New_York,WV,4,3.88,4|4|4|4,
38.5,-79.5,America/New_York,WV,4,3.75,4|4|4|4,
38.5,-79.25,America/New_York,WV,4,3.81,4|4|4|4,
38.5,-79,America/New_York,VA,4,3.69,4|4|4|4,
38.5,-78.75,America/New_York,VA,3,3.38,4|4|3|3,
38.5,-78.5,America/New_York,VA,4,3.31,4|4|4|4,
38.5,-78.25,America/New_York,VA,4,3.19,4|4|4|3,
38.5,-78,America/New_York,VA,2,2.69,3|3|1|2,
38.5,-77.75,America/New_York,VA,2,2.13,3|3|2|2,
38.5,-77.5,America/New_York,VA,1,1.81,3|3|1|1,
38.5,-77.25,America/New_York,MD,2,2.13,4|4|1|2,
38.5,-77,America/New_York,MD,3,2.63,3|3|3|2,
38.5,-76.75,America/New_York,MD,3,2.69,3|3|3|2,
38.5,-76.25,America/New_York,MD,3,3,3|3|3|3,
38.5,-76,America/New_York,MD,3,3,3|3|3|3,
38.5,-75.75,America/New_York,MD,3,3,3|3|4|3,
38.75,-85,America/New_York,KY,3,2.91,3|3|3|3,
38.75,-84.75,America/New_York,KY,3,3.13,3|3|3|3,
38.75,-84.5,America/New_York,KY,3,3.2,3|3|3|3,
38.75,-84.25,America/New_York,KY,3,3.15,3|3|4|4,
38.75,-84,America/New_York,KY,3,3.3,3|3|3|3,
38.75,-82,America/New_York,WV,3,3,3|3|3|3,
38.75,-81.75,America/New_York,WV,3,3,3|3|3|3,
38.75,-81.5,America/New_York,WV,3,3,3|3|3|3,
38.75,-81.25,America/New_York,WV,3,3,3|3|3|3,
38.75,-81,America/New_York,WV,3,3,3|3|3|3,
38.75,-80.75,America/New_York,WV,3,3.06,3|3|3|3,
38.75,-80.5,America/New_York,WV,3,3.31,3|3|3|3,
38.75,-80.25,America/New_York,WV,4,3.69,4|4|4|4,
38.75,-80,America/New_York,WV,4,3.94,4|4|4|4,
38.75,-79.75,America/New_York,WV,4,3.88,4|4|4|4,
38.75,-79.5,America/New_York,WV,3,3.75,2|3|4|4,
38.75,-79.25,America/New_York,WV,4,3.69,4|4|4|4,
38.75,-79,America/New_York,VA,3,3.44,3|3|3|3,
38.75,-78.75,America/New_York,VA,3,3.25,4|4|3|3,
38.75,-78.5,America/New_York,VA,3,3.31,4|4|3|3,
38.75,-78.25,America/New_York,VA,4,3.31,4|4|4|4,
38.75,-78,America/New_York,VA,3,3.06,3|3|3|3,
38.75,-77.75,America/New_York,VA,3,2.63,3|3|3|3,
38.75,-77.5,America/New_York,VA,2,2.25,3|3|2|2,
38.75,-77.25,America/New_York,VA,2,2.38,3|3|2|2,
38.75,-77,America/New_York,MD,3,2.63,3|3|3|1,
38.75,-76.75,America/New_York,MD,2,2.54,3|3|2|2,
38.75,-76.25,America/New_York,MD,3,2.91,3|3|3|3,
38.75,-76,America/New_York,MD,3,2.87,3|3|3|2,
38.75,-75.75,America/New_York,MD,3,2.92,3|3|3|3,
39,-84.75,America/New_York,KY,4,3.6,4|4|4|4,
39,-84.5,America/New_York,KY,4,3.6,4|4|4|4,
39,-82,America/New_York,WV,3,3,3|3|3|3,
39,-81.75,America/New_York,WV,3,3,3|3|3|3,
39,-81.5,America/New_York,WV,3,3,3|3|3|3,
39,-81.25,America/New_York,WV,3,3,3|3|3|3,
39,-81,America/New_York,WV,3,3,3|3|3|3,
39,-80.75,America/New_York,WV,3,3,3|3|3|3,
39,-80.5,America/New_York,WV,3,3.06,3|3|3|3,
39,-80.25,America/New_York,WV,3,3.31,4|4|3|3,
39,-80,America/New_York,WV,4,3.69,4|4|4|4,
39,-79.75,America/New_York,WV,4,3.88,4|4|4|4,
39,-79.5,America/New_York,WV,4,3.88,4|4|4|4,
39,-79.25,America/New_York,WV,4,3.69,4|4|4|4,
39,-79,America/New_York,WV,3,3.44,3|3|3|3,
39,-78.75,America/New_York,WV,4,3.38,4|4|4|4,
39,-78.5,America/New_York,VA,3,3.13,4|3|3|3,
39,-78.25,America/New_York,VA,2,3,4|3|2|2,
39,-78,America/New_York,VA,4,3.19,4|4|4|4,
39,-77.75,America/New_York,VA,3,3,3|3|3|3,
39,-77.5,America/New_York,VA,3,2.69,3|3|3|3,
39,-77.25,America/New_York,MD,3,2.75,3|3|3|3,
39,-77,America/New_York,MD,3,2.75,3|3|3|3,
39,-76.75,America/New_York,MD,2,2.6,3|3|2|2,
39,-76.5,America/New_York,MD,3,2.73,3|3|3|3,
39,-76,America/New_York,MD,2,2.5,3|3|2|2,
39,-75.75,America/New_York,MD,3,2.7,3|3|3|2,
39.25,-81.5,America/New_York,WV,3,3,3|3|3|3,
39.25,-81.25,America/New_York,WV,3,3,3|3|3|3,
39.25,-81,America/New_York,WV,3,3,3|3|3|3,
39.25,-80.75,America/New_York,WV,3,3,3|3|3|3,
39.25,-80.5,America/New_York,WV,3,3,3|3|3|3,
39.25,-80.25,America/New_York,WV,3,3.06,3|3|3|3,
39.25,-80,America/New_York,WV,3,3.38,3|3|3|3,
39.25,-79.75,America/New_York,WV,4,3.81,4|4|4|4,
39.25,-79.5,America/New_York,WV,4,4,4|4|4|4,
39.25,-79.25,America/New_York,WV,4,3.81,4|4|4|4,
39.25,-79,America/New_York,WV,3,3.56,3|3|3|3,
39.25,-78.75,America/New_York,WV,4,3.5,4|4|4|4,
39.25,-78.5,America/New_York,WV,3,3.31,3|3|3|3,
39.25,-78.25,America/New_York,VA,3,3.13,3|3|3|3,
39.25,-78,America/New_York,WV,3,3.13,3|3|3|3,
39.25,-77.75,America/New_York,VA,3,2.94,3|3|3|3,
39.25,-77.5,America/New_York,VA,2,2.75,3|3|2|2,
39.25,-77.25,America/New_York,MD,3,2.88,3|3|3|3,
39.25,-77,America/New_York,MD,3,2.94,3|3|3|3,
39.25,-76.75,America/New_York,MD,3,2.88,3|3|3|3,
39.25,-76.5,America/New_York,MD,3,2.92,4|3|3|3,
39.25,-76,America/New_York,MD,2,2.25,3|3|2|2,
39.5,-81,America/New_York,WV,3,3,3|3|3|3,
39.5,-80.75,America/New_York,WV,3,3,3|3|3|3,
39.5,-80.5,America/New_York,WV,3,3,3|3|3|3,
39.5,-80.25,America/New_York,WV,3,3,3|3|3|3,
39.5,-80,America/New_York,WV,3,3.25,3|3|3|3,
39.5,-79.75,America/New_York,WV,4,3.75,4|4|4|4,
39.5,-79.5,America/New_York,WV,4,4,4|4|4|4,
39.5,-79.25,America/New_York,MD,4,3.92,4|4|4|4,
39.5,-79,America/New_York,MD,4,3.67,4|4|4|4,
39.5,-78.75,America/New_York,WV,3,3.5,3|4|3|4,
39.5,-78.5,America/New_York,WV,4,3.58,3|4|4|4,
39.5,-78.25,America/New_York,WV,4,3.5,4|4|3|4,
39.5,-78,America/New_York,WV,3,3.17,3|3|3|3,
39.5,-77.75,America/New_York,MD,3,2.92,3|3|3|3,
39.5,-77.5,America/New_York,MD,3,2.83,4|4|3|3,
39.5,-77.25,America/New_York,MD,3,2.92,3|3|3|3,
39.5,-77,America/New_York,MD,3,3,3|3|3|3,
39.5,-76.75,America/New_York,MD,3,3,3|3|3|3,
39.5,-76.5,America/New_York,MD,3,3,3|3|3|3,
39.5,-76.25,America/New_York,MD,3,2.88,3|3|3|3,
