{"type":"FeatureCollection","source":"https://www2.census.gov/geo/tiger/GENZ2025/shp/cb_2025_us_state_5m.zip","sourceVintage":"2025 U.S. Census Bureau cartographic boundaries, 1:5,000,000","features":[{"type":"Feature","properties":{"STATEFP":"21","STUSPS":"KY","NAME":"Kentucky"},"geometry":{"type":"MultiPolygon","coordinates":[[[[-89.405654,36.528165],[-89.398685,36.542329],[-89.396811,36.551975],[-89.396627,36.556429],[-89.395909,36.559649],[-89.382762,36.583603],[-89.380643,36.59113],[-89.378012,36.608096],[-89.376367,36.613868],[-89.375453,36.615719],[-89.371002,36.62084],[-89.365548,36.625059],[-89.35651,36.628439],[-89.343753,36.630991],[-89.334046,36.63225],[-89.3275887217666,36.6321935043326],[-89.326731,36.632186],[-89.318154,36.625059],[-89.313405,36.62012],[-89.301502,36.604138],[-89.294637,36.593729],[-89.278935,36.577699],[-89.27171,36.571387],[-89.268057,36.568908],[-89.259994,36.565149],[-89.258318,36.564948],[-89.236542,36.566824],[-89.227319,36.569375],[-89.217447,36.576159],[-89.213563,36.580119],[-89.202607,36.601576],[-89.200902,36.618177],[-89.199136,36.625649],[-89.197654,36.628936],[-89.192542,36.635997],[-89.187749,36.641115],[-89.183321,36.644694],[-89.174741,36.650416],[-89.1746818752528,36.6504726524698],[-89.164601,36.660132],[-89.15908,36.666352],[-89.168723,36.671892],[-89.171882,36.672526],[-89.169467,36.674596],[-89.167961,36.678189],[-89.168016,36.685514],[-89.169522,36.688878],[-89.174836,36.69396],[-89.184356,36.701238],[-89.19604,36.712017],[-89.19948,36.716045],[-89.200732,36.720141],[-89.201047,36.725772],[-89.199798,36.734217],[-89.197808,36.739412],[-89.191553,36.747217],[-89.184523,36.753638],[-89.179545,36.756132],[-89.169106,36.759473],[-89.166888,36.759633],[-89.15699,36.755968],[-89.151756,36.756264],[-89.142313,36.755369],[-89.135518,36.751956],[-89.130399,36.751702],[-89.126134,36.751735],[-89.12243,36.754844],[-89.119198,36.759802],[-89.116563,36.767557],[-89.116067,36.772423],[-89.116847,36.775607],[-89.120437,36.782071],[-89.1234809771075,36.7852576789117],[-89.12353,36.785309],[-89.128923,36.787677],[-89.13321,36.788228],[-89.144208,36.788353],[-89.155891,36.789126],[-89.160877,36.790914],[-89.168458,36.795571],[-89.171069,36.798119],[-89.177417,36.807269],[-89.178749,36.809928],[-89.179229,36.812915],[-89.178574,36.816554],[-89.178888,36.831368],[-89.178153,36.834586],[-89.177177,36.835779],[-89.173419,36.839806],[-89.1704,36.841522],[-89.166841,36.842529],[-89.159466,36.842505],[-89.15733,36.843305],[-89.153513,36.8466],[-89.147674,36.847148],[-89.137969,36.847349],[-89.131944,36.857437],[-89.126702,36.872073],[-89.1249032259685,36.8748718182383],[-89.119813,36.882792],[-89.117567,36.887356],[-89.109377,36.920066],[-89.102137,36.939154],[-89.100766,36.943973],[-89.1007620066847,36.9440018170751],[-89.098843,36.95785],[-89.099007,36.961389],[-89.099594,36.964543],[-89.102879,36.9697],[-89.109498,36.976563],[-89.11503,36.980335],[-89.1183,36.981879],[-89.125069,36.983499],[-89.128868,36.983265],[-89.132915,36.982057],[-89.138437,36.985089],[-89.1481423804501,36.991621249316],[-89.160667,37.000051],[-89.166447,37.003337],[-89.17112,37.008072],[-89.1728512529814,37.0104062186663],[-89.173595,37.011409],[-89.178975,37.020928],[-89.180849,37.026843],[-89.182509,37.037275],[-89.181369,37.046305],[-89.179384,37.053012],[-89.175725,37.062069],[-89.171880551089,37.0681839790285],[-89.168087,37.074218],[-89.154504,37.088907],[-89.151294,37.090487],[-89.149797,37.089828],[-89.146596,37.090714],[-89.14132,37.093865],[-89.138231,37.096906],[-89.135847,37.102197],[-89.134931,37.103278],[-89.125072,37.108813],[-89.12202,37.111342],[-89.120465,37.113487],[-89.115579,37.115781],[-89.111189,37.119052],[-89.099047,37.140967],[-89.0973301630406,37.1447450520642],[-89.096669,37.1462],[-89.095753,37.150391],[-89.092934,37.156439],[-89.086526,37.165602],[-89.076221,37.175125],[-89.058036,37.188767],[-89.041263,37.202881],[-89.037568,37.203932],[-89.029981,37.211144],[-89.014003,37.21609],[-89.00592,37.221198],[-89.008532,37.220583],[-89.000968,37.224401],[-88.98326,37.228685],[-88.966831,37.229891],[-88.942111,37.228811],[-88.933066900919,37.2277483227204],[-88.931745,37.227593],[-88.9278924719524,37.2265918461207],[-88.920878,37.224769],[-88.916934,37.224291],[-88.902841,37.219299],[-88.86953,37.209711],[-88.835051,37.196486],[-88.820935,37.192203],[-88.80572,37.188595],[-88.797373,37.184854],[-88.786947,37.178584],[-88.779466,37.172495],[-88.77595,37.16878],[-88.765357,37.162662],[-88.753068,37.154701],[-88.746065,37.151564],[-88.7424473231472,37.1493158595247],[-88.7400742290268,37.1478411426937],[-88.737937,37.146513],[-88.732105,37.143956],[-88.72344,37.141194],[-88.7205538111622,37.1406977119318],[-88.720224,37.140641],[-88.702553,37.142646],[-88.693983,37.141155],[-88.687767,37.139378],[-88.6763005150352,37.134958210691],[-88.644872,37.122844],[-88.637977,37.121309],[-88.630605,37.121003],[-88.6273488637496,37.1199362632513],[-88.625889,37.119458],[-88.61144,37.112745],[-88.601144,37.107081],[-88.6005551465309,37.1066472281286],[-88.593922,37.101761],[-88.589207,37.099655],[-88.5834461636767,37.0927407791197],[-88.581635,37.090567],[-88.576718,37.085852],[-88.569375,37.082213],[-88.5638603119626,37.0785516910097],[-88.560032,37.07601],[-88.545403,37.070003],[-88.531576,37.067192],[-88.521436,37.065584],[-88.514356,37.065231],[-88.504437,37.065265],[-88.4904194854448,37.0678101802822],[-88.490068,37.067874],[-88.482856,37.067114],[-88.476127,37.068223],[-88.458948,37.073796],[-88.444605,37.098601],[-88.442743,37.107842],[-88.443538,37.108517],[-88.443538,37.109192],[-88.435829,37.125055],[-88.434701,37.126424],[-88.424776,37.149901],[-88.4246186318314,37.1509671376999],[-88.424403,37.152428],[-88.428097,37.157758],[-88.429906,37.158668],[-88.431488,37.160298],[-88.433782,37.16407],[-88.433454,37.165871],[-88.437781,37.180007],[-88.439527,37.18174],[-88.441956,37.189036],[-88.447764,37.203527],[-88.450653,37.207046],[-88.458763,37.213536],[-88.466981,37.217026],[-88.471753,37.220155],[-88.478179,37.227251],[-88.47973,37.229606],[-88.484982,37.240774],[-88.487277,37.244077],[-88.492383,37.248445],[-88.500777,37.253579],[-88.508031,37.260261],[-88.509328,37.26213],[-88.506942,37.266656],[-88.509587,37.273398],[-88.515939,37.284043],[-88.514661,37.290948],[-88.511497,37.298527],[-88.508657,37.303353],[-88.505087,37.307858],[-88.500566,37.317822],[-88.494137,37.327689],[-88.49031,37.335042],[-88.486947,37.339596],[-88.484462,37.345609],[-88.482612,37.354915],[-88.482113,37.364615],[-88.4809843598542,37.3678962304184],[-88.478523,37.375052],[-88.476592,37.386875],[-88.470224,37.396255],[-88.465861,37.400547],[-88.456,37.408482],[-88.450127,37.411717],[-88.439333,37.416416],[-88.433182,37.418169],[-88.425981,37.419441],[-88.418594,37.421987],[-88.4152637088206,37.4234930977791],[-88.413108,37.424468],[-88.408808,37.425216],[-88.404127,37.424146],[-88.39734,37.421644],[-88.387669,37.416482],[-88.377507,37.409825],[-88.373445,37.404342],[-88.371214,37.40273],[-88.365471,37.401663],[-88.361557,37.402931],[-88.3585049068255,37.4048174106804],[-88.358436,37.40486],[-88.348405,37.410726],[-88.333183,37.42721],[-88.330622,37.429316],[-88.321199,37.434705],[-88.317525,37.436178],[-88.3133922093058,37.4398699039136],[-88.312585,37.440591],[-88.297821,37.446816],[-88.281667,37.452596],[-88.255193,37.456748],[-88.237784,37.456811],[-88.225012,37.45739],[-88.206923,37.460188],[-88.188615,37.461896],[-88.175283,37.46379],[-88.171764,37.465612],[-88.157061,37.466937],[-88.135142,37.471626],[-88.132628,37.471555],[-88.12801,37.470507],[-88.109417,37.472369],[-88.095818,37.473025],[-88.091156,37.472699],[-88.091156,37.471715],[-88.09038,37.471059],[-88.087664,37.471059],[-88.084171,37.472699],[-88.0807387425969,37.4768322504659],[-88.077987,37.480146],[-88.072386,37.483563],[-88.068504,37.481921],[-88.067728,37.481593],[-88.064234,37.484548],[-88.062294,37.487837],[-88.062174,37.489057],[-88.06295,37.489385],[-88.064115,37.492013],[-88.062563,37.495951],[-88.061292,37.505232],[-88.0613347550442,37.5053124718963],[-88.062828,37.508123],[-88.062568,37.513563],[-88.063311,37.515755],[-88.069018,37.525297],[-88.072242,37.528826],[-88.078046,37.532029],[-88.086194,37.534186],[-88.088049,37.535124],[-88.092814,37.539637],[-88.101174,37.55133],[-88.105585,37.55618],[-88.1058835242985,37.5563851266449],[-88.11433,37.562189],[-88.121517,37.568166],[-88.131622,37.572968],[-88.133393,37.574235],[-88.1336987983831,37.5749026579637],[-88.136164,37.580285],[-88.139973,37.586451],[-88.14094,37.590865],[-88.140226,37.595263],[-88.140752,37.599158],[-88.142225,37.603737],[-88.152691,37.622827],[-88.156827,37.632801],[-88.158374,37.639948],[-88.15864,37.649097],[-88.160062,37.654332],[-88.160187,37.657592],[-88.159372,37.661847],[-88.158207,37.664542],[-88.151646,37.675098],[-88.145434,37.68259],[-88.134282,37.691498],[-88.132341,37.697142],[-88.125033,37.707094],[-88.122412,37.709685],[-88.117803,37.712583],[-88.107088,37.715915],[-88.101844,37.718036],[-88.095759,37.723205],[-88.085901,37.728587],[-88.081925,37.730389],[-88.072538,37.733286],[-88.063802,37.738645],[-88.059588,37.742608],[-88.049942,37.754078],[-88.0433912442538,37.7657176398423],[-88.042602,37.76712],[-88.040873,37.772082],[-88.038769,37.784307],[-88.035827,37.791917],[-88.032438,37.796361],[-88.02803,37.799224],[-88.021021,37.801409],[-88.015144,37.80193],[-88.004706,37.800145],[-87.997102,37.797672],[-87.993099,37.795756],[-87.991168,37.794049],[-87.987157,37.792202],[-87.984358,37.7918],[-87.976389,37.788004],[-87.971805,37.784648],[-87.970262,37.781856],[-87.96003,37.773223],[-87.95259,37.771742],[-87.948594,37.772344],[-87.946463,37.773477],[-87.944506,37.775256],[-87.938598,37.787914],[-87.935861,37.789703],[-87.934698,37.791827],[-87.934936,37.79522],[-87.932554,37.797672],[-87.927543,37.799851],[-87.919138,37.802128],[-87.911087,37.805158],[-87.90681,37.807624],[-87.904595,37.812526],[-87.903804,37.817762],[-87.907773,37.837611],[-87.910276,37.843416],[-87.914892,37.849618],[-87.927303,37.858709],[-87.936228,37.867937],[-87.938128,37.870651],[-87.940005,37.875044],[-87.941021,37.879168],[-87.940839,37.883338],[-87.940069,37.88767],[-87.938365,37.890802],[-87.936784,37.892587],[-87.932129,37.89732],[-87.927769,37.900924],[-87.9270937203347,37.9017041861826],[-87.921744,37.907885],[-87.9065356712071,37.9231399718538],[-87.904789,37.924892],[-87.898062,37.927514],[-87.8943629277255,37.9277892305609],[-87.892471,37.92793],[-87.883321,37.926238],[-87.877325,37.924034],[-87.87254,37.920999],[-87.871553179704,37.9201590296449],[-87.865558,37.915056],[-87.863097,37.911858],[-87.858738,37.902779],[-87.857243,37.900649],[-87.84559,37.893151],[-87.844691,37.892048],[-87.841693,37.887685],[-87.841615,37.883393],[-87.841193,37.882325],[-87.838102,37.879769],[-87.833883,37.877324],[-87.830578,37.876516],[-87.8157311997307,37.8756442069419],[-87.808013,37.875191],[-87.795185,37.875273],[-87.7909,37.875714],[-87.786407,37.876556],[-87.783643,37.877759],[-87.773015,37.884544],[-87.771004,37.886261],[-87.76226,37.890906],[-87.740148,37.89465],[-87.7333,37.894346],[-87.723635,37.892058],[-87.717971,37.89257],[-87.710675,37.893898],[-87.700915,37.897274],[-87.700753280704,37.8973408633489],[-87.688338,37.902474],[-87.684018,37.903498],[-87.680338,37.903274],[-87.67573,37.90193],[-87.671457,37.899498],[-87.666481,37.895786],[-87.665025,37.893514],[-87.662865,37.885578],[-87.66282,37.881449],[-87.664101,37.877176],[-87.666175,37.874146],[-87.668879,37.871497],[-87.673186,37.868412],[-87.6754,37.865946],[-87.681633,37.855917],[-87.6819,37.84641],[-87.680689,37.84062],[-87.679188,37.836321],[-87.675538,37.831732],[-87.672397,37.829127],[-87.666522,37.827455],[-87.655171,37.826037],[-87.645858,37.825899],[-87.6374026483843,37.8268377358141],[-87.635806,37.827015],[-87.625014,37.829077],[-87.615399,37.831974],[-87.615004146984,37.8322218290373],[-87.612426,37.83384],[-87.6071761688786,37.838190683797],[-87.606599,37.838669],[-87.5996169397311,37.8469822540055],[-87.591504,37.856642],[-87.5902013523594,37.8586802328127],[-87.588729,37.860984],[-87.588426,37.868791],[-87.5913508251733,37.8858459929225],[-87.591582,37.887194],[-87.597118,37.892394],[-87.601967,37.895722],[-87.608479,37.898794],[-87.620272,37.906922],[-87.623296,37.910746],[-87.626256,37.916138],[-87.628416,37.92145],[-87.62896,37.926714],[-87.625616,37.933442],[-87.619488,37.938538],[-87.610816,37.944602],[-87.606216,37.949642],[-87.603516,37.958942],[-87.605216,37.961442],[-87.605216,37.965142],[-87.6045414103974,37.9669730289212],[-87.603816,37.968942],[-87.601416,37.972542],[-87.5985953648649,37.9739223108108],[-87.596716,37.974842],[-87.592916,37.975842],[-87.589816,37.976042],[-87.5878975398239,37.9757468522806],[-87.585916,37.975442],[-87.581115,37.973442],[-87.577915,37.971542],[-87.574715,37.967742],[-87.5746306119055,37.9674109390137],[-87.573415,37.962642],[-87.574287,37.954842],[-87.5728016170167,37.9499876868034],[-87.57203,37.947466],[-87.568398,37.941226],[-87.56587,37.93793],[-87.559342,37.931146],[-87.551277,37.925418],[-87.545901,37.922666],[-87.531532,37.916298],[-87.520284,37.912618],[-87.511499,37.906426],[-87.507483,37.90673],[-87.501131,37.909162],[-87.490411,37.916682],[-87.486347,37.920218],[-87.4810305781095,37.9236559511212],[-87.4697574878256,37.9309458792307],[-87.465514,37.93369],[-87.4511705981016,37.941083673096],[-87.450458,37.941451],[-87.447786,37.942427],[-87.436859,37.944192],[-87.428521,37.944811],[-87.418585,37.944763],[-87.4141851753546,37.9440746051956],[-87.402632,37.942267],[-87.40116,37.941227],[-87.380247,37.935596],[-87.3728239442504,37.9322191180811],[-87.372439,37.932044],[-87.372039,37.931708],[-87.372711,37.930556],[-87.372327,37.930028],[-87.363622,37.922348],[-87.361638,37.921004],[-87.358294,37.92054],[-87.35471,37.918252],[-87.352614,37.916124],[-87.344933,37.911164],[-87.335397,37.907565],[-87.334165,37.908205],[-87.331765,37.908253],[-87.320036,37.905741],[-87.3026086581358,37.8985622575519],[-87.302324,37.898445],[-87.27437,37.882942],[-87.26989,37.879854],[-87.2686936894134,37.8786494389955],[-87.26293,37.872846],[-87.25525,37.867326],[-87.220944,37.849134],[-87.212416,37.846223],[-87.20224,37.843791],[-87.180063,37.841375],[-87.170831,37.842319],[-87.164863,37.841215],[-87.162319,37.840159],[-87.158878,37.837871],[-87.153486,37.832384],[-87.1438138069889,37.8187946358943],[-87.14195,37.816176],[-87.137502,37.807264],[-87.133149,37.792208],[-87.129629,37.786608],[-87.127533,37.78504],[-87.1227116639035,37.7837673159052],[-87.119229,37.782848],[-87.111133,37.782512],[-87.1097045909488,37.7827826004149],[-87.109680314373,37.7827871994137],[-87.0999,37.78464],[-87.090636,37.787808],[-87.0774607225314,37.7961729868511],[-87.077404,37.796209],[-87.070732,37.801937],[-87.0687657814649,37.804739676144],[-87.067836,37.806065],[-87.065388,37.810481],[-87.057836,37.827457],[-87.055404,37.835297],[-87.0553622769376,37.8354910882538],[-87.051452,37.853681],[-87.04926,37.859745],[-87.043854,37.870796],[-87.043049,37.875049],[-87.043407,37.87994],[-87.044144,37.884025],[-87.045894,37.887574],[-87.046237,37.889866],[-87.045101,37.893775],[-87.042249,37.898291],[-87.0363850475122,37.9038199646284],[-87.033444,37.906593],[-87.010315,37.919668],[-87.003301,37.922395],[-86.978957,37.9302],[-86.978834282338,37.9302329046248],[-86.969044,37.932858],[-86.964785,37.932384],[-86.944633,37.933534],[-86.933357,37.934939],[-86.927747,37.934956],[-86.919329,37.936664],[-86.907131,37.943023],[-86.902413,37.946161],[-86.892084,37.955929],[-86.884961,37.964373],[-86.881338,37.967523],[-86.875874,37.97077],[-86.870388,37.975276],[-86.866936,37.979294],[-86.863224,37.982495],[-86.85595,37.987292],[-86.849027,37.99002],[-86.835161,37.99375],[-86.823491,37.998939],[-86.820071,37.999392],[-86.815267,37.998877],[-86.8146776831273,37.9986432493709],[-86.810913,37.99715],[-86.8045724125463,37.9938984983474],[-86.794985,37.988982],[-86.790597,37.980062],[-86.788044,37.97284],[-86.779993,37.956522],[-86.7761441543373,37.9503356098766],[-86.7747616644493,37.9481134834163],[-86.765054,37.93251],[-86.7566958936818,37.9208517966692],[-86.75099,37.912893],[-86.734718,37.896587],[-86.73146,37.89434],[-86.722247,37.892648],[-86.718462,37.893123],[-86.716138,37.894073],[-86.707816,37.898367],[-86.691994,37.908529],[-86.686015,37.913084],[-86.680929,37.91501],[-86.673038,37.914903],[-86.6723718050343,37.9148018918916],[-86.660888,37.913059],[-86.650087,37.910616],[-86.647081,37.908621],[-86.645513,37.906529],[-86.644143,37.902366],[-86.644039,37.898202],[-86.644754,37.894806],[-86.648727,37.886036],[-86.658374,37.869376],[-86.661233,37.862761],[-86.662495,37.856951],[-86.661637,37.849714],[-86.658268,37.844144],[-86.655296,37.842508],[-86.652516,37.841636],[-86.648028,37.841425],[-86.638265,37.842718],[-86.634271,37.843845],[-86.625763,37.847266],[-86.615215,37.852857],[-86.609163,37.855408],[-86.604624,37.858272],[-86.598108,37.867382],[-86.59732,37.870162],[-86.597476,37.871478],[-86.59939,37.874753],[-86.598317,37.88042],[-86.598151,37.884553],[-86.600096,37.901218],[-86.599848,37.906754],[-86.598452,37.910965],[-86.596125,37.914289],[-86.588581,37.921159],[-86.586542,37.922285],[-86.580322,37.923145],[-86.566256,37.922164],[-86.548507,37.917842],[-86.540722,37.916871],[-86.534156,37.917007],[-86.528279,37.918618],[-86.5261487431668,37.9194534641524],[-86.51924,37.922163],[-86.511005,37.92612],[-86.507831,37.928829],[-86.50662,37.930719],[-86.507043,37.936439],[-86.50939,37.942492],[-86.512588,37.94695],[-86.518575,37.951798],[-86.520503,37.954438],[-86.523831,37.962169],[-86.525174,37.968228],[-86.524888,37.981834],[-86.525844,37.998385],[-86.525671,38.007145],[-86.524656,38.012894],[-86.524385,38.018609],[-86.524969,38.027879],[-86.5248730823801,38.0281977491389],[-86.521825,38.038327],[-86.519404,38.041241],[-86.517289,38.042634],[-86.51176,38.044448],[-86.500051,38.045757],[-86.4907693787391,38.0456724842707],[-86.480393,38.045578],[-86.471903,38.046218],[-86.452192,38.05049],[-86.438236,38.060426],[-86.432789,38.067171],[-86.430091,38.078638],[-86.434046,38.086763],[-86.458795,38.096404],[-86.463858,38.101177],[-86.466217,38.106781],[-86.466081,38.114437],[-86.463248,38.119278],[-86.4610337136873,38.1211745670961],[-86.457115,38.124531],[-86.449793,38.127223],[-86.431749,38.126121],[-86.41876,38.117693],[-86.405068,38.105801],[-86.401653,38.105396],[-86.396215,38.107789],[-86.387216,38.124632],[-86.379775,38.129274],[-86.375324,38.130629],[-86.352466,38.128459],[-86.335145,38.129242],[-86.328398,38.132877],[-86.323453,38.139032],[-86.321274,38.147418],[-86.325941,38.154317],[-86.353625,38.159579],[-86.37174,38.164183],[-86.377434,38.171379],[-86.378151,38.185845],[-86.373801,38.193352],[-86.360377,38.198796],[-86.347736,38.195363],[-86.33281,38.182938],[-86.3300185151335,38.1811511718017],[-86.317139,38.172907],[-86.304155,38.167872],[-86.287773,38.15805],[-86.277795364684,38.1454453559492],[-86.271802,38.137874],[-86.271223,38.130112],[-86.278656,38.098509],[-86.27872,38.089303],[-86.273584,38.067443],[-86.26731,38.057655],[-86.266891,38.057125],[-86.261273,38.052721],[-86.2528240079617,38.0475690661768],[-86.249972,38.04583],[-86.233057,38.039305],[-86.225519,38.03328],[-86.220371,38.027922],[-86.206439,38.021876],[-86.190927,38.016438],[-86.178983,38.011308],[-86.172186,38.00992],[-86.16731,38.009879],[-86.141063,38.01547],[-86.12757,38.016011],[-86.118208,38.015279],[-86.108156,38.013416],[-86.0992361719874,38.0101864319238],[-86.095766,38.00893],[-86.087525,38.005127],[-86.080034,38.000848],[-86.075393,37.996948],[-86.07398,37.995449],[-86.074915,37.993345],[-86.071644,37.9872],[-86.06786890313,37.9807559068609],[-86.064859,37.975618],[-86.061731,37.971326],[-86.053912,37.963571],[-86.048458,37.959369],[-86.045208,37.958258],[-86.042354,37.958018],[-86.038188,37.95935],[-86.036013,37.961703],[-86.034355,37.964621],[-86.0342484662756,37.9652543754246],[-86.033386,37.970382],[-86.035279,37.981228],[-86.035012,37.984814],[-86.032468,37.9901],[-86.029509,37.99264],[-86.020655,37.996116],[-86.009127,37.998529],[-85.9989740272791,37.9997785966426],[-85.996582,38.000073],[-85.976028,38.00356],[-85.958299,38.004616],[-85.951467,38.005608],[-85.9480268052013,38.0071417917898],[-85.939483,38.010951],[-85.934635,38.014423],[-85.930235,38.018311],[-85.925418,38.023456],[-85.922395,38.028679],[-85.921371,38.032135],[-85.919563,38.041079],[-85.918379,38.054214],[-85.916987,38.061846],[-85.915643,38.06647],[-85.913163,38.07337],[-85.906163,38.08617],[-85.9061613107539,38.0861848957909],[-85.904564,38.10027],[-85.905164,38.11107],[-85.9060259966058,38.1168834654811],[-85.909464,38.14007],[-85.908764,38.161169],[-85.8995337421211,38.1803779150452],[-85.897664,38.184269],[-85.8954578403071,38.1874641278311],[-85.894764,38.188469],[-85.880264,38.203369],[-85.868564,38.211969],[-85.8659844978575,38.213658748601],[-85.851436,38.223189],[-85.845464,38.23027],[-85.8433429995964,38.2337440523852],[-85.839664,38.23977],[-85.8389003461799,38.2448909726759],[-85.837986060971,38.2510220617237],[-85.837964,38.25117],[-85.838064,38.257369],[-85.8362948487132,38.2632845996152],[-85.834864,38.268069],[-85.8343260860864,38.2689198820087],[-85.8324374902816,38.2719072971909],[-85.829364,38.276769],[-85.8239640363765,38.2804332610302],[-85.823764,38.280569],[-85.816164,38.282969],[-85.802563,38.284969],[-85.8024575998993,38.2849965661802],[-85.8024538218874,38.2849975542756],[-85.796063,38.286669],[-85.794063,38.287869],[-85.7917634451038,38.288512875371],[-85.7915753493015,38.2885655421956],[-85.791563,38.288569],[-85.780963,38.288469],[-85.773363,38.286169],[-85.765963,38.280469],[-85.765763,38.279669],[-85.766563,38.27767],[-85.7611400240452,38.2726423364171],[-85.761062,38.27257],[-85.750962,38.26787],[-85.7506683780957,38.2678363056831],[-85.744862,38.26717],[-85.7446827474161,38.2672343621115],[-85.738746,38.269366],[-85.7326593586324,38.272245035963],[-85.7161332715867,38.2800620233718],[-85.7052227084148,38.285222817618],[-85.6994290733517,38.2879632589708],[-85.683561,38.295469],[-85.6769467039102,38.2999962007881],[-85.675017,38.301317],[-85.668698,38.310517],[-85.6672784149695,38.3119491662863],[-85.659897,38.319396],[-85.653641,38.327108],[-85.646201,38.342916],[-85.645471614666,38.3447362211857],[-85.638777,38.361443],[-85.638009,38.366115],[-85.638521,38.376802],[-85.6380501427595,38.3802706483384],[-85.638041,38.380338],[-85.6336949144431,38.3933898807632],[-85.632937,38.395666],[-85.629961,38.402306],[-85.6218681809894,38.4166577446537],[-85.621625,38.417089],[-85.620329,38.421697],[-85.620521,38.423105],[-85.607629,38.439295],[-85.603833,38.442094],[-85.587758,38.450495],[-85.575254,38.453292],[-85.553304,38.45388],[-85.5417702654715,38.4553958583204],[-85.536542,38.456083],[-85.527164,38.45829],[-85.516939,38.461357],[-85.5158859258149,38.4617581738928],[-85.498866,38.468242],[-85.491422,38.474702],[-85.482897,38.485701],[-85.481246,38.488374],[-85.479472,38.494533],[-85.47767,38.49832],[-85.474354,38.504074],[-85.472221,38.506279],[-85.466691,38.51028],[-85.462518,38.512602],[-85.458496,38.5144],[-85.441725,38.520191],[-85.433136,38.523914],[-85.4329155282864,38.524058481123],[-85.425787,38.52873],[-85.423077,38.531581],[-85.417322,38.540763],[-85.4156,38.546341],[-85.415272,38.555416],[-85.415821,38.563558],[-85.419883,38.573558],[-85.4282761055612,38.586304059615],[-85.4338975257926,38.5948409422825],[-85.43617,38.598292],[-85.437446,38.601724],[-85.438594,38.605405],[-85.439351,38.610388],[-85.439458,38.632366],[-85.437738,38.648898],[-85.438742,38.659319],[-85.444815,38.670083],[-85.4544396861738,38.6809126885849],[-85.455486,38.68209],[-85.456481,38.685069],[-85.456978,38.689135],[-85.455967,38.695655],[-85.4522758461505,38.708772822388],[-85.452114,38.709348],[-85.448862,38.713368],[-85.442271,38.71985],[-85.437766,38.726405],[-85.434065,38.729455],[-85.422021,38.734834],[-85.416631,38.736272],[-85.410925,38.73708],[-85.400481,38.73598],[-85.3974774610724,38.7354043669765],[-85.372284,38.730576],[-85.3698652359641,38.7305476852738],[-85.363827,38.730477],[-85.351776,38.731638],[-85.340953,38.733893],[-85.3371998421498,38.7349332010521],[-85.3330518594667,38.7360828292115],[-85.330807,38.736705],[-85.306049,38.741649],[-85.289226,38.74241],[-85.275454,38.741172],[-85.267639,38.739899],[-85.258846,38.737754],[-85.246505,38.731821],[-85.242434,38.726235],[-85.238665,38.722494],[-85.226062,38.705456],[-85.221124,38.700957],[-85.213257,38.695446],[-85.2045,38.691692],[-85.2014903380949,38.6908871579469],[-85.190507,38.68795],[-85.1886171021916,38.6877504164903],[-85.187278,38.687609],[-85.177112,38.688405],[-85.172528,38.688082],[-85.156158,38.692251],[-85.146861,38.695427],[-85.13868,38.699168],[-85.133049,38.702375],[-85.121357,38.711232],[-85.1137404977974,38.7162676908717],[-85.106902,38.720789],[-85.106979,38.72163],[-85.103313,38.725323],[-85.100963,38.7268],[-85.0897133186504,38.7319741466847],[-85.08218,38.735439],[-85.076369,38.739496],[-85.071928,38.741567],[-85.060264,38.744948],[-85.047967,38.750849],[-85.040938,38.755163],[-85.0331714045187,38.7582383758216],[-85.0234234268201,38.7620983290014],[-85.011772,38.766712],[-84.999949,38.774715],[-84.995939,38.776756],[-84.9900976957791,38.7783578543684],[-84.990006,38.778383],[-84.978723,38.77928],[-84.962535,38.778035],[-84.947644,38.775273],[-84.941071,38.775627],[-84.932977,38.777519],[-84.915234,38.784086],[-84.9081040009654,38.7875645429422],[-84.901874,38.790604],[-84.89393,38.793704],[-84.887919,38.794652],[-84.856904,38.790224],[-84.847918,38.788106],[-84.835672,38.784289],[-84.828714,38.783208],[-84.821378,38.783111],[-84.814641,38.784488],[-84.8131626234462,38.7858280930326],[-84.812877,38.786087],[-84.811752,38.789169],[-84.811645,38.792766],[-84.813939,38.800209],[-84.816506,38.80532],[-84.827098,38.818634],[-84.829886,38.825405],[-84.829958,38.830632],[-84.827488,38.834909],[-84.823363,38.839196],[-84.817169,38.84342],[-84.803247,38.850723],[-84.7946164342505,38.8571191971069],[-84.793714,38.857788],[-84.791002,38.860572],[-84.788302,38.864325],[-84.785799,38.869496],[-84.784579,38.87532],[-84.785234,38.880439],[-84.786406,38.88222],[-84.788143,38.883728],[-84.800247,38.89107],[-84.8010842885177,38.8913421070453],[-84.812746,38.895132],[-84.819073,38.895469],[-84.830472,38.897256],[-84.860759,38.897654],[-84.867778,38.899133],[-84.870124,38.900389],[-84.8705710710421,38.9009475636321],[-84.877029,38.909016],[-84.878817,38.913405],[-84.879268,38.916116],[-84.877762,38.920357],[-84.870759,38.929231],[-84.864731,38.934893],[-84.83516,38.957961],[-84.832617,38.96146],[-84.829857,38.969385],[-84.8305258740629,38.9742242424001],[-84.830619,38.974898],[-84.833473,38.981522],[-84.83712,38.988059],[-84.83983,38.99129],[-84.847094,38.997309],[-84.849445,39.000923],[-84.850354,39.00325],[-84.856959,39.011528],[-84.870168,39.025551],[-84.8780504790799,39.0308192394859],[-84.882856,39.034031],[-84.889065,39.04082],[-84.8899793546873,39.0423542086317],[-84.894281,39.049572],[-84.897171,39.052407],[-84.897364,39.057378],[-84.893873,39.062466],[-84.888873,39.066376],[-84.8694829321438,39.0744694132224],[-84.860689,39.07814],[-84.8522726329318,39.085805973927],[-84.849574,39.088264],[-84.8463456908206,39.0905195479584],[-84.839515,39.095292],[-84.831197,39.10192],[-84.826246,39.10417],[-84.8255302619195,39.1043239853647],[-84.820157,39.10548],[-84.813767,39.106492],[-84.812241,39.107102],[-84.810753,39.109142],[-84.79382,39.112939],[-84.78768,39.115297],[-84.783991,39.11806],[-84.766749,39.138558],[-84.7589353526971,39.1437035726141],[-84.754449,39.146658],[-84.750749,39.147358],[-84.744149,39.147458],[-84.732048,39.144458],[-84.726148,39.141958],[-84.723298748118,39.1401213572408],[-84.718548,39.137059],[-84.714048,39.132659],[-84.7122344808816,39.1306058463828],[-84.701947,39.118959],[-84.6970001232396,39.1129578708153],[-84.689747,39.104159],[-84.684847,39.100459],[-84.677247,39.09826],[-84.666147,39.09796],[-84.657246,39.09546],[-84.650346,39.09166],[-84.635771693775,39.07952831493],[-84.632446,39.07676],[-84.6234848991522,39.0743602500324],[-84.620112,39.073457],[-84.607928,39.073238],[-84.6043813489005,39.0737359847925],[-84.601682,39.074115],[-84.592408,39.078088],[-84.5861343301458,39.0793177185482],[-84.572144,39.08206],[-84.5678053286479,39.084864263191],[-84.563944,39.08736],[-84.557544,39.09486],[-84.554444,39.09766],[-84.5534910788643,39.0981099905363],[-84.550844,39.09936],[-84.543544,39.09966],[-84.5415454696343,39.0992057885532],[-84.541344,39.09916],[-84.524644,39.09216],[-84.5225763500247,39.0921194657915],[-84.5225736778395,39.092119413406],[-84.519543,39.09206],[-84.509743,39.09366],[-84.5060822325253,39.0950807457156],[-84.502062,39.096641],[-84.5019963180453,39.0966840699391],[-84.496543,39.10026],[-84.4958322681388,39.1008184321767],[-84.493743,39.10246],[-84.4935544922307,39.1027207690808],[-84.487743,39.11076],[-84.4848121102702,39.1133460791733],[-84.480943,39.11676],[-84.476243,39.11916],[-84.4761428376073,39.1192004093147],[-84.470542,39.12146],[-84.462042,39.12176],[-84.455342,39.12036],[-84.449793,39.117754],[-84.445242,39.114461],[-84.4407499022624,39.1097735936651],[-84.440642,39.109661],[-84.4358592728829,39.1027227171797],[-84.435541,39.102261],[-84.432841,39.094261],[-84.433941,39.092461],[-84.4346325076923,39.0869289384615],[-84.434641,39.086861],[-84.432941,39.083961],[-84.432641,39.078261],[-84.4326734620709,39.0779169020487],[-84.433141,39.072961],[-84.4331317919463,39.0728988456376],[-84.432341,39.067561],[-84.429841,39.058262],[-84.4294503306395,39.05759332319],[-84.427913,39.054962],[-84.42573,39.053059],[-84.4214792123506,39.0509440760956],[-84.421467,39.050938],[-84.406941,39.045662],[-84.40254,39.045662],[-84.40094,39.046362],[-84.39414,39.045262],[-84.38684,39.045162],[-84.360439,39.041362],[-84.346039,39.036963],[-84.3363774064021,39.0328792336339],[-84.336339,39.032863],[-84.326539,39.027463],[-84.3199364709232,39.0220809555344],[-84.31368,39.016981],[-84.304698,39.006455],[-84.299362,38.995985],[-84.297255,38.989694],[-84.296466,38.985306],[-84.2962075831128,38.982143460671],[-84.2953278659995,38.9713773687179],[-84.295076,38.968295],[-84.288164,38.955789],[-84.279916,38.945168],[-84.27491,38.941511],[-84.2619108127599,38.927770344204],[-84.260797,38.926593],[-84.25701,38.923208],[-84.245647,38.907035],[-84.242689,38.903187],[-84.240155,38.900912],[-84.234453,38.893226],[-84.232343,38.884325],[-84.232132,38.880483],[-84.2319129457719,38.8748299158016],[-84.231837,38.87287],[-84.2319349168657,38.8718704190441],[-84.233727,38.853576],[-84.233265,38.842671],[-84.231306,38.830552],[-84.2304215920899,38.8274035078399],[-84.230181,38.826547],[-84.2253,38.817665],[-84.222059,38.813753],[-84.212904,38.805707],[-84.205592,38.802588],[-84.198358,38.80092],[-84.1886332554178,38.7995428280713],[-84.155912,38.794909],[-84.135088,38.789485],[-84.115655,38.782721],[-84.1118836769784,38.7807996660541],[-84.108836,38.779247],[-84.094334,38.775246],[-84.071491,38.770475],[-84.06341,38.771151],[-84.0526699451033,38.7713755116846],[-84.051642,38.771397],[-84.044486,38.770572],[-84.023113,38.775061],[-84.006104,38.780156],[-83.995447,38.781912],[-83.978814,38.787104],[-83.962123,38.787384],[-83.9590529004392,38.7869501699117],[-83.953546,38.786172],[-83.943978,38.783616],[-83.928454,38.774583],[-83.928591,38.772203],[-83.926986,38.771562],[-83.917217,38.769665],[-83.915855924909,38.7696960559625],[-83.912922,38.769763],[-83.903971,38.76816],[-83.9039169444849,38.7681517942292],[-83.887107,38.7656],[-83.873168,38.762418],[-83.86653,38.7602],[-83.859028,38.756793],[-83.852085,38.751433],[-83.848734,38.747178],[-83.846207,38.74229],[-83.844676,38.737439],[-83.84274,38.730365],[-83.842506,38.727019],[-83.841689,38.724264],[-83.840595,38.721912],[-83.8391538748146,38.7204132150227],[-83.836696,38.717857],[-83.834015,38.716008],[-83.8332638845197,38.7156106703491],[-83.821854,38.709575],[-83.81388,38.707446],[-83.8072357815375,38.7067141959567],[-83.806317,38.706613],[-83.798549,38.704668],[-83.790676,38.701676],[-83.787113,38.699489],[-83.78362,38.695641],[-83.779961,38.684907],[-83.777141,38.671205],[-83.775761,38.666748],[-83.77216,38.65815],[-83.769347,38.65522],[-83.76509,38.652881],[-83.762445,38.652103],[-83.7587736401926,38.6513731248766],[-83.74992,38.649613],[-83.738207,38.647932],[-83.720779,38.646704],[-83.717915,38.645247],[-83.716933,38.643657],[-83.713405,38.641591],[-83.7121718779562,38.641179724035],[-83.708164,38.639843],[-83.7053141053281,38.6397614373579],[-83.704006,38.639724],[-83.68552,38.63189],[-83.679484,38.630036],[-83.668111,38.628068],[-83.663911,38.62793],[-83.659304,38.628592],[-83.655425,38.629735],[-83.652916,38.630604],[-83.649737,38.632753],[-83.645914,38.637007],[-83.642994,38.643273],[-83.639954,38.652468],[-83.639396,38.659171],[-83.637377,38.66793],[-83.636208,38.670584],[-83.634018,38.673351],[-83.626922,38.679387],[-83.615736,38.684145],[-83.574754,38.692671],[-83.575121,38.691746],[-83.569098,38.692842],[-83.56187,38.695371],[-83.549298,38.698787],[-83.533339,38.702105],[-83.520953,38.703045],[-83.512571,38.701716],[-83.504365,38.699256],[-83.493342,38.694187],[-83.486477,38.690099],[-83.47642,38.682261],[-83.472157,38.678123],[-83.468059,38.67547],[-83.459809,38.673617],[-83.457055,38.673965],[-83.4566943863917,38.6738280771696],[-83.446989,38.670143],[-83.440404,38.669361],[-83.4374815344877,38.669226083606],[-83.420194,38.668428],[-83.412039,38.666499],[-83.384755,38.663171],[-83.376302,38.661473],[-83.366661,38.658537],[-83.356445,38.654009],[-83.340004,38.645674],[-83.327636,38.637489],[-83.322383,38.630615],[-83.320531,38.622713],[-83.320099,38.616043],[-83.319101,38.612233],[-83.317542,38.609242],[-83.311448,38.603314],[-83.307832,38.600824],[-83.301951,38.598178],[-83.294193,38.596588],[-83.288885,38.597977],[-83.2867152235238,38.5991337260506],[-83.286514,38.599241],[-83.26851,38.615104],[-83.267694,38.618221],[-83.2675276901775,38.618370647231],[-83.264011,38.621535],[-83.261126,38.622723],[-83.254558,38.623403],[-83.251103,38.626224],[-83.245572,38.627936],[-83.239515,38.628588],[-83.232404,38.627569],[-83.223076,38.624158],[-83.211027,38.618578],[-83.202453,38.616956],[-83.1914,38.617598],[-83.172647,38.620252],[-83.164744,38.620068],[-83.156926,38.620547],[-83.142836,38.625076],[-83.138572,38.628286],[-83.135046,38.631719],[-83.128973,38.640231],[-83.126311,38.645244],[-83.122547,38.6592],[-83.11786,38.666073],[-83.112372,38.671685],[-83.107436,38.67522],[-83.102746,38.677316],[-83.084226,38.68109],[-83.064319,38.688976],[-83.053104,38.695831],[-83.0449507260467,38.7052883736883],[-83.042338,38.708319],[-83.038442,38.716377],[-83.0382745077073,38.7166321587591],[-83.035964,38.720152],[-83.033014,38.723805],[-83.0308858850033,38.725567690406],[-83.030702,38.72572],[-83.027917,38.727143],[-83.021752,38.72879],[-83.0132883446179,38.729869252352],[-83.011816,38.730057],[-82.999296,38.729376],[-82.9970268334725,38.7290334842977],[-82.993996,38.728576],[-82.986095,38.726276],[-82.979395,38.725976],[-82.9692904420084,38.7286201833997],[-82.968695,38.728776],[-82.9657859419988,38.7306164244497],[-82.9608236790601,38.7337558152885],[-82.958895,38.734976],[-82.943147,38.74328],[-82.9314406731499,38.7473696621228],[-82.9313965104898,38.7473850905625],[-82.923694,38.750076],[-82.894193,38.756576],[-82.889193,38.756076],[-82.8848457983137,38.7540146529474],[-82.879492,38.751476],[-82.875492,38.747276],[-82.872592,38.742576],[-82.871292,38.739376],[-82.869892,38.728177],[-82.8699221948745,38.7278086225307],[-82.870392,38.722077],[-82.871192,38.718377],[-82.875292,38.704977],[-82.876892,38.697377],[-82.877592,38.690177],[-82.874892,38.682827],[-82.869592,38.678177],[-82.863291,38.669277],[-82.859391,38.660378],[-82.856291,38.646078],[-82.856791,38.632878],[-82.855795,38.620814],[-82.854291,38.613454],[-82.851314,38.604334],[-82.847186,38.595166],[-82.8470555751281,38.5949710872748],[-82.844306,38.590862],[-82.839538,38.586159],[-82.820161,38.572703],[-82.8159813238463,38.5707183365762],[-82.8118214197335,38.5687430616421],[-82.800112,38.563183],[-82.789776,38.559951],[-82.779472,38.559023],[-82.763695,38.560399],[-82.7510705392572,38.5596618357846],[-82.739582,38.558991],[-82.730958,38.559264],[-82.724846,38.5576],[-82.719662,38.553664],[-82.7167745444126,38.5520319598854],[-82.714142,38.550544],[-82.7113585479848,38.5493182306795],[-82.700045,38.544336],[-82.696621,38.542112],[-82.6921156574314,38.5379207317932],[-82.689965,38.53592],[-82.6892867647766,38.5349476771069],[-82.6816287451687,38.5239690851319],[-82.675724,38.515504],[-82.6739943313896,38.5138559195316],[-82.665548,38.505808],[-82.6654809126012,38.5057370043674],[-82.6601723802189,38.5001192188923],[-82.657051,38.496816],[-82.648395,38.490368],[-82.637707,38.484449],[-82.6297412378894,38.4816658736453],[-82.624106,38.479697],[-82.618474,38.477089],[-82.613802,38.474529],[-82.6113459540233,38.472272728098],[-82.610458,38.471457],[-82.608202,38.468049],[-82.604089,38.459841],[-82.604058958453,38.4596386528492],[-82.6015854919202,38.4429784287513],[-82.600761,38.437425],[-82.5973686509378,38.4279546922014],[-82.596921,38.426705],[-82.593673,38.421809],[-82.596281,38.417681],[-82.597113,38.412881],[-82.597033,38.409937],[-82.595001,38.40133],[-82.5960239891635,38.3990735781879],[-82.597801,38.395154],[-82.599241,38.39317],[-82.599737,38.39037],[-82.599273,38.388738],[-82.595369,38.382722],[-82.595382,38.382712],[-82.5949489780256,38.3813202739407],[-82.593008,38.375082],[-82.593952,38.371847],[-82.596654,38.367338],[-82.597524,38.364843],[-82.598189,38.357885],[-82.597979,38.344909],[-82.596525,38.342849],[-82.592543,38.34166],[-82.589724,38.340265],[-82.587951,38.338595],[-82.585363,38.334064],[-82.576936,38.328275],[-82.5759667693653,38.3261118690146],[-82.572691,38.318801],[-82.571877,38.315781],[-82.571964,38.313606],[-82.572893,38.311981],[-82.578352,38.305458],[-82.58146,38.300445],[-82.583056,38.296829],[-82.582823,38.295478],[-82.579743,38.291726],[-82.57948,38.284928],[-82.578782,38.281747],[-82.57672,38.277513],[-82.5746,38.274721],[-82.574656,38.263873],[-82.578254,38.254809],[-82.581796,38.248592],[-82.584001,38.246371],[-82.586061,38.245616],[-82.59497,38.245453],[-82.60423,38.247303],[-82.604625,38.247303],[-82.605333,38.247303],[-82.607131,38.245975],[-82.61226,38.236087],[-82.61252,38.234553],[-82.610367,38.226772],[-82.608944,38.22366],[-82.60575,38.221144],[-82.600353,38.218949],[-82.598437,38.217393],[-82.598864,38.201007],[-82.599326,38.197231],[-82.60425,38.187639],[-82.611343,38.171548],[-82.613487,38.170242],[-82.619429,38.169027],[-82.625457,38.170491],[-82.639054,38.171114],[-82.642997,38.16956],[-82.644739,38.165487],[-82.638947,38.156742],[-82.638398,38.152157],[-82.638288,38.143491],[-82.637306,38.13905],[-82.636466,38.13786],[-82.634265,38.136669],[-82.6285849083792,38.1353802101902],[-82.626182,38.134835],[-82.622125,38.133414],[-82.621167,38.131996],[-82.621164,38.123239],[-82.620351,38.121477],[-82.619452,38.120745],[-82.616149,38.120221],[-82.614337835365,38.1203388393727],[-82.606589,38.120843],[-82.602618,38.11835],[-82.601439895396,38.1178955003916],[-82.600127,38.117389],[-82.598011,38.115925],[-82.593605,38.110869],[-82.59178,38.109908],[-82.587782,38.108879],[-82.585696,38.107003],[-82.585142,38.098055],[-82.585488,38.094256],[-82.584039,38.090663],[-82.574075,38.082104],[-82.565736,38.08064],[-82.559598,38.072837],[-82.551259,38.070799],[-82.54958,38.068579],[-82.549407,38.063063],[-82.547284,38.061094],[-82.54485,38.058521],[-82.544779,38.054262],[-82.543916,38.052133],[-82.541245,38.048444],[-82.537293,38.045204],[-82.53747,38.042701],[-82.539071,38.039788],[-82.538639,38.037381],[-82.534976,38.03225],[-82.530371,38.028792],[-82.527068,38.027586],[-82.525817,38.026406],[-82.525831,38.019564],[-82.522591,38.012968],[-82.519665,38.008538],[-82.517606,38.007222],[-82.5175134091442,38.0064627549824],[-82.517351,38.005131],[-82.51781,38.002479],[-82.517351,38.001204],[-82.515974,37.999929],[-82.513271,37.999674],[-82.509812,38.001249],[-82.507197,38.001512],[-82.499874,37.999157],[-82.48978,37.998869],[-82.487732,37.99833],[-82.485967,37.995705],[-82.471629,37.986826],[-82.467015,37.985578],[-82.465473,37.98478],[-82.464257,37.983412],[-82.464067,37.980295],[-82.464987,37.976859],[-82.46938,37.973059],[-82.472669,37.960721],[-82.471657,37.959988],[-82.471801,37.959119],[-82.475096,37.954906],[-82.48096,37.949136],[-82.48512,37.946044],[-82.487836,37.945288],[-82.495294,37.946612],[-82.496681,37.946405],[-82.4973,37.945507],[-82.4972999070143,37.9454908576785],[-82.497285,37.942903],[-82.500386,37.936518],[-82.501948,37.934756],[-82.501862,37.9332],[-82.49814,37.9283],[-82.49574,37.927043],[-82.488279,37.91812],[-82.487556,37.916975],[-82.4863117550135,37.9153763244204],[-82.474574,37.900295],[-82.472523,37.899243],[-82.471223,37.899358],[-82.447596,37.904352],[-82.438582,37.900256],[-82.435751,37.897028],[-82.432113,37.88991],[-82.429023,37.888285],[-82.421484,37.885652],[-82.419781,37.883821],[-82.419204,37.882081],[-82.419337,37.875095],[-82.41869,37.872375],[-82.417679,37.870658],[-82.422127,37.863952],[-82.42409,37.863037],[-82.424264,37.861709],[-82.423513,37.860313],[-82.421983,37.859397],[-82.4213880826174,37.8546737766706],[-82.420484,37.847496],[-82.420484,37.846809],[-82.417367,37.845664],[-82.413153,37.845343],[-82.412172,37.844793],[-82.408941,37.836644],[-82.407874,37.835499],[-82.39968,37.829935],[-82.387769,37.818212],[-82.386586,37.818212],[-82.385259,37.81741],[-82.37958,37.810907],[-82.378514,37.80832],[-82.377393,37.803009],[-82.3763030673972,37.8026426687333],[-82.374867,37.80216],[-82.369973,37.801749],[-82.36778,37.800628],[-82.365557,37.798318],[-82.364979,37.796784],[-82.363795,37.795435],[-82.361199,37.794429],[-82.356122,37.793859],[-82.354275,37.793104],[-82.3514055569687,37.7899701409135],[-82.348849,37.787178],[-82.340455,37.786058],[-82.339705,37.785509],[-82.338377,37.780428],[-82.339097,37.778276],[-82.338895,37.776857],[-82.337596,37.775369],[-82.335981,37.7745],[-82.333903,37.766306],[-82.333816,37.765391],[-82.331162,37.763125],[-82.32946,37.762393],[-82.327356,37.762233],[-82.3215790534336,37.7560426338654],[-82.321012,37.755435],[-82.321415,37.751269],[-82.328221,37.74848],[-82.333581,37.743283],[-82.333349,37.7412],[-82.3330443202615,37.7409688362322],[-82.326834,37.736257],[-82.319686,37.734404],[-82.318879,37.733763],[-82.318302,37.733053],[-82.317869,37.72772],[-82.316197,37.721541],[-82.311702,37.718771],[-82.311097,37.717329],[-82.310665,37.7133],[-82.307235,37.707669],[-82.3062241410736,37.7070446841721],[-82.305679,37.706708],[-82.300954,37.706135],[-82.298074,37.704143],[-82.296634,37.702403],[-82.2969716188482,37.7011394944409],[-82.297325,37.699817],[-82.301964,37.696223],[-82.302886,37.693683],[-82.301504,37.690775],[-82.297788,37.687753],[-82.296262,37.687067],[-82.296118,37.686174],[-82.294737,37.678277],[-82.294392,37.677957],[-82.294134,37.673378],[-82.29471,37.672257],[-82.294393,37.670448],[-82.291773,37.669143],[-82.288174,37.668227],[-82.286446,37.670127],[-82.277876,37.669998],[-82.272021,37.663782],[-82.2719295837039,37.66375103242],[-82.267962,37.662407],[-82.257111,37.656749],[-82.252273,37.656907],[-82.2496254186784,37.6581899466055],[-82.243911,37.660959],[-82.240773,37.661785],[-82.23939,37.661465],[-82.226111,37.653092],[-82.225535,37.651947],[-82.224956,37.647003],[-82.223602,37.644554],[-82.21934,37.642931],[-82.216691,37.641329],[-82.21669,37.639956],[-82.219078,37.635903],[-82.220257,37.634781],[-82.2202,37.633912],[-82.214815,37.627572],[-82.215649,37.626244],[-82.21349,37.625408],[-82.209691,37.625103],[-82.204337,37.625811],[-82.203388,37.626132],[-82.202467,37.627483],[-82.201201,37.627895],[-82.2006848632024,37.6277608524889],[-82.192394,37.625606],[-82.187298,37.626935],[-82.186694,37.627576],[-82.181398,37.626798],[-82.182438,37.623971],[-82.18143,37.621842],[-82.176682,37.618202],[-82.1699041412401,37.6135149322075],[-82.1692,37.613028],[-82.169057,37.609869],[-82.168137,37.608495],[-82.164454,37.608014],[-82.157609,37.596773],[-82.156718,37.59279],[-82.148434,37.59091],[-82.146419,37.59265],[-82.141555,37.595166],[-82.131977,37.593537],[-82.130165,37.591544],[-82.127321,37.586667],[-82.125601,37.579021],[-82.124307,37.577806],[-82.124372,37.57641],[-82.116584,37.559588],[-82.103127,37.560097],[-82.102263,37.559456],[-82.101946,37.558106],[-82.089178,37.556004],[-82.084605,37.55541],[-82.07503,37.555824],[-82.073246,37.555023],[-82.064418,37.544516],[-82.063671,37.541929],[-82.064792,37.539021],[-82.064418,37.53687],[-82.063326,37.536206],[-82.061256,37.536001],[-82.05746,37.536893],[-82.054787,37.536756],[-82.04481,37.541814],[-82.045155,37.544516],[-82.04478,37.546713],[-82.042825,37.548361],[-82.038972,37.547926],[-82.038024,37.546918],[-82.036932,37.542729],[-82.028826,37.537667],[-82.025261,37.538261],[-82.021006,37.540526],[-82.018878,37.540572],[-82.016925,37.538556],[-82.01592,37.534321],[-82.013966,37.533564],[-82.009194,37.533243],[-82.007412,37.533677],[-81.994033,37.537612],[-81.992597,37.538323],[-81.989092,37.542514],[-81.987511,37.542835],[-81.982479,37.541807],[-81.980841,37.542357],[-81.976386,37.545426],[-81.970147,37.546504],[-81.9662456156854,37.5438824747592],[-81.964971,37.543026],[-81.965401,37.541171],[-81.968297,37.537798],[-82.050888,37.480527],[-82.062809,37.470911],[-82.124854,37.427272],[-82.1498258152267,37.4103307484948],[-82.201745,37.375108],[-82.202688,37.374041],[-82.254352,37.337745],[-82.2544624321979,37.3376682449765],[-82.2864525052966,37.3154337983343],[-82.291908,37.311642],[-82.309415,37.300066],[-82.3143123901533,37.296224662827],[-82.316028,37.294879],[-82.317083,37.293635],[-82.317395,37.290975],[-82.318957,37.287524],[-82.324619,37.28318],[-82.33157,37.282211],[-82.336942,37.279737],[-82.341849,37.280886],[-82.342068,37.274109],[-82.350948,37.267077],[-82.355343,37.26522],[-82.364535,37.264415],[-82.376595,37.2599],[-82.3794587766288,37.2600087293369],[-82.383285,37.260154],[-82.385663,37.259631],[-82.3860983414952,37.2595195530069],[-82.418085,37.251331],[-82.431022,37.246773],[-82.435728,37.246491],[-82.449164,37.243908],[-82.451998,37.242559],[-82.457016,37.238288],[-82.463073,37.238292],[-82.473275,37.235569],[-82.486439,37.231204],[-82.487317,37.230578],[-82.496308,37.227562],[-82.498858,37.227044],[-82.507895,37.222727],[-82.508342,37.222385],[-82.524464,37.214957],[-82.528746,37.213742],[-82.531787,37.212097],[-82.5359190760644,37.2103985911188],[-82.550372,37.204458],[-82.553835,37.202841],[-82.5538643292855,37.2028191532953],[-82.558178,37.199606],[-82.565329,37.196118],[-82.5653752160821,37.1960922172527],[-82.578988,37.188498],[-82.586718,37.185623],[-82.592451,37.182847],[-82.593232,37.18206],[-82.592766,37.180391],[-82.597447,37.177088],[-82.60829,37.173047],[-82.617423,37.168129],[-82.624878,37.162932],[-82.6328527306302,37.1549082083456],[-82.633493,37.154264],[-82.651646,37.151908],[-82.653268,37.151314],[-82.65476,37.150601],[-82.657468,37.145024],[-82.662449,37.143865],[-82.667717,37.141949],[-82.67153,37.138444],[-82.6743550722579,37.1365665546542],[-82.676765,37.134965],[-82.679428,37.135575],[-82.684601,37.135835],[-82.695667,37.131514],[-82.70787,37.125488],[-82.716334,37.122093],[-82.718334,37.122267],[-82.722097,37.120168],[-82.726201,37.115882],[-82.726449,37.114985],[-82.7264401572135,37.1148062616125],[-82.726294,37.111852],[-82.721941,37.105689],[-82.721617,37.101276],[-82.722179,37.094309],[-82.724358,37.09299],[-82.724954,37.091905],[-82.72304,37.084992],[-82.720597,37.081833],[-82.718183,37.080679],[-82.717204,37.079544],[-82.71674,37.07722],[-82.718353,37.075706],[-82.721676,37.07519],[-82.723747,37.075525],[-82.727022,37.073019],[-82.726312,37.06687],[-82.723904,37.062542],[-82.722254,37.057948],[-82.723128,37.052436],[-82.723279,37.047616],[-82.722472,37.045101],[-82.724714,37.042758],[-82.7250951724975,37.0425972499372],[-82.726279,37.042098],[-82.731722,37.043447],[-82.733603,37.044525],[-82.742454,37.04298],[-82.743684,37.041397],[-82.745562,37.029839],[-82.747981,37.025214],[-82.750715,37.024107],[-82.751852,37.025624],[-82.754051,37.026587],[-82.759175,37.027333],[-82.766408,37.023106],[-82.767083,37.020935],[-82.771795,37.015716],[-82.7743562471201,37.0155151629299],[-82.777368,37.015279],[-82.778386,37.012521],[-82.782144,37.008242],[-82.788897,37.00816],[-82.789092,37.007995],[-82.790462,37.007263],[-82.79089,37.00676],[-82.793441,37.005491],[-82.794824,37.005899],[-82.795695,37.006702],[-82.796187,37.008502],[-82.797487,37.009654],[-82.800531,37.007944],[-82.813579,37.00532],[-82.815748,37.007196],[-82.818006,37.006161],[-82.819715,37.006212],[-82.821798,37.00438],[-82.822684,37.004128],[-82.825224,37.006279],[-82.828592,37.005707],[-82.829961,37.003555],[-82.830588,37.000945],[-82.829125,36.997541],[-82.830802,36.993445],[-82.833843,36.991973],[-82.836008,36.988837],[-82.838549,36.987027],[-82.840051,36.987113],[-82.841252,36.986858],[-82.845002,36.983812],[-82.849429,36.983479],[-82.851397,36.984497],[-82.852614,36.984963],[-82.853729,36.985178],[-82.856417,36.982216],[-82.856768,36.979095],[-82.857936,36.978276],[-82.860561,36.978265],[-82.862926,36.979975],[-82.864909,36.97901],[-82.866019,36.978272],[-82.866689,36.978052],[-82.867535,36.977518],[-82.868455,36.976481],[-82.869183,36.974182],[-82.8694630847178,36.9720796959173],[-82.870274,36.965993],[-82.87023,36.965498],[-82.867358,36.963182],[-82.865404,36.958084],[-82.864211,36.957983],[-82.862866,36.957765],[-82.860534,36.956015],[-82.858443,36.954036],[-82.855705,36.953808],[-82.856099,36.952471],[-82.859969,36.949074],[-82.860633,36.94584],[-82.861282,36.944848],[-82.861684,36.939316],[-82.860537,36.937439],[-82.858784,36.933065],[-82.858461,36.932717],[-82.857965,36.929529],[-82.858635,36.927785],[-82.860032,36.925241],[-82.861943,36.924236],[-82.863468,36.922308],[-82.865192,36.920923],[-82.867116,36.917965],[-82.872136,36.913456],[-82.873777,36.912299],[-82.8744623576499,36.9117140002996],[-82.876215,36.910218],[-82.877473,36.90796],[-82.872561,36.903376],[-82.870068,36.901735],[-82.873213,36.897263],[-82.876438,36.896238],[-82.878639,36.893981],[-82.8782081655467,36.8927955121479],[-82.877862,36.891843],[-82.878569,36.889585],[-82.879492,36.889085],[-82.884626,36.888477],[-82.887627,36.88689],[-82.890028,36.884287],[-82.895445,36.882145],[-82.906325,36.87974],[-82.907981,36.878749],[-82.908004,36.877233],[-82.907276,36.875643],[-82.907774,36.874706],[-82.910315,36.874055],[-82.91169,36.874248],[-82.911824,36.874243],[-82.92241,36.873925],[-82.937573,36.867275],[-82.951685,36.866152],[-82.960955,36.862536],[-82.970253,36.857686],[-82.971934,36.857767],[-82.973395,36.859097],[-82.979227,36.859693],[-82.988707,36.859137],[-82.998376,36.85663],[-83.003786,36.851789],[-83.006086,36.847889],[-83.009222,36.847295],[-83.012587,36.847289],[-83.021887,36.849989],[-83.024387,36.851689],[-83.025887,36.855289],[-83.026887,36.855489],[-83.042188,36.854389],[-83.044288,36.852989],[-83.047589,36.851789],[-83.052489,36.851989],[-83.060489,36.853789],[-83.063989,36.851689],[-83.066189,36.851889],[-83.06929,36.853589],[-83.07259,36.854589],[-83.07274192,36.85438644],[-83.07559,36.850589],[-83.07379,36.844889],[-83.07519,36.840889],[-83.07969,36.840589],[-83.086991,36.838189],[-83.088991,36.835989],[-83.091291,36.834389],[-83.098892,36.831789],[-83.101792,36.829089],[-83.102092,36.828189],[-83.10205006042,36.8280317265751],[-83.101692,36.826689],[-83.099792,36.824889],[-83.098892,36.822989],[-83.098492,36.814289],[-83.103092,36.806689],[-83.108029,36.802181],[-83.110793,36.800388],[-83.114693,36.796088],[-83.119144,36.789531],[-83.123341,36.786654],[-83.128794,36.785388],[-83.131694,36.781488],[-83.128494,36.775588],[-83.128894,36.769888],[-83.131245,36.767105],[-83.132286,36.76561],[-83.132477,36.764398],[-83.1256656539027,36.7614116710383],[-83.125655,36.761407],[-83.125728,36.761276],[-83.126719,36.761],[-83.128813,36.757864],[-83.128272,36.75637],[-83.127833,36.750828],[-83.130994,36.749788],[-83.134294,36.746588],[-83.136395,36.743088],[-83.146095,36.741788],[-83.156696,36.742187],[-83.161496,36.739887],[-83.167396,36.739187],[-83.175696,36.739587],[-83.194597,36.739487],[-83.199698,36.737487],[-83.219999,36.731287],[-83.236399,36.726887],[-83.238499,36.727087],[-83.2463,36.725287],[-83.2555,36.721787],[-83.263601,36.720987],[-83.269301,36.718487],[-83.272501,36.717787],[-83.275501,36.717987],[-83.285702,36.715187],[-83.286902,36.713987],[-83.287802,36.713787],[-83.307103,36.711387],[-83.311403,36.710287],[-83.313003,36.709087],[-83.315703,36.708187],[-83.342804,36.701286],[-83.349705,36.698386],[-83.350468678733,36.6976917466063],[-83.350805,36.697386],[-83.353613,36.696699],[-83.354606,36.696153],[-83.356405,36.694686],[-83.359205,36.693586],[-83.360205,36.693586],[-83.362105,36.694786],[-83.364005,36.694586],[-83.367505,36.692686],[-83.386099,36.686589],[-83.389306,36.684986],[-83.395306,36.679486],[-83.395607,36.678987],[-83.394906,36.677586],[-83.395806,36.676786],[-83.411807,36.670786],[-83.419507,36.668486],[-83.423707,36.667385],[-83.431708,36.666485],[-83.436508,36.666185],[-83.440808,36.666885],[-83.448108,36.665285],[-83.454709,36.664785],[-83.458009,36.665785],[-83.460808,36.664885],[-83.4610151191699,36.6648782480975],[-83.466483,36.6647],[-83.48261,36.666185],[-83.48891,36.667685],[-83.493911,36.670085],[-83.498011,36.670485],[-83.499911,36.670185],[-83.501411,36.669085],[-83.506911,36.668685],[-83.511711,36.669085],[-83.516011,36.667585],[-83.527112,36.665985],[-83.529612,36.666184],[-83.531912,36.664984],[-83.533012,36.663284],[-83.533112,36.661884],[-83.541812,36.656584],[-83.547312,36.654484],[-83.554112,36.653784],[-83.562612,36.651284],[-83.565712,36.648384],[-83.569812,36.645684],[-83.577312,36.641784],[-83.5842272676923,36.6413998184615],[-83.584512,36.641384],[-83.600713,36.637084],[-83.603013,36.636883],[-83.604313,36.637683],[-83.605613,36.637783],[-83.607913,36.637083],[-83.614513,36.633983],[-83.616413,36.631383],[-83.619913,36.627983],[-83.625013,36.625183],[-83.628913,36.624083],[-83.635013,36.622883],[-83.639813,36.624783],[-83.645213,36.624183],[-83.648314,36.622683],[-83.649513,36.616683],[-83.657714,36.611782],[-83.663614,36.606782],[-83.665614,36.605782],[-83.673114,36.604682],[-83.6738978357588,36.6038459085239],[-83.674614,36.603082],[-83.675413,36.600814],[-83.675614,36.598582],[-83.6761382396998,36.5978830137336],[-83.677114,36.596582],[-83.679514,36.594082],[-83.683014,36.592182],[-83.687514,36.587182],[-83.688814,36.584382],[-83.690714,36.582581],[-83.6907980433735,36.5825821114247],[-83.789017,36.583881],[-83.8404634007862,36.5851500281398],[-83.894421,36.586481],[-83.9307607839439,36.5876942581124],[-83.9876109506828,36.5895922860725],[-83.987842,36.5896],[-84.1046432341299,36.5911162474669],[-84.127503,36.591413],[-84.1976141739386,36.591952376149],[-84.2013158553927,36.5919808537593],[-84.2271936534631,36.5921799356786],[-84.227332,36.592181],[-84.261333,36.591981],[-84.271176,36.591882],[-84.442837,36.596079],[-84.499938,36.596678],[-84.5209215590057,36.5964832220564],[-84.543138,36.596277],[-84.5624024129033,36.5970536901842],[-84.6051908837286,36.5987788081752],[-84.624939,36.599575],[-84.7784559169908,36.6032090178664],[-84.785341,36.603372],[-84.7853995566039,36.6033748414415],[-84.803744,36.604265],[-84.843091,36.605127],[-84.859759,36.606428],[-84.859738,36.606495],[-84.9125839367586,36.6103067351843],[-84.943948,36.612569],[-84.9748750576222,36.6155518237457],[-84.986448,36.616668],[-85.024627,36.619354],[-85.086415,36.621913],[-85.096128,36.622483],[-85.1701387810015,36.624731423126],[-85.195372,36.625498],[-85.2038271394698,36.6256038498991],[-85.276289,36.626511],[-85.290627,36.62645],[-85.2959488756198,36.6258382676941],[-85.296073,36.625824],[-85.300402,36.624437],[-85.324654,36.62455],[-85.334124,36.622951],[-85.430123,36.618952],[-85.4364330342016,36.6185230953912],[-85.488353,36.614994],[-85.551483,36.615727],[-85.552017,36.615782],[-85.5870608388491,36.6164437459949],[-85.6653476268401,36.6179220648693],[-85.677789,36.618157],[-85.731862,36.620429],[-85.7452192379359,36.6207623252233],[-85.7886129951215,36.6218452013294],[-85.788645,36.621846],[-85.80149,36.622418],[-85.832172,36.622046],[-85.873857,36.623642],[-85.9207280166585,36.6260795932796],[-85.959981,36.628121],[-85.9758456222591,36.6286105237137],[-86.03277,36.630367],[-86.033139,36.630413],[-86.038366,36.630804],[-86.080666,36.63394],[-86.081944,36.633848],[-86.12811632196,36.6360502187826],[-86.1650459242246,36.6378116000666],[-86.197573,36.639363],[-86.204859,36.639741],[-86.2054686100012,36.6397833130926],[-86.216183,36.640527],[-86.21641,36.640595],[-86.219081,36.640824],[-86.222151,36.640891],[-86.293357,36.645356],[-86.333051,36.648778],[-86.359073,36.649845],[-86.373784,36.650126],[-86.374991,36.649803],[-86.4110524007623,36.6505889723948],[-86.4113861435174,36.6505962464493],[-86.4596729894085,36.651648677223],[-86.468497,36.651841],[-86.47219,36.651763],[-86.473413,36.651676],[-86.473497,36.651671],[-86.507771,36.652445],[-86.543777,36.640536],[-86.543388,36.64389],[-86.550054,36.644817],[-86.551292,36.637985],[-86.5639157484191,36.6335518059594],[-86.564143,36.633472],[-86.5714468167198,36.6388624735904],[-86.589906,36.652486],[-86.605042,36.652125],[-86.606394,36.652107],[-86.713786,36.649341],[-86.75892,36.649018],[-86.7632948135703,36.6489071684793],[-86.813037,36.647647],[-86.816186,36.647722],[-86.818405,36.647639],[-86.833155,36.64721],[-86.8540255298461,36.6468877439147],[-86.854268,36.646884],[-86.906023,36.646302],[-86.906583,36.646255],[-87.011522,36.643949],[-87.0608458150142,36.6432171572868],[-87.114976,36.642414],[-87.1979612531896,36.6420412794849],[-87.2035604632039,36.642016131156],[-87.23053,36.641895],[-87.231037,36.641888],[-87.247655,36.641841],[-87.2483624527813,36.6418381695445],[-87.278398,36.641718],[-87.281506,36.641761],[-87.3149492444387,36.6416269600103],[-87.335979533755,36.6415426709465],[-87.344131,36.64151],[-87.347796,36.64144],[-87.3558691509244,36.6413922988241],[-87.3627626139486,36.6413515679749],[-87.3836601191704,36.6412280925708],[-87.4079059092589,36.6410848334259],[-87.4094478325022,36.6410757227884],[-87.4142959709118,36.6410470769839],[-87.414309,36.641047],[-87.425009,36.641047],[-87.4363215449599,36.6407518901315],[-87.4363256493118,36.6407517830615],[-87.436509,36.640747],[-87.4516284216772,36.6405517688531],[-87.4754637047213,36.6402439932156],[-87.4756760017987,36.6402412519069],[-87.563052,36.639113],[-87.564928,36.639113],[-87.64115,36.638036],[-87.694191328389,36.6370710817038],[-87.744768,36.636151],[-87.7967639070715,36.6347585093683],[-87.8018430728621,36.6346224853776],[-87.853204,36.633247],[-87.849567,36.663701],[-87.872062,36.665089],[-87.9119412773028,36.6684955630422],[-87.9123130699728,36.6685273222729],[-88.011792,36.677025],[-88.044772,36.677983],[-88.070532,36.678118],[-88.068208,36.659747],[-88.064401,36.650854],[-88.05858,36.643315],[-88.057042,36.64054],[-88.055604,36.63571],[-88.0556537762859,36.6337653816661],[-88.055738,36.630475],[-88.045127,36.602939],[-88.041196,36.584123],[-88.039625,36.572783],[-88.035625,36.561736],[-88.033802,36.551733],[-88.032489,36.540662],[-88.034132,36.53112],[-88.035854,36.525912],[-88.03727,36.523783],[-88.03783,36.521015],[-88.037329,36.51783],[-88.037822,36.51385],[-88.039481,36.510408],[-88.045304,36.504081],[-88.050466,36.500053],[-88.053205,36.497129],[-88.0532916180151,36.4971306477427],[-88.127378,36.49854],[-88.1377328246476,36.4986412911457],[-88.1760579266606,36.4990161882225],[-88.3093239605968,36.5003197997965],[-88.320794,36.500432],[-88.325895,36.500483],[-88.330799,36.500531],[-88.41636,36.500756],[-88.450161,36.501101],[-88.452543,36.500872],[-88.472564,36.501028],[-88.4890752146435,36.5010676761135],[-88.48921,36.501068],[-88.51192,36.501457],[-88.51227,36.501506],[-88.5163456859488,36.5014314866172],[-88.516427,36.50143],[-88.545192,36.501814],[-88.577283,36.50194],[-88.661133,36.502243],[-88.6614646923627,36.5022455678855],[-88.715255,36.502662],[-88.747523,36.502834],[-88.799594,36.502757],[-88.8167651860365,36.5028152435007],[-88.827012,36.50285],[-88.8273011555617,36.5028524305169],[-88.834626,36.502914],[-88.834865800811,36.5029112012574],[-88.874725,36.502446],[-88.884557,36.501704],[-88.89951,36.502218],[-88.9641660287314,36.5021911267564],[-88.964471,36.502191],[-89.000063,36.502633],[-89.006825,36.502684],[-89.010439,36.50271],[-89.034649,36.502964],[-89.058871,36.503157],[-89.072118,36.503249],[-89.090146,36.503392],[-89.117537,36.503603],[-89.119805,36.503647],[-89.120002076277,36.5036509715733],[-89.1602570254511,36.5044622081409],[-89.163224,36.504522],[-89.163429,36.504526],[-89.211409,36.50563],[-89.279091,36.506511],[-89.282298,36.506782],[-89.300284,36.507147],[-89.346053,36.50321],[-89.356593,36.502195],[-89.380085,36.500416],[-89.381792,36.500062],[-89.391044,36.499079],[-89.403913,36.499141],[-89.417293,36.499033],[-89.405654,36.528165]]],[[[-89.571509,36.552569],[-89.569807,36.558119],[-89.566817,36.564216],[-89.563185,36.568749],[-89.558089,36.573514],[-89.55264,36.577178],[-89.546113,36.579989],[-89.542459,36.580566],[-89.527583,36.581147],[-89.522338,36.58018],[-89.518702,36.578698],[-89.5181810796452,36.578587885754],[-89.514468,36.577803],[-89.500076,36.576305],[-89.484836,36.571821],[-89.480893,36.569771],[-89.479093,36.568206],[-89.473341,36.559918],[-89.467761,36.546847],[-89.465445,36.536163],[-89.465888,36.529946],[-89.468668,36.521291],[-89.47246,36.513741],[-89.477186,36.50707],[-89.482474,36.502131],[-89.485427,36.497491],[-89.492537,36.497775],[-89.498036,36.497887],[-89.539232,36.497934],[-89.542955,36.504957],[-89.554321,36.517022],[-89.558349,36.522099],[-89.560344,36.525436],[-89.5640495779805,36.5332760800057],[-89.565804,36.536988],[-89.570071,36.544387],[-89.571241,36.547343],[-89.571509,36.552569]]]]}},{"type":"Feature","properties":{"STATEFP":"28","STUSPS":"MS","NAME":"Mississippi"},"geometry":{"type":"MultiPolygon","coordinates":[[[[-88.510674,30.217021],[-88.492378,30.219217],[-88.465441,30.208237],[-88.453244,30.206481],[-88.443079,30.208237],[-88.42834,30.214826],[-88.408519,30.218778],[-88.404581,30.206162],[-88.4264253989341,30.19443700234],[-88.429356,30.192864],[-88.453752,30.189349],[-88.494411,30.196817],[-88.508642,30.205602],[-88.5096209561203,30.2111033287094],[-88.510674,30.217021]]],[[[-88.771991,30.245523],[-88.73684,30.253028],[-88.714986,30.256979],[-88.688558,30.249955],[-88.656031,30.239417],[-88.608764,30.231952],[-88.587424,30.219154],[-88.6085220472181,30.2172696463145],[-88.611306,30.217021],[-88.644341,30.220535],[-88.671786,30.22317],[-88.7128742124755,30.2369526223838],[-88.714986,30.237661],[-88.741415,30.23327],[-88.75717,30.23327],[-88.768351,30.236783],[-88.771991,30.245523]]],[[[-88.988629,30.216293],[-88.95773,30.220401],[-88.936339,30.221428],[-88.897122,30.240937],[-88.881673,30.24915],[-88.872166,30.245043],[-88.876919,30.235803],[-88.893557,30.224508],[-88.947035,30.206023],[-88.9482946067507,30.2057508660104],[-88.970803,30.200888],[-88.993382,30.208077],[-88.988629,30.216293]]],[[[-89.159758,30.238883],[-89.0899545942465,30.2379254862398],[-89.084889,30.237856],[-89.070628,30.258388],[-89.056368,30.24915],[-89.06231,30.229642],[-89.074194,30.212185],[-89.088384,30.210091],[-89.1062104407869,30.2065139289636],[-89.108657,30.206023],[-89.127671,30.219374],[-89.170454,30.228616],[-89.159758,30.238883]]],[[[-91.655009,31.251815],[-91.654027,31.255753],[-91.651369,31.259528],[-91.648669,31.262238],[-91.641253,31.266917],[-91.637672,31.26768],[-91.621358,31.267811],[-91.606672,31.2659],[-91.587749,31.262563],[-91.574493,31.261289],[-91.564192,31.261633],[-91.553905,31.26305],[-91.537734,31.267369],[-91.518578,31.275283],[-91.515614,31.27821],[-91.512085,31.284177],[-91.508858,31.291644],[-91.508296,31.295829],[-91.507977,31.312943],[-91.50866,31.315131],[-91.510049,31.316822],[-91.518509,31.323332],[-91.531657,31.331801],[-91.533206,31.333225],[-91.536061,31.338355],[-91.545617,31.343762],[-91.548967,31.347255],[-91.548894,31.353998],[-91.550869,31.360574],[-91.551002,31.363645],[-91.549915,31.376315],[-91.546607,31.381198],[-91.546207,31.38248],[-91.552432,31.385658],[-91.55568,31.386413],[-91.560524,31.384559],[-91.562555,31.383219],[-91.568953,31.377629],[-91.571234,31.384664],[-91.573931,31.390886],[-91.578334,31.399067],[-91.578246,31.403859],[-91.576265,31.410498],[-91.570092,31.419487],[-91.565179,31.423447],[-91.554805,31.42857],[-91.55275,31.430692],[-91.548465,31.432668],[-91.545013,31.433026],[-91.541626,31.431706],[-91.540647,31.430758],[-91.537137,31.424161],[-91.537002,31.423184],[-91.539504,31.41791],[-91.539458,31.414021],[-91.532336,31.390275],[-91.52695,31.380855],[-91.521836,31.37517],[-91.515978,31.370286],[-91.508075,31.366276],[-91.504163,31.36495],[-91.47887,31.364955],[-91.472465,31.371326],[-91.471098,31.376917],[-91.471992,31.382143],[-91.472149,31.391434],[-91.472065,31.395925],[-91.476926,31.397796],[-91.48023,31.404391],[-91.49004,31.412716],[-91.500046,31.42052],[-91.506423,31.43146],[-91.510356,31.438928],[-91.513366,31.444396],[-91.51513,31.449206],[-91.516999,31.460574],[-91.518148,31.483483],[-91.51714,31.498394],[-91.515157,31.50338],[-91.514917,31.510113],[-91.516759,31.511772],[-91.520579,31.513207],[-91.522862,31.517493],[-91.52292,31.519841],[-91.522536,31.522078],[-91.521445,31.523912],[-91.5180421394486,31.5281282861348],[-91.51581,31.530894],[-91.513963,31.532084],[-91.511217,31.532612],[-91.506719,31.532966],[-91.500118,31.532616],[-91.489618,31.534266],[-91.483918,31.532566],[-91.481318,31.530666],[-91.479718,31.530366],[-91.450017,31.539666],[-91.443916,31.542466],[-91.437616,31.546166],[-91.426416,31.554566],[-91.4198546253413,31.5589018357887],[-91.414915,31.562166],[-91.407915,31.569366],[-91.4077734,31.5696492],[-91.406615,31.571966],[-91.405415,31.576466],[-91.403915,31.589766],[-91.413015,31.595365],[-91.417115,31.596265],[-91.422716,31.597065],[-91.430716,31.596465],[-91.436316,31.594965],[-91.457517,31.587566],[-91.466317,31.586066],[-91.4671464203883,31.5860280141796],[-91.479418,31.585466],[-91.485218,31.586166],[-91.488618,31.587466],[-91.494118,31.590165],[-91.502783,31.595727],[-91.51301,31.606885],[-91.5148155315998,31.6093889885807],[-91.516567,31.611818],[-91.517233,31.61346],[-91.517921,31.618642],[-91.516659,31.627332],[-91.515462,31.630372],[-91.512336,31.634722],[-91.50731,31.639068],[-91.499278,31.644658],[-91.497665,31.645371],[-91.494478,31.645013],[-91.492748,31.644279],[-91.490027,31.641],[-91.487518,31.637065],[-91.482618,31.631565],[-91.479818,31.628965],[-91.474318,31.625365],[-91.463817,31.620365],[-91.436716,31.612665],[-91.429616,31.611365],[-91.421116,31.611565],[-91.416498,31.613133],[-91.401015,31.620365],[-91.398315,31.626265],[-91.396115,31.639265],[-91.395715,31.644165],[-91.398015,31.662665],[-91.400115,31.688164],[-91.400015,31.697864],[-91.397915,31.709364],[-91.397115,31.711364],[-91.380915,31.732464],[-91.3800788050052,31.7327598853811],[-91.355144,31.741583],[-91.334666,31.744071],[-91.318576,31.745315],[-91.3165801943028,31.7453109122142],[-91.291723,31.74526],[-91.275545,31.745515],[-91.263406,31.754468],[-91.259611,31.76129],[-91.263043,31.766995],[-91.2662786530318,31.7682446294555],[-91.273874,31.771178],[-91.286045,31.772062],[-91.301315,31.766748],[-91.322232,31.767702],[-91.348562,31.765837],[-91.364685,31.770345],[-91.363714,31.780363],[-91.359514,31.799362],[-91.345714,31.842861],[-91.343014,31.846861],[-91.338414,31.851261],[-91.333814,31.853261],[-91.326914,31.854961],[-91.294713,31.86046],[-91.293413,31.86016],[-91.289312,31.846861],[-91.290135,31.833658],[-91.289412,31.828661],[-91.287812,31.824161],[-91.284912,31.818362],[-91.282212,31.814762],[-91.280212,31.813162],[-91.276712,31.811362],[-91.269212,31.809162],[-91.262011,31.809362],[-91.255611,31.812662],[-91.250111,31.817762],[-91.247367,31.822323],[-91.245047,31.831447],[-91.245624,31.833165],[-91.261144,31.846119],[-91.266612,31.851161],[-91.268112,31.853061],[-91.268812,31.855161],[-91.269012,31.858661],[-91.267712,31.86266],[-91.266512,31.86426],[-91.264412,31.86546],[-91.248144,31.869848],[-91.234899,31.876863],[-91.226951,31.885105],[-91.20881,31.900459],[-91.20511,31.904159],[-91.20281,31.907959],[-91.20101,31.909159],[-91.19751,31.908659],[-91.19381,31.909559],[-91.19261,31.910159],[-91.19081,31.912959],[-91.18921,31.914259],[-91.18321,31.916159],[-91.18061,31.917959],[-91.18111,31.920059],[-91.18491,31.923759],[-91.1846256046064,31.9259865269207],[-91.18371,31.933158],[-91.18471,31.935058],[-91.19111,31.934158],[-91.19291,31.934958],[-91.19321,31.935658],[-91.18951,31.946358],[-91.18881,31.953158],[-91.18911,31.957458],[-91.18831,31.960958],[-91.18481,31.965557],[-91.17741,31.973257],[-91.17021,31.979057],[-91.16441,31.982557],[-91.117409,31.987057],[-91.104108,31.990357],[-91.096108,31.994857],[-91.090105,32.000157],[-91.075908,32.016828],[-91.079928,32.018316],[-91.080808,32.023456],[-91.082608,32.028656],[-91.084408,32.031456],[-91.088108,32.034455],[-91.095508,32.037455],[-91.125109,32.042855],[-91.14511,32.046555],[-91.15141,32.049255],[-91.15631,32.052655],[-91.15901,32.055955],[-91.16131,32.059755],[-91.16201,32.062355],[-91.16201,32.065354],[-91.16161,32.067754],[-91.16031,32.070354],[-91.15581,32.075554],[-91.14881,32.080154],[-91.14511,32.081354],[-91.139309,32.081754],[-91.134909,32.080354],[-91.128609,32.076554],[-91.124109,32.071854],[-91.114309,32.058255],[-91.103708,32.050255],[-91.098708,32.048355],[-91.082308,32.047555],[-91.080208,32.048355],[-91.079108,32.050255],[-91.081708,32.075754],[-91.081508,32.077754],[-91.080008,32.079154],[-91.066679,32.08533],[-91.038607,32.098254],[-91.034707,32.101053],[-91.030507,32.108153],[-91.0307064962793,32.1143368859173],[-91.030907,32.120552],[-91.0307991898912,32.1205658494524],[-91.027007,32.121053],[-91.020006,32.123553],[-91.017606,32.125153],[-91.011806,32.131153],[-91.006406,32.139952],[-91.005006,32.142852],[-91.004106,32.146152],[-91.00619,32.156957],[-91.016606,32.160852],[-91.025007,32.162552],[-91.031907,32.167851],[-91.041807,32.174551],[-91.050207,32.178451],[-91.057647,32.177354],[-91.058907,32.171251],[-91.055707,32.163752],[-91.049707,32.157352],[-91.048507,32.150152],[-91.050207,32.145252],[-91.051207,32.144152],[-91.053175,32.124237],[-91.061555,32.126907],[-91.069081,32.131478],[-91.077043,32.133493],[-91.08163,32.133992],[-91.091656,32.133604],[-91.101181,32.131136],[-91.103696,32.130007],[-91.111294,32.125036],[-91.113866,32.125731],[-91.131403,32.126213],[-91.136566,32.127371],[-91.1444,32.13039],[-91.155043,32.132243],[-91.162822,32.132694],[-91.165452,32.13429],[-91.171702,32.14425],[-91.173495,32.149009],[-91.174552,32.154978],[-91.173664,32.164231],[-91.171046,32.176526],[-91.168073,32.186635],[-91.164171,32.196888],[-91.162062,32.199035],[-91.158026,32.201956],[-91.133587,32.213432],[-91.130197,32.213666],[-91.128495,32.213169],[-91.124043,32.211104],[-91.11727,32.206668],[-91.114084,32.206697],[-91.113009,32.20655],[-91.108509,32.20815],[-91.100409,32.21785],[-91.092108,32.22385],[-91.083708,32.22645],[-91.075108,32.22705],[-91.071108,32.22605],[-91.061408,32.21865],[-91.055107,32.22475],[-91.053107,32.22795],[-91.051807,32.234449],[-91.050307,32.237949],[-91.046507,32.241149],[-91.039007,32.242349],[-91.034307,32.241549],[-91.026607,32.238749],[-91.021507,32.236149],[-91.009606,32.22615],[-91.006106,32.22405],[-91.002906,32.22305],[-91.005006,32.21285],[-91.003536,32.200766],[-91.00225,32.198293],[-91.000078,32.197527],[-90.997012,32.197399],[-90.993946,32.198293],[-90.991391,32.199443],[-90.990304,32.200346],[-90.983381,32.211767],[-90.983263,32.226201],[-90.983135,32.231371],[-90.98029,32.243601],[-90.976139,32.248092],[-90.970016,32.25168],[-90.969403,32.25252],[-90.971344,32.257742],[-90.979663,32.265252],[-90.981028,32.266733],[-90.982985,32.270294],[-90.984077,32.279954],[-90.980747,32.29141],[-90.979475,32.293702],[-90.976199,32.29645],[-90.974602,32.297122],[-90.971643,32.297497],[-90.964149,32.296872],[-90.963079,32.296285],[-90.961171,32.293288],[-90.955405,32.286241],[-90.953008,32.284043],[-90.951351,32.283199],[-90.947834,32.283486],[-90.933991,32.290343],[-90.9234496740595,32.2977792959185],[-90.922231,32.298639],[-90.916157,32.303582],[-90.9065484299256,32.3140049891148],[-90.905173,32.315497],[-90.902558,32.319587],[-90.893653,32.328095],[-90.8882535885815,32.3372182919307],[-90.8835446495825,32.3451749045766],[-90.8779134481662,32.354689848051],[-90.8761,32.357754],[-90.8757158777355,32.369777272587],[-90.875631,32.372434],[-90.878289,32.374548],[-90.888947,32.373246],[-90.89206,32.370579],[-90.897762,32.35436],[-90.907756,32.343611],[-90.912363,32.339454],[-90.92117,32.342073],[-90.934897,32.344967],[-90.942981,32.345956],[-90.954583,32.345859],[-90.986672,32.35176],[-90.993625,32.354047],[-91.000106,32.357695],[-91.003506,32.362145],[-91.004506,32.364744],[-91.004506,32.368144],[-91.000606,32.381644],[-90.996237,32.388061],[-90.994686,32.392277],[-90.99378,32.396778],[-90.99408,32.403862],[-90.980723,32.408243],[-90.974461,32.412001],[-90.971141,32.414636],[-90.967767,32.418279],[-90.966255,32.421027],[-90.965986,32.424806],[-90.966457,32.433868],[-90.966869,32.435499],[-90.96856,32.438084],[-90.96959,32.43949],[-90.978547,32.447032],[-90.983423,32.449077],[-90.993863,32.45085],[-90.998974,32.450165],[-91.004806,32.445741],[-91.016506,32.440342],[-91.026306,32.434442],[-91.029606,32.433542],[-91.052907,32.438442],[-91.070207,32.445141],[-91.081807,32.450441],[-91.095308,32.458741],[-91.108808,32.47204],[-91.112108,32.47614],[-91.116008,32.48314],[-91.117308,32.495039],[-91.116708,32.500139],[-91.106985,32.514934],[-91.101304,32.525599],[-91.097878,32.544751],[-91.067406,32.523218],[-91.050907,32.500139],[-91.045807,32.495539],[-91.038106,32.49044],[-91.024106,32.48524],[-91.004206,32.48214],[-90.996388,32.483925],[-90.990703,32.487749],[-90.987202,32.495663],[-90.988699,32.50023],[-90.994867,32.508611],[-91.007075,32.516371],[-91.031647,32.525018],[-91.057004,32.538286],[-91.070849,32.54852],[-91.076511,32.558829],[-91.0702133080007,32.5625449638554],[-91.069354,32.563052],[-91.049312,32.573624],[-91.0434509306582,32.5762695534421],[-91.03617,32.579556],[-91.030991,32.583347],[-91.022943,32.591848],[-91.016231,32.596953],[-91.013723,32.598419],[-91.010228,32.601927],[-91.004599,32.60978],[-91.002997,32.614678],[-91.002962,32.622555],[-91.0035,32.624845],[-91.00682,32.631261],[-91.014286,32.640482],[-91.019115,32.643845],[-91.025769,32.646573],[-91.030181,32.644052],[-91.038415,32.636443],[-91.040401,32.632521],[-91.041448,32.625135],[-91.043263,32.620779],[-91.0489,32.613556],[-91.049796,32.607188],[-91.061354,32.605372],[-91.079506,32.60068],[-91.087784,32.59707],[-91.105704,32.590879],[-91.112764,32.590186],[-91.118641,32.585139],[-91.119854,32.584795],[-91.125108,32.585187],[-91.127912,32.586493],[-91.13528,32.591651],[-91.141148,32.597209],[-91.144074,32.600613],[-91.146204,32.604144],[-91.151318,32.615919],[-91.153556,32.626181],[-91.153821,32.631282],[-91.153744,32.635228],[-91.152699,32.640757],[-91.152081,32.641508],[-91.149753,32.644041],[-91.144347,32.648029],[-91.142038,32.649265],[-91.138712,32.649774],[-91.137638,32.650621],[-91.130928,32.65887],[-91.127723,32.665343],[-91.118258,32.674075],[-91.104443,32.682434],[-91.098762,32.685291],[-91.081145,32.691127],[-91.076061,32.693751],[-91.063946,32.702926],[-91.057043,32.712576],[-91.054749,32.719229],[-91.054481,32.722259],[-91.056999,32.72558],[-91.060766,32.727494],[-91.077176,32.732534],[-91.090573,32.7361],[-91.113652,32.73997],[-91.123152,32.742798],[-91.131691,32.743107],[-91.150244,32.741786],[-91.154461,32.742339],[-91.15861,32.743449],[-91.163389,32.747009],[-91.165328,32.751301],[-91.165814,32.757842],[-91.164968,32.761984],[-91.157614,32.776033],[-91.156918,32.780343],[-91.158583,32.781096],[-91.164397,32.785821],[-91.161412,32.800004],[-91.1615150883724,32.8050023821331],[-91.161669,32.812465],[-91.158336,32.822304],[-91.157155,32.823823],[-91.152174,32.826673],[-91.149704,32.83122],[-91.145002,32.84287],[-91.143559,32.844739],[-91.13789,32.848975],[-91.127886,32.855059],[-91.124725,32.854861],[-91.116091,32.855641],[-91.105631,32.858396],[-91.086683,32.873392],[-91.070602,32.888659],[-91.068186,32.891929],[-91.064449,32.901064],[-91.063809,32.903709],[-91.063684,32.906364],[-91.064854,32.91652],[-91.063875,32.922692],[-91.064804,32.926464],[-91.070547,32.936036],[-91.072075,32.937832],[-91.080431,32.943206],[-91.081913,32.944768],[-91.083084,32.947909],[-91.081892,32.949435],[-91.080507,32.950123],[-91.078904,32.951818],[-91.080355,32.962794],[-91.086802,32.976266],[-91.090887,32.981174],[-91.094265,32.984371],[-91.09693,32.986412],[-91.106581,32.988938],[-91.111757,32.988361],[-91.125107,32.984669],[-91.134414,32.980533],[-91.135517,32.979657],[-91.138585,32.971352],[-91.137524,32.96955],[-91.13305,32.966541],[-91.130947,32.963815],[-91.130721,32.962257],[-91.131243,32.960928],[-91.133335,32.959056],[-91.136628,32.957349],[-91.137167,32.95652],[-91.137863,32.952756],[-91.135507,32.946164],[-91.131289,32.930049],[-91.131304,32.926919],[-91.132115,32.923122],[-91.134041,32.917676],[-91.145076,32.905494],[-91.15169,32.901935],[-91.159975,32.899879],[-91.170235,32.899391],[-91.175405,32.899998],[-91.181631,32.901446],[-91.196785,32.906784],[-91.199775,32.908512],[-91.208263,32.915354],[-91.211597,32.919624],[-91.212837,32.922104],[-91.213972,32.927198],[-91.214027,32.93032],[-91.21282,32.936076],[-91.210705,32.939845],[-91.20744,32.944393],[-91.199415,32.952314],[-91.20119,32.954982],[-91.20203,32.957332],[-91.201842,32.961212],[-91.199646,32.963561],[-91.197433,32.96482],[-91.186983,32.976194],[-91.182158,32.978639],[-91.173308,32.986088],[-91.168973,32.992132],[-91.166195,33.002238],[-91.166095,33.004291],[-91.166684,33.00809],[-91.1655394123724,33.0113210994798],[-91.163205,33.017911],[-91.154262,33.024299],[-91.137434,33.028715],[-91.126723,33.036253],[-91.120429,33.054631],[-91.123869,33.063235],[-91.149065,33.08131],[-91.171869,33.08808],[-91.180093,33.097318],[-91.199603,33.106505],[-91.202114,33.122306],[-91.196403,33.132857],[-91.1958381047051,33.1332595643396],[-91.184025,33.141678],[-91.160983,33.141432],[-91.146777,33.130055],[-91.109729,33.129454],[-91.08989,33.134407],[-91.084511,33.141082],[-91.080048,33.170309],[-91.081303,33.18428],[-91.099115,33.219606],[-91.081229,33.22246],[-91.053025,33.247509],[-91.043696,33.271783],[-91.048293,33.282836],[-91.060958,33.287121],[-91.076436,33.284408],[-91.085328,33.275515],[-91.096392,33.242965],[-91.106884,33.242444],[-91.117288,33.260637],[-91.128099,33.2687],[-91.125659,33.280355],[-91.141584,33.299752],[-91.1415934919554,33.3316677507175],[-91.141599,33.350188],[-91.123441,33.361319],[-91.080405835734,33.4018630216332],[-91.074051,33.40785],[-91.0704945597631,33.4124703073898],[-91.058386,33.428201],[-91.0588330562118,33.4434074428661],[-91.0589154886214,33.4462113491628],[-91.059002,33.449154],[-91.072984,33.455818],[-91.088069,33.450378],[-91.097432,33.43401],[-91.095214,33.418226],[-91.130458,33.384627],[-91.148109,33.378787],[-91.166958,33.379896],[-91.183006,33.385645],[-91.206073,33.399842],[-91.209282,33.406695],[-91.202285,33.416849],[-91.194975,33.418102],[-91.17383,33.417791],[-91.149947,33.426496],[-91.138069,33.427231],[-91.118775,33.446485],[-91.116996,33.454592],[-91.123276,33.471262],[-91.134401,33.483164],[-91.158373,33.496068],[-91.170518,33.491742],[-91.17485,33.48],[-91.17131,33.459192],[-91.171854,33.45032],[-91.182609,33.440421],[-91.20647,33.433924],[-91.229821,33.437292],[-91.233829,33.442989],[-91.230581,33.457716],[-91.210328,33.46753],[-91.205495,33.473658],[-91.19666,33.487003],[-91.18668,33.499671],[-91.189463,33.509521],[-91.21402,33.524698],[-91.2181885877568,33.5293877311973],[-91.221467,33.533076],[-91.234331,33.556106],[-91.2329398954001,33.5611037818434],[-91.231984,33.564538],[-91.221622,33.568621],[-91.201604,33.568974],[-91.182829,33.567166],[-91.166106,33.56971],[-91.147465,33.580969],[-91.132346,33.595526],[-91.12873,33.609204],[-91.136852,33.626234],[-91.170922,33.649155],[-91.187444,33.65457],[-91.208807,33.656102],[-91.222031,33.662714],[-91.230404,33.675569],[-91.229232,33.686305],[-91.220396,33.696537],[-91.210103,33.700504],[-91.176345,33.701806],[-91.16794,33.703169],[-91.160367,33.706602],[-91.13528,33.678859],[-91.124679,33.671554],[-91.105251,33.662913],[-91.087545,33.657391],[-91.07649,33.659019],[-91.034678,33.672882],[-91.030301,33.683336],[-91.04391,33.703251],[-91.059169,33.71452],[-91.071506,33.715225],[-91.101269,33.705033],[-91.116939,33.705273],[-91.128569,33.711092],[-91.148724,33.732127],[-91.143173,33.753691],[-91.143628,33.770166],[-91.136259,33.781026],[-91.129444,33.783726],[-91.118422,33.779237],[-91.108977,33.771981],[-91.077661,33.774325],[-91.052724,33.777926],[-91.035965,33.769018],[-91.022758,33.764309],[-91.008965,33.765969],[-90.9975644349256,33.7713986668192],[-90.995168,33.77254],[-90.988723,33.783494],[-90.99008825608,33.7866081546365],[-90.993424,33.794217],[-91.008534,33.80282],[-91.030296,33.807262],[-91.049083,33.816026],[-91.066438,33.837999],[-91.071394,33.84954],[-91.072977,33.866179],[-91.06591,33.876326],[-91.031438,33.901444],[-91.017655,33.917474],[-91.0106734978682,33.9283426211005],[-91.010451,33.928689],[-91.012205,33.937116],[-91.01913,33.942081],[-91.07922,33.9543],[-91.086011,33.957419],[-91.089771,33.96513],[-91.090484,33.991418],[-91.085412,34.007504],[-91.078964,34.009331],[-91.068759,34.006393],[-91.050926,33.993427],[-91.039426,33.993184],[-91.024083,34.000394],[-91.016914,34.000078],[-91.000568,33.96696],[-90.991994,33.961959],[-90.979992,33.960227],[-90.967631,33.963611],[-90.963262,33.968923],[-90.961885,33.980351],[-90.975638,33.995248],[-90.98806,34.018999],[-90.971082,34.025568],[-90.95911,34.026814],[-90.926206,34.021615],[-90.907954,34.022456],[-90.892597,34.026986],[-90.888086,34.032559],[-90.886581,34.045167],[-90.888105,34.054518],[-90.874507,34.072379],[-90.871083,34.081177],[-90.874268,34.089505],[-90.882802,34.09659],[-90.893214,34.097781],[-90.899282,34.095194],[-90.914713,34.09265],[-90.921294,34.093514],[-90.947689,34.109574],[-90.9555783321976,34.1188764008596],[-90.9566115719362,34.1200947055262],[-90.958604,34.122444],[-90.961044,34.130514],[-90.957064,34.136684],[-90.936614,34.149374],[-90.917337,34.159668],[-90.909957,34.165511],[-90.899097,34.162829],[-90.87069,34.144141],[-90.853471,34.137511],[-90.836099,34.137876],[-90.822593,34.144054],[-90.807564,34.161821],[-90.809142,34.176961],[-90.817488,34.183198],[-90.844762,34.18516],[-90.854406,34.186833],[-90.8694,34.182854],[-90.877452,34.185618],[-90.887884,34.18198],[-90.9118,34.193897],[-90.925542,34.206989],[-90.93522,34.21905],[-90.936404,34.236698],[-90.923152,34.24653],[-90.910098,34.245558],[-90.904924,34.242178],[-90.89658,34.2258],[-90.87912,34.21545],[-90.845864,34.207573],[-90.83813,34.219997],[-90.840549,34.234544],[-90.835724,34.255981],[-90.833629,34.274074],[-90.825763,34.279893],[-90.812219,34.279514],[-90.7870571171221,34.2723216436101],[-90.784543,34.271603],[-90.765623,34.269513],[-90.7638702193397,34.2702161006083],[-90.752929,34.274605],[-90.738025,34.289279],[-90.73524,34.300949],[-90.735873,34.310687],[-90.741763,34.320035],[-90.767996,34.34617],[-90.769774,34.356909],[-90.759693,34.366505],[-90.747633,34.36785],[-90.733685,34.363999],[-90.711933,34.360742],[-90.690326,34.367155],[-90.68272,34.366763],[-90.686523,34.350674],[-90.692244,34.335629],[-90.693129,34.32257],[-90.686003,34.315771],[-90.678075,34.31309],[-90.661395,34.315398],[-90.657488,34.322231],[-90.660875,34.336693],[-90.663231,34.352243],[-90.658191,34.376139],[-90.645176,34.386834],[-90.633687,34.389901],[-90.622384,34.38947],[-90.609597,34.391586],[-90.598014,34.398187],[-90.584313,34.412194],[-90.577694,34.432445],[-90.583598,34.443013],[-90.593104,34.477322],[-90.593293,34.487931],[-90.5893806613913,34.4969389907874],[-90.581245,34.515671],[-90.574703,34.521759],[-90.5681514209205,34.5246316965222],[-90.552948,34.531298],[-90.542528,34.54015],[-90.539623,34.553925],[-90.543351,34.562168],[-90.557666,34.576929],[-90.571185,34.58946],[-90.585516,34.608504],[-90.591595,34.621012],[-90.587996,34.639342],[-90.587128935522,34.6412667567043],[-90.580864,34.655174],[-90.571843,34.667383],[-90.567565,34.681457],[-90.569958,34.692391],[-90.552903,34.690622],[-90.540753,34.681034],[-90.542371,34.673607],[-90.553486,34.656814],[-90.554921,34.646721],[-90.551643,34.636329],[-90.542394,34.628859],[-90.532108,34.627327],[-90.519439,34.629918],[-90.513225,34.633449],[-90.504894,34.639208],[-90.499893,34.644983],[-90.491919,34.650252],[-90.472542,34.66596],[-90.465871,34.674895],[-90.4641180539557,34.6815568878323],[-90.462835,34.686433],[-90.46618,34.699115],[-90.4670976463459,34.6998230561963],[-90.474166,34.705277],[-90.485686,34.703579],[-90.516666,34.695555],[-90.533378,34.698012],[-90.546098,34.703699],[-90.561457,34.712762],[-90.571989,34.7144],[-90.568611,34.724959],[-90.567954,34.731845],[-90.563611,34.737778],[-90.554005,34.739455],[-90.545556,34.738889],[-90.539444,34.755277],[-90.54416,34.768039],[-90.547778,34.783333],[-90.540833,34.795833],[-90.532918,34.8001],[-90.521111,34.801944],[-90.511111,34.798288],[-90.511335,34.790161],[-90.492777,34.772499],[-90.494948,34.757122],[-90.5063,34.749674],[-90.524166,34.731388],[-90.516666,34.727222],[-90.499999,34.721666],[-90.483333,34.722222],[-90.462844,34.728256],[-90.455381,34.732641],[-90.447994,34.741988],[-90.451791,34.754228],[-90.470411,34.780877],[-90.476644,34.797134],[-90.473302,34.807148],[-90.468539,34.813306],[-90.457116,34.820051],[-90.473479,34.848379],[-90.481555,34.857387],[-90.484774,34.865708],[-90.484446,34.874366],[-90.478324,34.884171],[-90.470184,34.888989],[-90.461233,34.891735],[-90.448289,34.889159],[-90.437448,34.883707],[-90.430046,34.871005],[-90.429318,34.86685],[-90.432094,34.861355],[-90.448017,34.841603],[-90.436897,34.825538],[-90.427138,34.826136],[-90.411638,34.826064],[-90.4079478828123,34.8268272379942],[-90.389393,34.830665],[-90.359715,34.844377],[-90.337523,34.857652],[-90.326883,34.848646],[-90.315427,34.844341],[-90.306903,34.846704],[-90.303355,34.851952],[-90.304061,34.860067],[-90.3046697188004,34.8602893062045],[-90.314039,34.863711],[-90.317741,34.871058],[-90.307702,34.876473],[-90.289707,34.883321],[-90.271342,34.886865],[-90.256114,34.894547],[-90.246473,34.90339],[-90.241829,34.915658],[-90.243005,34.940116],[-90.244701,34.94703],[-90.250488,34.950939],[-90.268314,34.957383],[-90.296057,34.976471],[-90.30463,34.986833],[-90.309297,34.995694],[-90.1374523893088,34.9951411487055],[-90.1274689125031,34.9951090302815],[-90.1269475389888,34.9951073529404],[-90.0963407558625,34.9950088860778],[-90.0607853008089,34.9948944985549],[-90.060784302204,34.9948944953422],[-90.0313767177914,34.9947998864916],[-90.0250168365057,34.9947794257475],[-90.008136877334,34.9947251202488],[-90.0025384419794,34.9947071091967],[-89.9899073593362,34.9946664730059],[-89.972195508899,34.9946094911814],[-89.9367552242117,34.9944954741798],[-89.9367527187411,34.9944954661193],[-89.9014606033329,34.9943819258016],[-89.893402,34.994356],[-89.883365,34.994261],[-89.8783097856676,34.9942511438032],[-89.848488,34.994193],[-89.8483845951183,34.9941931940018],[-89.8306894904269,34.9942263924496],[-89.8131287302322,34.9942593388487],[-89.7953564909701,34.9942926820116],[-89.795187,34.994293],[-89.759612330556,34.9948932167928],[-89.7419450298609,34.9951912999718],[-89.741785,34.995194],[-89.7243244282036,34.9952117286505],[-89.7066059367629,34.9952297191806],[-89.644282,34.995293],[-89.6440499795058,34.9952920623604],[-89.6179405718771,34.9951865492017],[-89.5287482993956,34.994826106003],[-89.511153,34.994755],[-89.5111332271887,34.9947545526308],[-89.493739,34.994361],[-89.486897,34.993975],[-89.4844620142958,34.9939646399546],[-89.434954,34.993754],[-89.3526801644102,34.9941227781396],[-89.2331900554542,34.9946583717431],[-89.217433,34.994729],[-89.198288,34.994484],[-89.156827,34.993926],[-89.139136,34.994307],[-89.138997,34.99433],[-89.02654,34.994956],[-89.0171270872889,34.9949454068841],[-88.9936842139341,34.9949190247129],[-88.925241,34.994842],[-88.886979,34.995868],[-88.851037,34.995085],[-88.8230487339323,34.9951575501037],[-88.786612,34.995252],[-88.6058652359321,34.9956976824245],[-88.5284971515357,34.9958884553859],[-88.5142131311916,34.9959236766904],[-88.478834,34.9960109139754],[-88.469877,34.996033],[-88.469801,34.996052],[-88.380508,34.99561],[-88.3635308623519,34.9955896102908],[-88.258111,34.995463],[-88.253825,34.995553],[-88.200064,34.995634],[-88.198811,34.991192],[-88.187429,34.974909],[-88.179973,34.967466],[-88.176106,34.962519],[-88.172102,34.955213],[-88.161594,34.933456],[-88.1601355569244,34.9311432274347],[-88.154617,34.922392],[-88.146335,34.914374],[-88.139721,34.909631],[-88.136692,34.907592],[-88.125038,34.902227],[-88.099999,34.894095],[-88.097888,34.892202],[-88.104828239252,34.8343853294572],[-88.10756,34.811628],[-88.116418,34.746303],[-88.118407,34.724292],[-88.120809790864,34.7088908621916],[-88.1308067668013,34.6448133736411],[-88.134263,34.62266],[-88.138719,34.589215],[-88.139246,34.587795],[-88.139988,34.581703],[-88.156292,34.463214],[-88.1586659845225,34.4428559772994],[-88.1594297785128,34.4363060881802],[-88.165634,34.383102],[-88.1656733734431,34.3827915774924],[-88.16591,34.380926],[-88.173632,34.321054],[-88.175867,34.302171],[-88.176889,34.293858],[-88.186667,34.220952],[-88.18762,34.204778],[-88.190678,34.190123],[-88.192128,34.175351],[-88.200196,34.115948],[-88.2037840638383,34.0865542422802],[-88.2060052962786,34.0683576964181],[-88.207229,34.058333],[-88.210741,34.029199],[-88.222135875909,33.9447024394569],[-88.226428,33.912875],[-88.226517,33.911665],[-88.226517,33.911551],[-88.235492,33.847203],[-88.240054,33.810879],[-88.2415992970684,33.8029735909988],[-88.2416094387383,33.8029217083864],[-88.243025,33.79568],[-88.244142,33.781673],[-88.2489367947941,33.7449779007161],[-88.252257,33.719568],[-88.254445,33.698779],[-88.254622,33.69578],[-88.256131,33.68286],[-88.256343,33.682053],[-88.262370726858,33.6324019885971],[-88.2623713027984,33.6323972445167],[-88.2638345327991,33.6203444672152],[-88.2658833926436,33.6034677961419],[-88.267005,33.594229],[-88.267148,33.591989],[-88.26816,33.58504],[-88.269076,33.576929],[-88.269532,33.572894],[-88.27005,33.570819],[-88.274619,33.534008],[-88.276805,33.516463],[-88.277421,33.512436],[-88.2801043139762,33.4901593893276],[-88.2859481129665,33.4416447406107],[-88.2970970227493,33.3490875800044],[-88.3004988409734,33.32084601721],[-88.3005000457713,33.3208360150958],[-88.3027437308318,33.3022091607627],[-88.3044169870826,33.2883179507206],[-88.312535,33.220923],[-88.315235,33.203323],[-88.317135,33.184123],[-88.330934,33.073125],[-88.340432,32.991199],[-88.3478500256084,32.929077584824],[-88.354292,32.87513],[-88.368349,32.747656],[-88.3690552059374,32.7425840286741],[-88.373338,32.711825],[-88.382985,32.626954],[-88.383039,32.626679],[-88.3861753483959,32.6005046560645],[-88.3888572465182,32.5781229194103],[-88.399966,32.485415],[-88.4033142007722,32.4542976645469],[-88.403789,32.449885],[-88.403789,32.44977],[-88.4039124245627,32.4487817958759],[-88.4039163853966,32.4487500832869],[-88.4125,32.380025],[-88.413819,32.373922],[-88.421453,32.30868],[-88.4279411433212,32.2530321691437],[-88.428278,32.250143],[-88.4312940163839,32.2276546024792],[-88.4338373824385,32.2086904392936],[-88.43865,32.172806],[-88.43871,32.172078],[-88.4418791405619,32.1464303710893],[-88.454959,32.040576],[-88.455039,32.039719],[-88.46866,31.933173],[-88.468879,31.930262],[-88.473227,31.893856],[-88.472642,31.875153],[-88.471214,31.851385],[-88.471106,31.850949],[-88.4698254016609,31.8193008275882],[-88.468669,31.790722],[-88.465107,31.722312],[-88.4644269792809,31.6979519029488],[-88.464425,31.697881],[-88.4638529086848,31.6888940694711],[-88.459722,31.624002],[-88.459478,31.621652],[-88.4563306535853,31.5625081761439],[-88.4532906795915,31.5053820569557],[-88.453013,31.500164],[-88.451575,31.481533],[-88.451045,31.459448],[-88.4495695963996,31.4358347375977],[-88.449569225455,31.4358288007726],[-88.44866,31.421277],[-88.448686,31.420888],[-88.445209,31.355969],[-88.445182,31.355855],[-88.43878,31.252654],[-88.43898,31.246896],[-88.438211,31.231252],[-88.438104,31.23006],[-88.4335076962076,31.1427912908627],[-88.432007,31.114298],[-88.425807,31.001123],[-88.425729,31.000183],[-88.4256361537673,30.9983011286609],[-88.419562,30.875186],[-88.41863,30.866528],[-88.4184764744795,30.8632750694073],[-88.4182537702715,30.8585563664258],[-88.4148111125415,30.7856126199293],[-88.4124506012791,30.7355976173844],[-88.41227,30.731771],[-88.412209,30.730395],[-88.41155,30.712956],[-88.411339,30.706334],[-88.409571,30.668731],[-88.40807,30.63697],[-88.4080643348131,30.6369204575682],[-88.407462,30.631653],[-88.407484,30.622736],[-88.4060104917735,30.589761],[-88.404013,30.54506],[-88.403931,30.543359],[-88.403547,30.5331],[-88.402283,30.510852],[-88.4019654852472,30.5046667163986],[-88.4004035205078,30.4742391699529],[-88.4004023553571,30.4742164724636],[-88.395023,30.369425],[-88.397236,30.367689],[-88.399062,30.360744],[-88.397082,30.354785],[-88.39415,30.352493],[-88.39398,30.349307],[-88.401181,30.344382],[-88.409927,30.342115],[-88.418811,30.353911],[-88.433891,30.354652],[-88.446495,30.347753],[-88.446625,30.337671],[-88.45381,30.329626],[-88.471875,30.32002],[-88.480117,30.318345],[-88.504802,30.321472],[-88.506226,30.322393],[-88.506334,30.327398],[-88.5135501899948,30.3330664601357],[-88.522494,30.340092],[-88.536214,30.343299],[-88.5432661092574,30.3402273361586],[-88.567766,30.329556],[-88.581929,30.331063],[-88.60001,30.356575],[-88.613006,30.353964],[-88.6305341210842,30.3581410468778],[-88.637697,30.359848],[-88.6453766032459,30.3605097458525],[-88.66382,30.362099],[-88.6646562126094,30.3616802909908],[-88.700587,30.343689],[-88.7182217014705,30.3430547837173],[-88.728893,30.342671],[-88.746945,30.347622],[-88.7488592402935,30.3489946300222],[-88.771742,30.365403],[-88.7887539889217,30.3737244664542],[-88.811615,30.384907],[-88.8133337055463,30.3790592648986],[-88.8143102361596,30.3757367106908],[-88.818762,30.36059],[-88.880526,30.3866],[-88.883789,30.389172],[-88.884829,30.391998],[-88.8921243982953,30.3931202456448],[-88.89393,30.393398],[-88.922031,30.393798],[-88.9343029365668,30.393049741602],[-88.971233,30.390798],[-89.0010203332789,30.386240837196],[-89.016334,30.383898],[-89.083237,30.368097],[-89.1014243334359,30.3616192666932],[-89.1242162240232,30.3535015407328],[-89.1494387551304,30.3445181001195],[-89.18684,30.331197],[-89.220442,30.322497],[-89.271833,30.305491],[-89.285744,30.303097],[-89.291444,30.303296],[-89.294444,30.307596],[-89.294260828208,30.3090402391288],[-89.291844,30.328096],[-89.287844,30.333196],[-89.281564,30.33198],[-89.2806229634048,30.3415790044449],[-89.279818,30.34979],[-89.292499,30.365635],[-89.315067,30.375408],[-89.335942,30.374016],[-89.340947,30.3728964068863],[-89.349447,30.370995],[-89.353248,30.368795],[-89.363848,30.357395],[-89.3660404433718,30.3523431000613],[-89.366116,30.352169],[-89.345934,30.343573],[-89.338847,30.342995],[-89.332546,30.337895],[-89.3224215845166,30.3194356329208],[-89.322345,30.319296],[-89.322545,30.314896],[-89.3258751775438,30.3094964417613],[-89.329946,30.302896],[-89.3437780417892,30.2938304050436],[-89.344746,30.293196],[-89.358546,30.288896],[-89.365747,30.284896],[-89.379547,30.270396],[-89.383747,30.267796],[-89.3877066361629,30.2662971640984],[-89.419348,30.25432],[-89.424624,30.245391],[-89.424493,30.239092],[-89.4248102129173,30.2382435690229],[-89.430428,30.223218],[-89.447465,30.205098],[-89.44791,30.185352],[-89.461275,30.174745],[-89.463595,30.173943],[-89.469792,30.176278],[-89.475824,30.191561],[-89.480214,30.193751],[-89.490099,30.187677],[-89.503231,30.183051],[-89.522814,30.183076],[-89.524504,30.180753],[-89.527952,30.188697],[-89.530452,30.192197],[-89.533352,30.194797],[-89.538652,30.195797],[-89.541453,30.195397],[-89.546953,30.193097],[-89.549053,30.191597],[-89.550853,30.189197],[-89.554653,30.185797],[-89.562253,30.182397],[-89.570154,30.180297],[-89.574454,30.181697],[-89.580754,30.186197],[-89.585754,30.192096],[-89.587354,30.195196],[-89.588854,30.200296],[-89.596655,30.211796],[-89.601255,30.216096],[-89.607655,30.217096],[-89.610655,30.218096],[-89.612556,30.219496],[-89.615856,30.223195],[-89.616956,30.225595],[-89.617056,30.227495],[-89.615856,30.235295],[-89.614056,30.241495],[-89.614156,30.244595],[-89.616156,30.247395],[-89.623856,30.249895],[-89.626922,30.251745],[-89.631789,30.256924],[-89.632225,30.260137],[-89.631215,30.261704],[-89.630649,30.262084],[-89.629757,30.267195],[-89.63052,30.276562],[-89.631411,30.279662],[-89.637647,30.285032],[-89.64344,30.287682],[-89.6417580859381,30.3033058668214],[-89.6417502410998,30.3033787401693],[-89.641705,30.303799],[-89.640401,30.306755],[-89.639872,30.307281],[-89.634208,30.308256],[-89.631643,30.309332],[-89.626221,30.314255],[-89.626606,30.315457],[-89.629877,30.321017],[-89.630399,30.332933],[-89.629727,30.339287],[-89.636299,30.34397],[-89.645199,30.348126],[-89.645617,30.351314],[-89.6467,30.3525],[-89.652693,30.355536],[-89.657191,30.356515],[-89.660274,30.363487],[-89.662204,30.371267],[-89.670134,30.382429],[-89.672762,30.389276],[-89.679153,30.399991],[-89.6815402880308,30.4030887339946],[-89.683686,30.405873],[-89.684118,30.412646],[-89.68232,30.412991],[-89.681165,30.411492],[-89.680134,30.4114],[-89.678514,30.414012],[-89.680515,30.428924],[-89.681946,30.434073],[-89.683521,30.434959],[-89.684816,30.439511],[-89.682829,30.44581],[-89.68341,30.451793],[-89.6897794685397,30.4592779821573],[-89.690102,30.459657],[-89.695864,30.463269],[-89.701799,30.465115],[-89.705538,30.47235],[-89.709551,30.477853],[-89.710164,30.478308],[-89.712493,30.47751],[-89.715886,30.477797],[-89.719652,30.483166],[-89.721181,30.488608],[-89.7214350091729,30.488851724502],[-89.724614,30.491902],[-89.726154,30.49256],[-89.734615,30.494723],[-89.742396,30.497316],[-89.742816,30.498704],[-89.746435,30.502619],[-89.752931,30.502493],[-89.758133,30.505404],[-89.758575,30.505942],[-89.758862,30.513062],[-89.76057,30.515761],[-89.768133,30.51502],[-89.769996,30.521896],[-89.770744,30.527819],[-89.771643,30.530249],[-89.775355,30.538848],[-89.779565,30.544345],[-89.780246,30.544607],[-89.783994,30.544075],[-89.788542,30.544464],[-89.791046,30.545046],[-89.793818,30.545935],[-89.795335,30.546563],[-89.795388,30.547452],[-89.795231,30.548132],[-89.793989,30.548283],[-89.79196,30.548788],[-89.791664,30.551524],[-89.794532,30.556554],[-89.802789,30.557903],[-89.803831,30.558888],[-89.803887,30.560581],[-89.802833,30.562879],[-89.801494,30.563703],[-89.800277,30.563695],[-89.796697,30.561718],[-89.79243,30.563087],[-89.790078,30.565333],[-89.789695,30.56658],[-89.790318,30.567524],[-89.794495,30.569653],[-89.799947,30.569351],[-89.803753,30.568148],[-89.806182,30.567543],[-89.808027,30.567998],[-89.808184,30.568795],[-89.806843,30.572039],[-89.809739,30.584714],[-89.807762,30.585825],[-89.807118,30.587337],[-89.812109,30.591473],[-89.816396,30.591646],[-89.818527,30.592688],[-89.819838,30.59534],[-89.819696,30.596785],[-89.817202,30.600891],[-89.814563,30.606152],[-89.81392,30.607721],[-89.81538,30.608566],[-89.816905,30.60862],[-89.821286,30.60713],[-89.823278,30.60823],[-89.822389,30.614462],[-89.820868,30.618254],[-89.821424,30.619815],[-89.823261,30.622803],[-89.8223550470307,30.6247646155412],[-89.818081,30.634019],[-89.821868,30.644024],[-89.824986,30.649423],[-89.833261,30.657516],[-89.836047,30.657298],[-89.840988,30.658515],[-89.851889,30.661199],[-89.852263,30.662934],[-89.85055,30.664781],[-89.848879,30.665202],[-89.8486110610945,30.6659742005644],[-89.847201,30.670038],[-89.844965,30.674691],[-89.836797,30.690573],[-89.835478,30.691166],[-89.835848,30.699555],[-89.838065,30.704036],[-89.839312,30.704143],[-89.84173,30.702713],[-89.843605,30.702511],[-89.845926,30.704157],[-89.846576,30.706209],[-89.845801,30.707314],[-89.836257,30.716185],[-89.831961,30.715384],[-89.83006,30.71631],[-89.828061,30.725018],[-89.833065,30.726759],[-89.836331,30.727197],[-89.836945,30.728201],[-89.83687,30.734661],[-89.835437,30.73626],[-89.833818,30.736972],[-89.826175,30.736594],[-89.821535,30.736618],[-89.81748,30.737305],[-89.816499,30.737946],[-89.816075,30.739366],[-89.816764,30.740076],[-89.819548,30.740671],[-89.823492,30.740988],[-89.826053,30.742322],[-89.825774,30.747305],[-89.827886,30.758419],[-89.829385458099,30.7621937245654],[-89.831537,30.76761],[-89.824395,30.779629],[-89.82113,30.788609],[-89.821486,30.791183],[-89.8212752774948,30.7918750788161],[-89.821078,30.792523],[-89.819164,30.795229],[-89.817559,30.796054],[-89.816418,30.796054],[-89.813946,30.793782],[-89.813535,30.792035],[-89.81261,30.789876],[-89.812096,30.788437],[-89.810657,30.788026],[-89.806763,30.789069],[-89.805107,30.790596],[-89.804696,30.791624],[-89.804901,30.792549],[-89.806237,30.793371],[-89.807071,30.793908],[-89.808601,30.794913],[-89.810863,30.797379],[-89.811479,30.797996],[-89.811171,30.798921],[-89.8106509599102,30.7993889349057],[-89.810143,30.799846],[-89.808176,30.800562],[-89.804632,30.802511],[-89.804065,30.803247],[-89.800422,30.810425],[-89.799673,30.815172],[-89.800049,30.819078],[-89.798654,30.820855],[-89.797491,30.821478],[-89.796634,30.821648],[-89.791745,30.820387],[-89.785894,30.815962],[-89.782404,30.817975],[-89.781168,30.820123],[-89.783985,30.827385],[-89.786837,30.830642],[-89.789426,30.83047],[-89.790432,30.830985],[-89.790805,30.832131],[-89.790121,30.837983],[-89.7875,30.844112],[-89.782649,30.845264],[-89.7806,30.845508],[-89.780228,30.846235],[-89.780947,30.848542],[-89.783791,30.852131],[-89.784416,30.853744],[-89.784073,30.85527],[-89.783384,30.856022],[-89.781643,30.856613],[-89.778755,30.8558],[-89.774739,30.853254],[-89.772587,30.85366],[-89.771722,30.854677],[-89.767955,30.863858],[-89.767789,30.865577],[-89.768237,30.866392],[-89.778005,30.873411],[-89.779194,30.875185],[-89.778583,30.878903],[-89.77711,30.881088],[-89.775458,30.881497],[-89.770027,30.882254],[-89.772011,30.89024],[-89.773553,30.896862],[-89.773099,30.898338],[-89.771986,30.899127],[-89.770269,30.89939],[-89.765101,30.896919],[-89.760701,30.896306],[-89.758719,30.897319],[-89.757024,30.898947],[-89.756671,30.901069],[-89.759803,30.906216],[-89.761593,30.906591],[-89.763622,30.907732],[-89.764451,30.910276],[-89.764202,30.911906],[-89.7626,30.913736],[-89.759403,30.915134],[-89.757417,30.914993],[-89.754086,30.9128],[-89.750073,30.91293],[-89.746718,30.915805],[-89.744789,30.918933],[-89.744448,30.920577],[-89.745161,30.922416],[-89.748208,30.923369],[-89.750073,30.929815],[-89.748851,30.932816],[-89.748897,30.933888],[-89.750073,30.935763],[-89.755835,30.939543],[-89.756554,30.941949],[-89.756333,30.943498],[-89.751196,30.951439],[-89.743592,30.958482],[-89.743134,30.959993],[-89.735686,30.966573],[-89.733933,30.966919],[-89.731393,30.96613],[-89.729327,30.966242],[-89.728041,30.966518],[-89.727072,30.967395],[-89.727086,30.969707],[-89.728382,30.971141],[-89.736086,30.974446],[-89.737149,30.976081],[-89.736883,30.977122],[-89.735912,30.977865],[-89.732168,30.978088],[-89.730501,30.979707],[-89.72993,30.98209],[-89.727698,30.993329],[-89.728563,30.994396],[-89.732035,30.994409],[-89.734227,30.995602],[-89.73554,30.999715],[-89.73,30.999749],[-89.728126,31.000956],[-89.7281451296188,31.0022996279851],[-89.728147,31.002431],[-89.729616,31.003927],[-89.732504,31.004831],[-89.741821,31.003441],[-89.745215,31.002252],[-89.747229,31.000184],[-89.749189,30.999555],[-89.751481,30.99969],[-89.752133,31.000183],[-89.752642,31.001853],[-89.7997827837394,31.0020237169336],[-89.816429,31.002084],[-89.824617,31.00206],[-89.835542,31.002059],[-89.8359079603788,31.0020592746419],[-89.856862,31.002075],[-89.892708,31.001759],[-89.897516,31.001913],[-89.923119,31.001446],[-89.927161,31.001437],[-89.941012221834,31.0014233433101],[-89.972802,31.001392],[-89.97543,31.001692],[-90.005332,31.001364],[-90.022185,31.001302],[-90.029574,31.00119],[-90.050706,31.001215],[-90.0731210153755,31.0011665351019],[-90.0731269103186,31.0011665223561],[-90.128406,31.001047],[-90.131395,31.000924],[-90.1484288842297,31.0009763195057],[-90.164278,31.001025],[-90.164676,31.00098],[-90.1943924283431,31.0008788863664],[-90.2595549256981,31.0006571633248],[-90.346007,31.000363],[-90.34723,31.000359],[-90.347304385252,31.0003589193692],[-90.369371,31.000335],[-90.380536,30.999872],[-90.422117,30.99981],[-90.426849,30.999776],[-90.437351,30.99973],[-90.441725,30.999729],[-90.442479,30.999722],[-90.4569817623398,30.9997568635122],[-90.474094,30.999798],[-90.475928,30.99974],[-90.477284,30.999717],[-90.485876,30.99974],[-90.486749,30.999693],[-90.5476154821801,30.9997232645164],[-90.567195,30.999733],[-90.583518,30.999698],[-90.584448,30.999698],[-90.587373,30.999604],[-90.588676,30.99965],[-90.648721,30.999486],[-90.651193,30.99951],[-90.734473,30.999214],[-90.734552,30.999222],[-90.758775,30.999583],[-90.769333,30.999374],[-90.775981,30.999491],[-90.779858,30.999457],[-90.783745,30.999447],[-90.8258293654941,30.9993604066554],[-90.826027,30.99936],[-90.8349414503027,30.9993950334277],[-90.89473,30.99963],[-91.0602129522528,30.9989529636044],[-91.06827,30.99892],[-91.080814,30.998909],[-91.108114,30.998857],[-91.108291,30.99888],[-91.1761397522757,30.9991437308313],[-91.176209,30.999144],[-91.224068,30.999183],[-91.224839,30.999183],[-91.231531000756,30.9992729437541],[-91.24649,30.999474],[-91.3478188258408,30.9991936926306],[-91.3965150414493,30.999058983598],[-91.423621,30.998984],[-91.425749,30.999007],[-91.49739,30.999006],[-91.500116,30.998691],[-91.5386610327368,30.9993868091688],[-91.538727,30.999388],[-91.625118,30.999167],[-91.636942,30.999416],[-91.625118,31.005374],[-91.60649,31.011216],[-91.590463,31.01727],[-91.578413,31.02403],[-91.571695,31.029782],[-91.564397,31.038965],[-91.561232,31.046225],[-91.560365,31.049508],[-91.559907,31.054119],[-91.561283,31.060906],[-91.56415,31.06683],[-91.567648,31.070186],[-91.594693,31.091444],[-91.609523,31.101557],[-91.614763,31.104357],[-91.61857,31.107328],[-91.621535,31.110257],[-91.625994,31.116896],[-91.626476,31.119125],[-91.625707,31.128763],[-91.625118,31.131879],[-91.624217,31.133729],[-91.621671,31.13687],[-91.604197,31.154545],[-91.599732,31.159592],[-91.597062,31.163492],[-91.591502,31.173118],[-91.589046,31.178586],[-91.588695,31.181025],[-91.588939,31.188959],[-91.5894512930811,31.1911399311563],[-91.590051,31.193693],[-91.595029,31.201969],[-91.601616,31.208573],[-91.625119,31.226071],[-91.644356,31.234414],[-91.652019,31.242691],[-91.654907,31.250175],[-91.655009,31.251815]]]]}},{"type":"Feature","properties":{"STATEFP":"54","STUSPS":"WV","NAME":"West Virginia"},"geometry":{"type":"Polygon","coordinates":[[[-82.642997,38.16956],[-82.639054,38.171114],[-82.625457,38.170491],[-82.619429,38.169027],[-82.613487,38.170242],[-82.611343,38.171548],[-82.60425,38.187639],[-82.599326,38.197231],[-82.598864,38.201007],[-82.598437,38.217393],[-82.600353,38.218949],[-82.60575,38.221144],[-82.608944,38.22366],[-82.610367,38.226772],[-82.61252,38.234553],[-82.61226,38.236087],[-82.607131,38.245975],[-82.605333,38.247303],[-82.604625,38.247303],[-82.60423,38.247303],[-82.59497,38.245453],[-82.586061,38.245616],[-82.584001,38.246371],[-82.581796,38.248592],[-82.578254,38.254809],[-82.574656,38.263873],[-82.5746,38.274721],[-82.57672,38.277513],[-82.578782,38.281747],[-82.57948,38.284928],[-82.579743,38.291726],[-82.582823,38.295478],[-82.583056,38.296829],[-82.58146,38.300445],[-82.578352,38.305458],[-82.572893,38.311981],[-82.571964,38.313606],[-82.571877,38.315781],[-82.572691,38.318801],[-82.5759667693653,38.3261118690146],[-82.576936,38.328275],[-82.585363,38.334064],[-82.587951,38.338595],[-82.589724,38.340265],[-82.592543,38.34166],[-82.596525,38.342849],[-82.597979,38.344909],[-82.598189,38.357885],[-82.597524,38.364843],[-82.596654,38.367338],[-82.593952,38.371847],[-82.593008,38.375082],[-82.5949489780256,38.3813202739407],[-82.595382,38.382712],[-82.595369,38.382722],[-82.599273,38.388738],[-82.599737,38.39037],[-82.599241,38.39317],[-82.597801,38.395154],[-82.5960239891635,38.3990735781879],[-82.595001,38.40133],[-82.597033,38.409937],[-82.597113,38.412881],[-82.596281,38.417681],[-82.593673,38.421809],[-82.588249,38.415489],[-82.579976,38.41013],[-82.577176,38.40877],[-82.569368,38.406258],[-82.560664,38.404338],[-82.5606297915441,38.4043344233036],[-82.549799,38.403202],[-82.540199,38.403666],[-82.529579,38.405182],[-82.5293290908971,38.4052459007797],[-82.507678,38.410782],[-82.487206940214,38.4178640689274],[-82.486577,38.418082],[-82.459676,38.424682],[-82.4516355025907,38.4261497098446],[-82.447076,38.426982],[-82.434375,38.430082],[-82.4303970915739,38.4313316294567],[-82.4251094608319,38.432992698145],[-82.404882,38.439347],[-82.3920960246516,38.4351300609844],[-82.389746,38.434355],[-82.381773,38.434783],[-82.3738609126751,38.4361778949958],[-82.360145,38.438596],[-82.34064,38.440948],[-82.3398025656172,38.4412366527829],[-82.330335,38.4445],[-82.323999,38.449268],[-82.3187126581903,38.4569964018848],[-82.318111,38.457876],[-82.313935,38.468084],[-82.312511,38.476116],[-82.310639,38.483172],[-82.306351,38.490692],[-82.304223,38.496308],[-82.303071,38.504384],[-82.303971,38.517683],[-82.3035150384615,38.5199628076923],[-82.302871,38.523183],[-82.300271,38.529383],[-82.297771,38.533283],[-82.295671,38.538483],[-82.293271,38.560283],[-82.293871,38.572683],[-82.293471,38.575383],[-82.291271,38.578983],[-82.2871015269719,38.5825881557857],[-82.27427,38.593683],[-82.27147,38.595383],[-82.26207,38.598183],[-82.252469,38.598783],[-82.245969,38.598483],[-82.222168,38.591384],[-82.218967,38.591683],[-82.205171,38.591719],[-82.193824,38.593096],[-82.188767,38.594984],[-82.181967,38.599384],[-82.177267,38.603784],[-82.175167,38.608484],[-82.172066,38.619284],[-82.172066,38.625984],[-82.172667,38.629684],[-82.174267,38.633183],[-82.176767,38.642783],[-82.179067,38.648883],[-82.185567,38.659583],[-82.186067,38.666783],[-82.187667,38.672683],[-82.190867,38.680383],[-82.190167,38.687382],[-82.185067,38.699182],[-82.1844151847944,38.7010485617252],[-82.182867,38.705482],[-82.182467,38.708782],[-82.184567,38.715882],[-82.1850536737407,38.717487220734],[-82.186568,38.722482],[-82.188268,38.734082],[-82.189668,38.737382],[-82.193268,38.741182],[-82.195606,38.752441],[-82.198882,38.757725],[-82.201537,38.760372],[-82.207141,38.763943],[-82.212203331315,38.7662980822448],[-82.216614,38.76835],[-82.220449,38.773739],[-82.221518,38.77981],[-82.221566,38.787187],[-82.217269,38.79568],[-82.214494,38.798691],[-82.20929,38.802672],[-82.19928,38.808688],[-82.191172,38.815137],[-82.1870932892538,38.8159179332445],[-82.179478,38.817376],[-82.165898,38.822437],[-82.16157,38.824632],[-82.147667,38.83698],[-82.1472219095182,38.8375363631022],[-82.144867,38.84048],[-82.141616,38.851394],[-82.140273625643,38.8590408198109],[-82.139224,38.86502],[-82.139988,38.870345],[-82.142167,38.87708],[-82.145267,38.883479],[-82.144567,38.891679],[-82.143167,38.898079],[-82.134766,38.905579],[-82.128866,38.909979],[-82.120966,38.921079],[-82.1178575364359,38.9249227990308],[-82.1135451444924,38.9302553267029],[-82.111666,38.932579],[-82.110565,38.935279],[-82.110866,38.940379],[-82.109065,38.945579],[-82.100565,38.955678],[-82.0988733706356,38.9583193160251],[-82.094865,38.964578],[-82.093165,38.97098],[-82.091565,38.973778],[-82.089065,38.975978],[-82.079364,38.981078],[-82.068864,38.984878],[-82.058764,38.990078],[-82.051563,38.994378],[-82.049163,38.997278],[-82.045663,39.003778],[-82.042821373111,39.0135504241792],[-82.041563,39.017878],[-82.038763,39.022678],[-82.035963,39.025478],[-82.027262,39.028378],[-82.017562,39.030078],[-82.007062,39.029578],[-82.002261,39.027878],[-81.994961,39.022478],[-81.991361,39.018378],[-81.987061,39.011978],[-81.9861010637729,39.0100872165224],[-81.983761,39.005478],[-81.982761,39.001978],[-81.982032,38.995697],[-81.981158,38.994351],[-81.979371,38.993193],[-81.977455,38.992679],[-81.973871,38.992413],[-81.967769,38.992955],[-81.960832,38.994275],[-81.95926,38.995227],[-81.951447,38.996032],[-81.941829,38.993295],[-81.936828,38.990414],[-81.9358133845656,38.9896464916195],[-81.933186,38.987659],[-81.926561,38.977508],[-81.918214,38.966595],[-81.912443,38.954343],[-81.9066,38.945262],[-81.900595,38.937671],[-81.89847,38.929603],[-81.899953,38.925405],[-81.90091,38.924338],[-81.908341,38.917403],[-81.911936,38.915564],[-81.917757,38.910604],[-81.919098,38.908615],[-81.926671,38.901311],[-81.928352,38.895371],[-81.928,38.893492],[-81.926967,38.891602],[-81.915898,38.88427],[-81.910312,38.879294],[-81.908645,38.87846],[-81.898541,38.874582],[-81.892837,38.873869],[-81.889233,38.874279],[-81.874857,38.881174],[-81.858921,38.89019],[-81.855971,38.892734],[-81.848653,38.901407],[-81.845312,38.910088],[-81.84607,38.913192],[-81.844486,38.928746],[-81.838067,38.937135],[-81.831516,38.943697],[-81.827354,38.945898],[-81.825026,38.946603],[-81.819692,38.947016],[-81.814235,38.946168],[-81.806137,38.942112],[-81.796376,38.932498],[-81.793372,38.930204],[-81.785647,38.926193],[-81.781248,38.924804],[-81.774106,38.922965],[-81.76976,38.92273],[-81.766227,38.922946],[-81.762659,38.924121],[-81.759995,38.925828],[-81.758506,38.927942],[-81.756131,38.933545],[-81.756832088136,38.9365412380408],[-81.756975,38.937152],[-81.769703,38.948707],[-81.77396,38.951645],[-81.778845,38.955892],[-81.780736,38.958975],[-81.78182,38.964935],[-81.779883,38.972773],[-81.775734,38.980737],[-81.776466,38.982048],[-81.776723,38.985142],[-81.775551,38.990107],[-81.774062,38.993682],[-81.771975,38.996845],[-81.767188,39.000115],[-81.765153,39.002579],[-81.764253,39.006579],[-81.764253,39.015279],[-81.767253,39.019979],[-81.772854,39.026179],[-81.7775189923948,39.0297203080953],[-81.786554,39.036579],[-81.793304,39.040353],[-81.800355,39.044978],[-81.803355,39.047678],[-81.808955,39.055178],[-81.811655,39.059578],[-81.813355,39.065878],[-81.814155,39.073478],[-81.813855,39.079278],[-81.812355,39.082078],[-81.810655,39.083278],[-81.807855,39.083978],[-81.803055,39.083878],[-81.798155,39.082878],[-81.790754,39.079778],[-81.785554,39.078578],[-81.781454,39.078078],[-81.775554,39.078378],[-81.764854,39.081978],[-81.760753,39.084078],[-81.752353,39.089878],[-81.747253,39.095378],[-81.7472527006579,39.0953784490132],[-81.745453,39.098078],[-81.743853,39.102378],[-81.742953,39.106578],[-81.742153,39.116777],[-81.744568,39.126816],[-81.744838,39.130898],[-81.744525,39.138829],[-81.743565,39.141933],[-81.744621,39.148413],[-81.754254,39.171476],[-81.756254,39.177276],[-81.7558150545194,39.1805241965567],[-81.755754,39.180976],[-81.752754,39.184676],[-81.749853,39.186489],[-81.741533,39.189596],[-81.737085,39.193836],[-81.735805,39.196268],[-81.733357,39.205868],[-81.729949,39.211884],[-81.726973,39.215068],[-81.7255834730739,39.2158352234561],[-81.724365,39.216508],[-81.711628,39.219228],[-81.700908,39.220844],[-81.6985081960091,39.2220859604159],[-81.694603,39.224107],[-81.692395,39.226443],[-81.691339,39.227947],[-81.691067,39.230139],[-81.692203,39.236091],[-81.695724,39.242859],[-81.696636,39.246123],[-81.696988,39.248747],[-81.69638,39.257035],[-81.69206,39.263227],[-81.689483,39.266043],[-81.683627,39.270939],[-81.678331,39.273755],[-81.670187,39.275963],[-81.6632433019888,39.2766509939947],[-81.656138,39.277355],[-81.643178,39.277195],[-81.621305,39.273643],[-81.613896,39.275339],[-81.6096643979429,39.2758818294184],[-81.608408,39.276043],[-81.603352,39.275531],[-81.5998531590717,39.2746152877258],[-81.59516,39.273387],[-81.588583,39.269787],[-81.585559,39.268747],[-81.5791736829752,39.268299961086],[-81.570247,39.267675],[-81.567347,39.270675],[-81.565247,39.276175],[-81.565111504471,39.2881656768424],[-81.565047,39.293874],[-81.560147,39.317874],[-81.559647,39.330774],[-81.5590731575793,39.3329600663646],[-81.557547,39.338774],[-81.542346,39.352874],[-81.5376102110856,39.3560969340504],[-81.53447,39.358234],[-81.524309,39.36161],[-81.513493,39.36705],[-81.503189,39.373242],[-81.489044,39.384074],[-81.4836765745529,39.3889661846523],[-81.4829,39.389674],[-81.473188,39.40017],[-81.467744,39.403774],[-81.456143,39.409274],[-81.4481102121342,39.4101944236096],[-81.446543,39.410374],[-81.435642,39.408474],[-81.428805382174,39.4054463549628],[-81.428642,39.405374],[-81.420578,39.400378],[-81.4172104401395,39.3979139318094],[-81.412706,39.394618],[-81.406689,39.38809],[-81.40277,39.376914],[-81.400744,39.369221],[-81.395883,39.355553],[-81.393794,39.351706],[-81.391249,39.348814],[-81.384556,39.343449],[-81.379674,39.342081],[-81.375961,39.341697],[-81.3712707002794,39.3420616369494],[-81.364412589161,39.3425948055881],[-81.356911,39.343178],[-81.347567,39.34577],[-81.342623,39.348042],[-81.335599,39.352794],[-81.326174,39.358186],[-81.319598,39.36129],[-81.304798,39.370538],[-81.297517,39.374378],[-81.281405,39.379258],[-81.275677,39.383786],[-81.270716,39.385914],[-81.2702846782678,39.3859449440189],[-81.259788,39.386698],[-81.249088,39.389992],[-81.24184,39.390276],[-81.223581,39.386062],[-81.221372,39.386172],[-81.217315,39.38759],[-81.213064,39.390656],[-81.211654,39.392977],[-81.21087,39.397112],[-81.211433,39.402031],[-81.210833,39.403563],[-81.208231,39.407147],[-81.205223,39.410786],[-81.200412,39.415303],[-81.1961609242323,39.4189232964287],[-81.190714,39.423562],[-81.185946,39.430731],[-81.182307,39.433533],[-81.179934,39.435121],[-81.170634,39.439175],[-81.16352,39.441186],[-81.152534,39.443175],[-81.138134,39.443775],[-81.134434,39.445075],[-81.132534,39.446275],[-81.128533,39.449375],[-81.124733,39.453375],[-81.121472141059,39.4577567792019],[-81.115133,39.466275],[-81.114433,39.466275],[-81.100833,39.487175],[-81.091433,39.496975],[-81.07595,39.50966],[-81.070594,39.515991],[-81.060379,39.522744],[-81.051982,39.52931],[-81.049955,39.531893],[-81.044902,39.5363],[-81.038706017301,39.5400475328739],[-81.030169,39.545211],[-81.0286642868806,39.5466423438741],[-81.026662,39.548547],[-81.0239,39.552313],[-81.020055,39.55541],[-81.00866,39.562798],[-80.996804,39.56912],[-80.993695,39.571253],[-80.987732,39.577262],[-80.978664,39.583517],[-80.970436,39.590127],[-80.943782,39.606926],[-80.936906,39.612616],[-80.933292,39.614812],[-80.925841,39.617396],[-80.9199584652058,39.6183312235708],[-80.91762,39.618703],[-80.906247,39.618431],[-80.896514,39.616757],[-80.892208,39.616756],[-80.88036,39.620706],[-80.876002,39.627084],[-80.87102,39.638963],[-80.8710109758677,39.6390092094965],[-80.870473,39.641764],[-80.870771,39.642885],[-80.869802,39.646896],[-80.8676262698036,39.6508405885018],[-80.866647,39.652616],[-80.865575,39.662751],[-80.86667,39.678487],[-80.86633,39.683167],[-80.865805,39.686484],[-80.863698,39.691724],[-80.861718,39.693625],[-80.854599,39.697473],[-80.852,39.69856],[-80.844721,39.69944],[-80.839112,39.701033],[-80.833882,39.703497],[-80.831871,39.705655],[-80.8300116272451,39.7111122193244],[-80.829764,39.711839],[-80.829723,39.714041],[-80.831551,39.719475],[-80.8334627700662,39.7208123504414],[-80.834563,39.721582],[-80.836597,39.723925],[-80.846091,39.737812],[-80.852738,39.74104],[-80.854717,39.742592],[-80.865339,39.753251],[-80.867596,39.757116],[-80.869933,39.763555],[-80.869092,39.766364],[-80.866329,39.771738],[-80.863048,39.775197],[-80.835311,39.79069],[-80.826079,39.798584],[-80.824969,39.801092],[-80.822181,39.811708],[-80.82248,39.824971],[-80.82303,39.827484],[-80.826228,39.835802],[-80.826964,39.841656],[-80.826124,39.844238],[-80.824276,39.847159],[-80.821279,39.849982],[-80.81643,39.853032],[-80.799898,39.858912],[-80.793131,39.863751],[-80.790761,39.86728],[-80.790156,39.872252],[-80.793989,39.882787],[-80.796162,39.88553],[-80.802339,39.89161],[-80.806179,39.897306],[-80.809011,39.903226],[-80.809683,39.906106],[-80.809283,39.910314],[-80.8077824811972,39.914481206573],[-80.807618,39.914938],[-80.806018,39.91713],[-80.803394,39.918762],[-80.80053,39.919434],[-80.795714,39.91969],[-80.782849,39.917162],[-80.772641,39.911306],[-80.768272,39.909642],[-80.762592,39.908906],[-80.760656,39.908906],[-80.760573816568,39.9089398402367],[-80.759296,39.909466],[-80.758304,39.910426],[-80.756432,39.91393],[-80.755936,39.916554],[-80.756784,39.920586],[-80.761312,39.929098],[-80.762285099182,39.9344225164372],[-80.764511,39.946602],[-80.764479,39.95025],[-80.763375,39.953514],[-80.7594117938739,39.9581957824844],[-80.758527,39.959241],[-80.7569948928596,39.9602889034687],[-80.755135,39.961561],[-80.74627,39.966233],[-80.743166,39.969113],[-80.740126,39.970793],[-80.7397013514343,39.9751088037333],[-80.7394433888747,39.977730538193],[-80.738717,39.985113],[-80.740045,39.993929],[-80.7401932311608,39.9943463277297],[-80.741085,39.996857],[-80.742045,40.005641],[-80.741901,40.007929],[-80.740509,40.015225],[-80.7404451632553,40.0153556953472],[-80.7383154158568,40.019716006589],[-80.737805,40.020761],[-80.737341,40.022969],[-80.737389,40.027593],[-80.7363,40.029929],[-80.733304,40.033272],[-80.731504,40.037472],[-80.730904,40.046672],[-80.730904,40.049172],[-80.731064105567,40.0498706424742],[-80.7321840761106,40.0547577866644],[-80.7324443175258,40.055893385567],[-80.733104,40.058772],[-80.734304,40.059672],[-80.737104,40.064972],[-80.7384676823602,40.0713033823867],[-80.738504,40.071472],[-80.7385240603836,40.07231453611],[-80.738604,40.075672],[-80.736804,40.080072],[-80.7327766421901,40.0842974245874],[-80.730704,40.086472],[-80.7291099108205,40.0874085870553],[-80.7235620751312,40.0906681481631],[-80.713003,40.096872],[-80.710203,40.099572],[-80.7098079282579,40.1002537768484],[-80.709102,40.101472],[-80.707702,40.105372],[-80.706702,40.110872],[-80.707002,40.113272],[-80.708106,40.117256],[-80.7082046206897,40.1173725517241],[-80.70881,40.118088],[-80.710554,40.125271],[-80.7103954010722,40.1293103164411],[-80.710042,40.138311],[-80.707322,40.144999],[-80.705994,40.151591],[-80.704602,40.154823],[-80.7029242071106,40.1572566856078],[-80.686137,40.181607],[-80.683705,40.184215],[-80.682008,40.185495],[-80.6812160384243,40.185783105623],[-80.6796,40.186371],[-80.679061435063,40.1868326270888],[-80.6726,40.192371],[-80.6681,40.199671],[-80.666299,40.206271],[-80.6645832119675,40.2173369749158],[-80.664299,40.21917],[-80.661543,40.229798],[-80.652098,40.24497],[-80.644598,40.25127],[-80.637198,40.25507],[-80.637098,40.25427],[-80.622497,40.26177],[-80.619297,40.26517],[-80.6188276252255,40.2662446729761],[-80.616196,40.27227],[-80.616796,40.285269],[-80.614896,40.291969],[-80.61096068019,40.2976112055107],[-80.6073918613342,40.3027279457979],[-80.606596,40.303869],[-80.602895,40.307069],[-80.6019312871642,40.3104741186866],[-80.599895,40.317669],[-80.600495,40.321169],[-80.602895,40.327869],[-80.6102845856216,40.3400266032775],[-80.610796,40.340868],[-80.612796,40.347668],[-80.6126141135371,40.3490321484716],[-80.611796,40.355168],[-80.610255589472,40.3585458753919],[-80.608695,40.361968],[-80.607595,40.369568],[-80.609695,40.374968],[-80.6116764964061,40.3765697201326],[-80.614396,40.378768],[-80.619196,40.381768],[-80.63074,40.3849],[-80.631596,40.385468],[-80.6317432884084,40.3858361473768],[-80.633596,40.390467],[-80.632196,40.393667],[-80.6296993745958,40.3950066526559],[-80.628096,40.395867],[-80.615195,40.399867],[-80.612195,40.402667],[-80.611795,40.403867],[-80.6118851899509,40.404247802015],[-80.612695,40.407667],[-80.612295,40.418567],[-80.612995,40.429367],[-80.612295,40.434867],[-80.611195,40.437767],[-80.604895,40.446667],[-80.604395,40.449767],[-80.6028924180247,40.4518848007549],[-80.6028794069666,40.4519031390746],[-80.5986695172156,40.4578367306119],[-80.598294,40.458366],[-80.5964834700073,40.4624808408924],[-80.596094,40.463366],[-80.594794,40.471366],[-80.595494,40.475266],[-80.599194,40.482566],[-80.5997942180974,40.482872007998],[-80.60245,40.484226],[-80.609058,40.489506],[-80.618003,40.502049],[-80.620883,40.512257],[-80.622195,40.520497],[-80.623289329261,40.5236481408842],[-80.627507,40.535793],[-80.630483,40.537921],[-80.633107,40.538705],[-80.6408472606038,40.5477915962752],[-80.64138,40.548417],[-80.652436,40.562544],[-80.655316,40.565184],[-80.662708,40.570176],[-80.666917,40.573664],[-80.667781,40.578096],[-80.667957,40.582496],[-80.665892,40.587728],[-80.662564,40.5916],[-80.655188,40.596544],[-80.653972,40.59648],[-80.651716,40.597744],[-80.644963,40.603648],[-80.639379,40.61128],[-80.6371248891581,40.613440339113],[-80.634355,40.616095],[-80.627171,40.619936],[-80.616002,40.621696],[-80.603876,40.625064],[-80.598764,40.625263],[-80.594065,40.623664],[-80.592049,40.622496],[-80.5891182341399,40.6200666959791],[-80.5890930362318,40.6200458095001],[-80.583633,40.61552],[-80.579856,40.614304],[-80.576736,40.614224],[-80.5751550315233,40.614629781909],[-80.571936,40.615456],[-80.56784,40.617552],[-80.56072,40.62368],[-80.551126,40.628847],[-80.545892,40.629702],[-80.539541,40.632122],[-80.532737,40.63559],[-80.530093,40.636255],[-80.52566,40.636068],[-80.521917,40.636992],[-80.518991,40.638801],[-80.5189939001297,40.637447001928],[-80.519039,40.616391],[-80.519086,40.616385],[-80.519086,40.592271],[-80.519086,40.590161],[-80.519055,40.590173],[-80.5190558459397,40.5596130052828],[-80.519057,40.517922],[-80.519054,40.517922],[-80.5189953454551,40.4773632987013],[-80.51899,40.473667],[-80.51769,40.462467],[-80.5178748599629,40.4234075023955],[-80.5179643550745,40.4044978691627],[-80.5179873274459,40.3996439826186],[-80.517991,40.398868],[-80.517991,40.367968],[-80.5187288165564,40.3497570258921],[-80.519039,40.342101],[-80.5190438089935,40.2942005955032],[-80.5190450614637,40.2817252557736],[-80.5190536782476,40.1958970193441],[-80.519056,40.172771],[-80.519056,40.172744],[-80.519104,40.159672],[-80.5190047729565,40.1034550562999],[-80.51896,40.078089],[-80.519008,40.077001],[-80.5190136783384,40.0739290696469],[-80.51912,40.01641],[-80.519207,39.963381],[-80.519218,39.962424],[-80.5192168880039,39.9621993767921],[-80.519203,39.959394],[-80.519175,39.956648],[-80.519115,39.939188],[-80.519248,39.936967],[-80.518891,39.890964],[-80.519423,39.806181],[-80.519342,39.721403],[-80.421388,39.721189],[-80.309457,39.721264],[-80.308651,39.721283],[-80.2937785675821,39.7212872820621],[-80.1851570352863,39.7213185563103],[-80.075947,39.72135],[-80.0417021197902,39.7212520986433],[-79.9162796668476,39.7208935332686],[-79.9161705658965,39.7208932213641],[-79.8580739395889,39.7207271311778],[-79.853131,39.720713],[-79.852904,39.720713],[-79.763774,39.720776],[-79.7189858044898,39.7209131565559],[-79.6243568327792,39.7212029423734],[-79.610623,39.721245],[-79.608223,39.721154],[-79.548465,39.720778],[-79.5237849043878,39.7208811158682],[-79.476662,39.721078],[-79.4765963183779,39.6637021175458],[-79.476574,39.644206],[-79.476968,39.642986],[-79.477764,39.642282],[-79.4786222866335,39.5561472507613],[-79.478866,39.531689],[-79.482366,39.531689],[-79.482354,39.524682],[-79.482648,39.521364],[-79.4827608153671,39.5097772597699],[-79.4833325227411,39.4510598615843],[-79.4836435328231,39.4191174664811],[-79.4839977926821,39.3827330884798],[-79.484372,39.3443],[-79.486072,39.3443],[-79.486812,39.296367],[-79.487651,39.279933],[-79.486737,39.278149],[-79.4868325987092,39.2758446616539],[-79.487274,39.265205],[-79.486179,39.26497],[-79.485874,39.264905],[-79.486873,39.205961],[-79.476037,39.203728],[-79.469156,39.2073],[-79.452685,39.211719],[-79.43983,39.217074],[-79.424413,39.228171],[-79.425059,39.233686],[-79.42035,39.23888],[-79.412051,39.240546],[-79.387023,39.26554],[-79.376154,39.273154],[-79.361343,39.274924],[-79.35375,39.278039],[-79.343801,39.286096],[-79.343625,39.287148],[-79.345599,39.289733],[-79.344344,39.293534],[-79.33238,39.299919],[-79.314768,39.304381],[-79.3128290806177,39.3036296823586],[-79.302311,39.299554],[-79.29271,39.298729],[-79.290236,39.299323],[-79.283723,39.30964],[-79.282037,39.323048],[-79.2722802951283,39.3289642342356],[-79.269365,39.330732],[-79.255306,39.335874],[-79.253891,39.337222],[-79.253928,39.354085],[-79.25227,39.356663],[-79.235878,39.358689],[-79.229247,39.363662],[-79.220357,39.363157],[-79.213961,39.36532],[-79.202943,39.377872],[-79.197937,39.386132],[-79.195543,39.38779],[-79.193332,39.387974],[-79.189465,39.3865],[-79.179335,39.388342],[-79.176977,39.39213],[-79.1746,39.392756],[-79.170494,39.392026],[-79.16722,39.393256],[-79.165593,39.397134],[-79.166497,39.400888],[-79.16134,39.411895],[-79.159213,39.413021],[-79.157212,39.413021],[-79.153584,39.41202],[-79.151583,39.408768],[-79.149581,39.407767],[-79.147455,39.407767],[-79.145453,39.407767],[-79.143827,39.408517],[-79.142701,39.410519],[-79.14195,39.414272],[-79.140699,39.416649],[-79.136696,39.417649],[-79.132193,39.418275],[-79.129816,39.419901],[-79.128941,39.423279],[-79.129404,39.426637],[-79.129047,39.429542],[-79.124036,39.433204],[-79.12156,39.432786],[-79.119433,39.433161],[-79.117932,39.434412],[-79.116932,39.435788],[-79.116574,39.438058],[-79.116369,39.440482],[-79.11407,39.443321],[-79.107933,39.445748],[-79.104217,39.448358],[-79.095428,39.462548],[-79.096154,39.465542],[-79.09824,39.468445],[-79.099057,39.470259],[-79.098875,39.471438],[-79.098059,39.472073],[-79.096517,39.472799],[-79.094702,39.473253],[-79.091329,39.472407],[-79.08327,39.471379],[-79.068627,39.474515],[-79.062605,39.4727645],[-79.056583,39.471014],[-79.054989,39.473096],[-79.05388,39.480094],[-79.052447,39.482315],[-79.050528,39.483299],[-79.046276,39.483801],[-79.036915,39.476795],[-79.035623,39.473344],[-79.035712,39.471331],[-79.033884,39.467761],[-79.030343,39.465403],[-79.028159,39.46506],[-79.020542,39.467002],[-79.017147,39.466977],[-79.010097,39.461048],[-79.0046766329296,39.458538395196],[-78.99695,39.454961],[-78.978826,39.448678],[-78.9729844131432,39.4450883891513],[-78.970118,39.443327],[-78.967461,39.439804],[-78.965484,39.438455],[-78.956751,39.440264],[-78.955483,39.442277],[-78.953333,39.463645],[-78.946603,39.46614],[-78.941969,39.469959],[-78.938869,39.4741],[-78.939164,39.475267],[-78.941526,39.476869],[-78.942618,39.479614],[-78.942293,39.480987],[-78.9402353527757,39.4825816475524],[-78.938751,39.483732],[-78.933613,39.48618],[-78.926999,39.487003],[-78.918142,39.485858],[-78.9170670881848,39.48630382195],[-78.916488,39.486544],[-78.908719,39.496699],[-78.895307,39.512085],[-78.891197,39.5189],[-78.885996,39.522581],[-78.879084,39.521205],[-78.87681,39.52125],[-78.874744,39.522611],[-78.868966,39.531366],[-78.868908,39.532487],[-78.851931,39.551848],[-78.851016,39.554044],[-78.851196,39.559924],[-78.838553,39.5673],[-78.830298,39.565355],[-78.826407,39.562589],[-78.821404,39.560616],[-78.816764,39.561691],[-78.813512,39.56772],[-78.815114,39.571351],[-78.820104,39.576287],[-78.82636,39.577333],[-78.826009,39.588829],[-78.824788,39.590233],[-78.818899,39.59037],[-78.812215,39.597717],[-78.8121575644165,39.6003750434805],[-78.812154,39.60054],[-78.809347,39.608063],[-78.801792,39.606812],[-78.800434,39.605232],[-78.79784,39.604897],[-78.795857,39.606934],[-78.795368,39.61071],[-78.7959451590799,39.6140945150744],[-78.795964,39.614205],[-78.801741,39.627488],[-78.795941,39.637287],[-78.7955996666667,39.6373552666667],[-78.790941,39.638287],[-78.775241,39.645687],[-78.7680102787007,39.6478406027697],[-78.76584,39.648487],[-78.7654294,39.6472552],[-78.76504,39.646087],[-78.76534,39.643987],[-78.76814,39.639287],[-78.77114,39.638387],[-78.77264,39.636887],[-78.778477,39.624405],[-78.778477,39.62265],[-78.777516,39.621712],[-78.769565,39.619431],[-78.763171,39.618897],[-78.756686,39.622971],[-78.748499,39.626262],[-78.74288,39.625088],[-78.7401023277606,39.6236848417024],[-78.736189,39.621708],[-78.733553,39.615533],[-78.733759,39.613931],[-78.73905,39.609697],[-78.747063,39.60569],[-78.749222,39.606536],[-78.74935,39.608572],[-78.751514,39.609947],[-78.760497,39.609984],[-78.768115,39.608704],[-78.77686,39.604027],[-78.778096,39.602097],[-78.778141,39.601364],[-78.7755640402933,39.5986695416124],[-78.774281,39.597328],[-78.772128,39.596497],[-78.770511,39.594994],[-78.768481,39.591583],[-78.768314,39.589394],[-78.76749,39.587487],[-78.760196,39.582154],[-78.756747,39.58069],[-78.746421,39.579544],[-78.743318,39.580712],[-78.740246,39.585655],[-78.738502,39.586319],[-78.733979,39.586618],[-78.733149,39.58369],[-78.731992,39.575364],[-78.726342,39.567587],[-78.72501,39.563973],[-78.714784,39.562558],[-78.713335,39.562032],[-78.708664,39.556795],[-78.707098,39.555857],[-78.694626,39.553251],[-78.692824,39.55197],[-78.691996,39.55078],[-78.691494,39.547646],[-78.689455,39.54577],[-78.682423,39.543848],[-78.675629,39.540371],[-78.668745,39.540164],[-78.66399,39.536778],[-78.6574165631331,39.5350677240827],[-78.655984,39.534695],[-78.630842,39.537109],[-78.628744,39.537863],[-78.628566,39.53919],[-78.623037,39.539512],[-78.614526,39.537595],[-78.6133456956481,39.5372074258675],[-78.606873,39.535082],[-78.605868,39.534304],[-78.600511,39.533434],[-78.597659,39.53505],[-78.595603,39.535483],[-78.593871,39.535158],[-78.593114,39.534401],[-78.592131,39.531816],[-78.590654,39.530192],[-78.587079,39.52802],[-78.578956,39.526695],[-78.572692,39.522372],[-78.567937,39.519902],[-78.565929,39.519444],[-78.557127,39.521526],[-78.552756,39.521388],[-78.550128,39.520702],[-78.546584,39.520998],[-78.527886,39.524654],[-78.5233115534705,39.5247497409554],[-78.521388,39.52479],[-78.513622,39.522545],[-78.5032,39.518652],[-78.499017,39.518906],[-78.489742,39.517789],[-78.485697,39.519392],[-78.484044,39.519507],[-78.480677,39.51896],[-78.474178,39.51624],[-78.471166,39.516103],[-78.468639,39.516789],[-78.462899,39.52084],[-78.460951,39.525987],[-78.461071,39.529304],[-78.461911,39.532971],[-78.461291,39.534678],[-78.459274,39.535919],[-78.45105,39.536695],[-78.449499,39.538092],[-78.449654,39.539643],[-78.449964,39.54104],[-78.449499,39.542281],[-78.447171,39.543367],[-78.445309,39.543367],[-78.441961,39.541223],[-78.438357,39.538753],[-78.436378,39.539302],[-78.435107,39.541658],[-78.434759,39.543988],[-78.434759,39.54678],[-78.433828,39.548953],[-78.430414,39.549418],[-78.426953,39.546598],[-78.424053,39.546315],[-78.421105,39.54678],[-78.419398,39.547401],[-78.418777,39.548953],[-78.420019,39.551745],[-78.423287,39.556319],[-78.426537,39.559155],[-78.438179,39.563524],[-78.450207,39.570889],[-78.454376,39.574319],[-78.458338,39.580426],[-78.458052,39.585241],[-78.457187,39.587379],[-78.454527,39.588958],[-78.451186,39.590193],[-78.445983,39.591223],[-78.443175,39.591155],[-78.428246,39.586717],[-78.422985,39.584109],[-78.420059,39.581706],[-78.41867,39.581111],[-78.408031,39.578593],[-78.400936,39.580214],[-78.397446,39.581952],[-78.395317,39.584215],[-78.395463,39.587372],[-78.397471,39.590232],[-78.402702,39.593596],[-78.41287,39.598311],[-78.420644,39.603183],[-78.425581,39.607599],[-78.431524,39.614484],[-78.433002,39.61652],[-78.433623,39.618259],[-78.433297,39.620569],[-78.43025,39.62329],[-78.425902,39.624548],[-78.420549,39.624021],[-78.41286,39.621091],[-78.395828,39.616076],[-78.390774,39.612117],[-78.383591,39.608912],[-78.378181,39.608178],[-78.374732,39.608635],[-78.3732,39.60953],[-78.372255,39.6112],[-78.372404,39.612297],[-78.379118,39.618127],[-78.382959,39.622246],[-78.383461,39.623321],[-78.383447,39.625091],[-78.382487,39.628216],[-78.380504,39.629359],[-78.373166,39.630459],[-78.367959,39.628929],[-78.366212,39.627534],[-78.362485,39.626049],[-78.358343,39.625581],[-78.35577,39.626258],[-78.353878,39.627722],[-78.353465,39.628912],[-78.353673,39.630787],[-78.355567,39.633463],[-78.358735,39.635589],[-78.359506,39.638081],[-78.358264,39.63966],[-78.355218,39.640576],[-78.351905,39.640486],[-78.333880268313,39.6364859193412],[-78.331934,39.636054],[-78.313033,39.631001],[-78.308152,39.629606],[-78.283039,39.62047],[-78.2826727148698,39.6204445502989],[-78.271122,39.619642],[-78.266833,39.618818],[-78.265088,39.619274],[-78.263371,39.621675],[-78.263344,39.626417],[-78.262189,39.630464],[-78.254077,39.640089],[-78.246722,39.644758],[-78.238059,39.652081],[-78.227677,39.656796],[-78.225075,39.658878],[-78.223597,39.661097],[-78.223864,39.662607],[-78.233012,39.670471],[-78.233138,39.672875],[-78.231564,39.674382],[-78.227333,39.676121],[-78.206763,39.67599],[-78.202945,39.676653],[-78.201081,39.677866],[-78.196701,39.682074],[-78.192439,39.689118],[-78.191107,39.690262],[-78.1863281930855,39.6930372342982],[-78.182759,39.69511],[-78.176625,39.695967],[-78.171361,39.695612],[-78.162126,39.693643],[-78.154164,39.690531],[-78.143478,39.690412],[-78.135221,39.688305],[-78.132706,39.686977],[-78.123939,39.685652],[-78.11183,39.682593],[-78.107834,39.682137],[-78.101737,39.680286],[-78.0998487180141,39.6794172839965],[-78.097118,39.678161],[-78.089835,39.671668],[-78.088592,39.671211],[-78.0856799338741,39.6711903046469],[-78.08226,39.671166],[-78.077525,39.66888],[-78.074595,39.666686],[-78.068291,39.66106],[-78.051932,39.648207],[-78.04995,39.645349],[-78.047672,39.643107],[-78.03886,39.638121],[-78.035992,39.63572],[-78.03014,39.627462],[-78.023896,39.621697],[-78.0224018601498,39.6196004669544],[-78.011343,39.604083],[-78.009985,39.602893],[-78.006734,39.601337],[-78.00233,39.600488],[-77.9916408570085,39.6001995020619],[-77.991437,39.600194],[-77.976363,39.599861],[-77.973179,39.601317],[-77.96823,39.606543],[-77.962092,39.608702],[-77.95504,39.608078],[-77.950789,39.604616],[-77.951281,39.590406],[-77.946182,39.584814],[-77.93905,39.587139],[-77.936371,39.594508],[-77.9359058990795,39.6020184389106],[-77.935506,39.608476],[-77.944647,39.615248],[-77.944399,39.617147],[-77.94194,39.61879],[-77.937492,39.61915],[-77.932862,39.617676],[-77.928738,39.613908],[-77.925988,39.607642],[-77.922834,39.604886],[-77.914624,39.602816],[-77.9093619341442,39.6018449816994],[-77.903401,39.600745],[-77.890327,39.597547],[-77.883998,39.598252],[-77.881549,39.60009],[-77.88111,39.606214],[-77.881936,39.608112],[-77.886959,39.613329],[-77.887017,39.614518],[-77.885124,39.615775],[-77.874718,39.614293],[-77.868679,39.611138],[-77.8626503084867,39.6093325512501],[-77.8578,39.60788],[-77.853436,39.607117],[-77.842785,39.607255],[-77.838008,39.606125],[-77.833568,39.602936],[-77.831813,39.601105],[-77.8316472181131,39.6002958073435],[-77.829753,39.59105],[-77.829814,39.587288],[-77.830232882763,39.5846247599567],[-77.830775,39.581178],[-77.8323034422807,39.5748176271678],[-77.833217,39.571016],[-77.83633,39.56637],[-77.842174,39.564333],[-77.855847,39.564607],[-77.865734,39.563547],[-77.872723,39.563895],[-77.878451,39.563493],[-77.886135,39.560432],[-77.887968,39.559198],[-77.888648,39.558054],[-77.888945,39.55595],[-77.886436,39.551947],[-77.87153,39.544278],[-77.865351,39.538381],[-77.864434,39.536483],[-77.864315,39.534813],[-77.865078,39.528226],[-77.866138,39.524727],[-77.866132,39.517661],[-77.8649397818319,39.5163827204063],[-77.86368,39.515032],[-77.860195,39.514325],[-77.849437,39.515595],[-77.841118,39.519548],[-77.840536,39.529196],[-77.839061,39.531117],[-77.836935,39.53217],[-77.833509,39.532628],[-77.827188,39.530458],[-77.825357,39.529177],[-77.823762,39.525907],[-77.823555,39.524077],[-77.825141,39.517885],[-77.829045,39.514425],[-77.845103,39.505845],[-77.847789,39.502314],[-77.846668,39.499574],[-77.839156,39.496448],[-77.8254783443237,39.4937667603949],[-77.824796,39.493633],[-77.807821,39.490241],[-77.794369,39.490993],[-77.788679,39.495404],[-77.784442,39.498061],[-77.781608,39.499067],[-77.774374,39.4995],[-77.77095,39.499087],[-77.7689436314396,39.4977258102747],[-77.765993,39.495724],[-77.765551,39.493025],[-77.767087,39.491333],[-77.771723,39.489207],[-77.78144,39.486297],[-77.795165,39.480993],[-77.798201,39.475719],[-77.795634,39.471259],[-77.789645,39.467827],[-77.782915,39.465405],[-77.782452,39.463363],[-77.783911,39.461492],[-77.787554,39.461179],[-77.796512,39.461576],[-77.798948,39.457969],[-77.796173,39.454138],[-77.789519,39.449631],[-77.789284,39.445248],[-77.792961,39.442106],[-77.797512,39.440506],[-77.799806,39.436943],[-77.7966733344758,39.4340728483465],[-77.79551,39.433007],[-77.787748,39.429151],[-77.77485,39.427845],[-77.763319,39.428436],[-77.75872,39.42681],[-77.754681,39.424658],[-77.75309,39.423262],[-77.75268,39.420174],[-77.747478,39.41093],[-77.740012,39.401694],[-77.736409,39.392684],[-77.735905,39.389665],[-77.736317,39.387744],[-77.7369005124103,39.38723776088],[-77.738084,39.386211],[-77.740765,39.385409],[-77.749715,39.384171],[-77.752209,39.383328],[-77.753389,39.382094],[-77.753804,39.379624],[-77.753274,39.37832],[-77.744144,39.365139],[-77.7441079260744,39.3644453117717],[-77.743874,39.359947],[-77.74593,39.353221],[-77.750387,39.34945],[-77.758673,39.345487],[-77.761068,39.342534],[-77.760234,39.338622],[-77.757605,39.335388],[-77.7541975637207,39.3338585300376],[-77.753078,39.333356],[-77.733204,39.326331],[-77.7274114404355,39.3225310029771],[-77.72607,39.321651],[-77.719519,39.321314],[-77.719946,39.319693],[-77.721638,39.318494],[-77.730047,39.315666],[-77.734899,39.312409],[-77.747287,39.295001],[-77.750267,39.289284],[-77.752726,39.283373],[-77.753357,39.280331],[-77.75306,39.277971],[-77.753105,39.27734],[-77.755193,39.275191],[-77.755698,39.274575],[-77.758412,39.269197],[-77.758733,39.268114],[-77.761217,39.263721],[-77.761768,39.263031],[-77.7621944059562,39.2612136229413],[-77.7622312213775,39.2610567126049],[-77.762844,39.258445],[-77.766525,39.25734],[-77.768,39.257657],[-77.768992,39.256417],[-77.770281,39.255977],[-77.770669,39.255262],[-77.770876,39.24976],[-77.770589,39.249393],[-77.767277,39.24938],[-77.771415,39.236776],[-77.7737089403333,39.2342000149963],[-77.778068,39.229305],[-77.781268,39.226909],[-77.78364,39.224081],[-77.788763,39.215243],[-77.793631,39.210125],[-77.794596,39.206299],[-77.79819,39.200658],[-77.798478,39.199574],[-77.797714,39.19424],[-77.797943,39.192826],[-77.8000146886198,39.1887227160104],[-77.804712,39.179419],[-77.804415,39.178045],[-77.805099,39.174222],[-77.805991,39.172421],[-77.809125,39.168567],[-77.811295,39.167563],[-77.813206,39.165023],[-77.818446,39.155279],[-77.821413,39.15241],[-77.822874,39.147755],[-77.82299,39.145451],[-77.82223,39.142734],[-77.822182,39.139985],[-77.828157,39.132329],[-77.8283018332673,39.1324224548325],[-77.86088412513,39.1534464411503],[-77.8609286356256,39.1534751619062],[-78.032841,39.264403],[-78.0331853088999,39.2646209889705],[-78.0331865984578,39.2646218054158],[-78.108304826211,39.3121806838973],[-78.1083085187363,39.3121830217102],[-78.108746,39.31246],[-78.1359202829741,39.33043739209],[-78.14092,39.333745],[-78.158194,39.343392],[-78.1715209919069,39.3528002825715],[-78.18737,39.363989],[-78.205401,39.375099],[-78.228766,39.391233],[-78.262785,39.414323],[-78.28798,39.428755],[-78.307396270479,39.4409936855911],[-78.3470356953256,39.4659796610511],[-78.347087,39.466012],[-78.349476,39.462205],[-78.345143,39.459484],[-78.345823,39.453499],[-78.346962,39.450679],[-78.347333,39.447659],[-78.346061,39.445613],[-78.346546,39.442616],[-78.347773,39.440583],[-78.353227,39.436792],[-78.347942,39.430879],[-78.346718,39.427618],[-78.348354,39.424431],[-78.351236,39.420595],[-78.356627,39.415902],[-78.359352,39.412534],[-78.359918,39.409028],[-78.357949,39.404192],[-78.349436,39.397252],[-78.350014,39.392861],[-78.343214,39.388807],[-78.354837,39.371616],[-78.362632,39.362888],[-78.366867,39.35929],[-78.3624277996426,39.3578366444047],[-78.362267,39.357784],[-78.348698,39.354744],[-78.34048,39.353492],[-78.338958,39.349889],[-78.339284,39.348605],[-78.341308,39.345555],[-78.342514,39.346769],[-78.343685,39.346713],[-78.347409,39.343402],[-78.347634,39.34272],[-78.3456298036274,39.3411564686992],[-78.34546,39.341024],[-78.346301,39.339108],[-78.35894,39.319484],[-78.360035,39.317771],[-78.361567,39.318037],[-78.364686,39.317312],[-78.367242,39.310148],[-78.371604,39.307692],[-78.374728,39.305136],[-78.385888,39.294888],[-78.387242,39.29343],[-78.387194,39.291444],[-78.388785,39.288572],[-78.3920994623151,39.2845362482409],[-78.393371,39.282988],[-78.398682,39.281332],[-78.402275,39.277238],[-78.401813,39.276754],[-78.402783,39.275471],[-78.414204,39.26391],[-78.419422,39.257476],[-78.418584,39.256065],[-78.41612,39.25541],[-78.414631,39.255733],[-78.409116,39.252564],[-78.399785,39.244129],[-78.399669,39.243874],[-78.404214,39.241214],[-78.40498,39.238006],[-78.405585,39.231176],[-78.41789,39.217504],[-78.423968,39.212049],[-78.427911,39.208611],[-78.429803,39.207014],[-78.431167,39.205744],[-78.43213,39.204717],[-78.437053,39.199766],[-78.438651,39.198049],[-78.436662,39.196658],[-78.430846,39.196227],[-78.424905,39.193301],[-78.424292,39.192156],[-78.428697,39.187217],[-78.426315,39.182762],[-78.411972,39.172734],[-78.406966,39.170903],[-78.4039395737215,39.1677071531009],[-78.403697,39.167451],[-78.412599,39.160038],[-78.413943,39.158415],[-78.427294,39.152726],[-78.436658,39.141691],[-78.437771,39.135426],[-78.439429,39.132146],[-78.459869,39.113351],[-78.466662,39.112858],[-78.46953,39.111204],[-78.470261,39.110063],[-78.473209,39.108143],[-78.475376,39.107469],[-78.47732,39.109398],[-78.478426,39.109843],[-78.484283,39.107372],[-78.49516,39.100992],[-78.495984,39.09898],[-78.504384,39.091398],[-78.508132,39.08863],[-78.512103,39.084878],[-78.516479,39.081802],[-78.515955,39.080046],[-78.516789,39.077569],[-78.522714,39.071062],[-78.526543,39.068221],[-78.531695,39.066519],[-78.540216,39.060631],[-78.5441928910609,39.0565696646112],[-78.545679,39.055052],[-78.547734,39.054069],[-78.554263,39.048058],[-78.556748,39.044527],[-78.559997,39.041573],[-78.571901,39.031995],[-78.565837,39.026303],[-78.565073,39.025935],[-78.563294,39.026328],[-78.55964,39.024456],[-78.55738,39.021393],[-78.550467,39.018065],[-78.552321,39.016374],[-78.554919,39.015124],[-78.5594,39.011877],[-78.561711,39.009007],[-78.570462,39.001552],[-78.580465,38.990567],[-78.581981,38.988398],[-78.582928,38.985416],[-78.588704,38.978579],[-78.593261,38.971918],[-78.596015,38.970192],[-78.598894,38.969546],[-78.601399,38.96653],[-78.601655,38.964603],[-78.608369,38.969743],[-78.611184,38.976134],[-78.614312,38.97585],[-78.618676,38.974082],[-78.619982,38.977338],[-78.619914,38.981288],[-78.620453,38.982601],[-78.625672,38.982575],[-78.629553,38.980866],[-78.630846,38.979586],[-78.632452,38.976983],[-78.632471,38.974739],[-78.638423,38.966819],[-78.646589,38.968138],[-78.652352,38.960677],[-78.655043,38.953766],[-78.65905,38.947375],[-78.662083,38.945702],[-78.665886,38.941579],[-78.666594,38.9392],[-78.670679,38.9338],[-78.680456,38.925313],[-78.681617,38.92584],[-78.688266,38.92478],[-78.6896204623449,38.9236803501377],[-78.69145,38.922195],[-78.69738,38.915602],[-78.704323,38.915231],[-78.712622,38.908665],[-78.716168,38.90483],[-78.717178,38.904296],[-78.718647,38.904561],[-78.71981,38.905907],[-78.7209,38.909844],[-78.719451,38.92026],[-78.719755,38.922135],[-78.719806,38.922638],[-78.720095,38.923863],[-78.71962,38.92651],[-78.717076,38.936028],[-78.718482,38.934267],[-78.722451,38.931405],[-78.724062,38.930846],[-78.726222,38.930932],[-78.7386774121291,38.9273529938689],[-78.738921,38.927283],[-78.750517,38.916029],[-78.754658,38.907582],[-78.754516,38.905728],[-78.757278,38.903203],[-78.759085,38.900529],[-78.772793,38.893742],[-78.779198,38.892298],[-78.786025,38.887187],[-78.788031,38.885123],[-78.790078,38.880076],[-78.79161,38.877593],[-78.796213,38.874606],[-78.8060012001695,38.859531942737],[-78.808181,38.856175],[-78.810943,38.849616],[-78.815116,38.841594],[-78.821167,38.830982],[-78.827262,38.82161],[-78.832267,38.814388],[-78.835191,38.811499],[-78.848187,38.794978],[-78.863684,38.7718],[-78.865905,38.767034],[-78.869276,38.762991],[-78.993997,38.850102],[-78.998171,38.847353],[-79.000252,38.845412],[-78.998863,38.840962],[-78.999014,38.840074],[-79.002352,38.836512],[-79.005152,38.829912],[-79.006352,38.826112],[-79.006152,38.824512],[-79.006552,38.823712],[-79.007952,38.822312],[-79.011952,38.820412],[-79.016752,38.820012],[-79.019553,38.817912],[-79.024053,38.809212],[-79.024453,38.803712],[-79.023453,38.802612],[-79.023053,38.798613],[-79.027253,38.792113],[-79.029253,38.791013],[-79.033153,38.791013],[-79.046554,38.792113],[-79.048954,38.790713],[-79.054954,38.785713],[-79.055654,38.783013],[-79.054354,38.780613],[-79.052454,38.779213],[-79.051654,38.778013],[-79.051254,38.773913],[-79.051554,38.772613],[-79.053754,38.772313],[-79.055654,38.770913],[-79.056754,38.766513],[-79.057253,38.761413],[-79.057554,38.760213],[-79.060954,38.756713],[-79.064854,38.754413],[-79.072555,38.747513],[-79.072755,38.744614],[-79.073855,38.742114],[-79.076555,38.739214],[-79.079655,38.734714],[-79.081955,38.729714],[-79.085455,38.724614],[-79.087255,38.720114],[-79.086555,38.716015],[-79.092755,38.702315],[-79.092555,38.700149],[-79.092271,38.699208],[-79.090755,38.692515],[-79.088055,38.690115],[-79.085555,38.688816],[-79.084355,38.686516],[-79.087855,38.673816],[-79.091055,38.669316],[-79.092364674221,38.6643084220963],[-79.092755,38.662816],[-79.092955,38.659517],[-79.106356,38.656217],[-79.111556,38.659717],[-79.120256,38.660216],[-79.122256,38.659817],[-79.129757,38.655017],[-79.131057,38.653217],[-79.133557,38.646017],[-79.135472,38.644057],[-79.135546,38.643715],[-79.136374,38.6424],[-79.137012,38.640655],[-79.137557,38.638017],[-79.139657,38.637217],[-79.142657,38.634417],[-79.146741,38.625819],[-79.146974,38.625641],[-79.151257,38.620618],[-79.155355,38.611225],[-79.155557,38.609218],[-79.154357,38.606518],[-79.159158,38.601219],[-79.158957,38.594519],[-79.158257,38.593919],[-79.158657,38.592319],[-79.163458,38.583119],[-79.1673213887043,38.5793395980066],[-79.168058,38.578619],[-79.170858,38.574119],[-79.171658,38.57162],[-79.170658,38.56922],[-79.170958,38.56812],[-79.174512,38.566531],[-79.174881,38.566314],[-79.176658,38.56552],[-79.180858,38.55992],[-79.184058,38.55152],[-79.188958,38.54742],[-79.193458,38.542421],[-79.196959,38.536721],[-79.201459,38.527821],[-79.205859,38.524521],[-79.210959,38.507422],[-79.206959,38.503522],[-79.207884,38.500428],[-79.207873,38.500122],[-79.209703,38.495574],[-79.210008,38.494283],[-79.210026,38.494231],[-79.210591,38.492913],[-79.215212,38.489261],[-79.219067,38.487441],[-79.221406,38.484837],[-79.220961,38.48059],[-79.2243090862597,38.4776607800969],[-79.225669,38.476471],[-79.23162,38.474041],[-79.234408,38.473011],[-79.240059,38.469841],[-79.242024,38.464332],[-79.241854,38.457055],[-79.242641,38.454168],[-79.247342,38.453294],[-79.253067,38.455818],[-79.254435,38.455949],[-79.261107,38.448082],[-79.26291,38.444586],[-79.263376,38.443762],[-79.265327,38.441772],[-79.267414,38.438322],[-79.272064,38.437376],[-79.274529,38.436337],[-79.282225,38.432078],[-79.282762,38.431647],[-79.282663,38.431021],[-79.28247,38.429168],[-79.280581,38.426833],[-79.280263,38.425475],[-79.279678,38.424173],[-79.280149,38.42076],[-79.282971,38.418095],[-79.285613,38.419249],[-79.286874,38.420555],[-79.288432,38.42096],[-79.290529,38.420757],[-79.291813,38.419627],[-79.295712,38.418129],[-79.297758,38.416438],[-79.300081,38.414888],[-79.312276,38.411876],[-79.370302,38.427244],[-79.4763956583835,38.457159665936],[-79.476638,38.457228],[-79.499768,38.49772],[-79.521469,38.533918],[-79.53187,38.542817],[-79.53317,38.544717],[-79.53337,38.546217],[-79.53687,38.550917],[-79.537523299639,38.5513369783393],[-79.53827,38.551817],[-79.54257,38.553217],[-79.555471,38.560217],[-79.566271,38.562517],[-79.571771,38.563117],[-79.649075,38.591515],[-79.6543188029416,38.5800977634275],[-79.656109,38.5762],[-79.658175,38.573016],[-79.659375,38.572616],[-79.661575,38.567316],[-79.660675,38.566216],[-79.659275,38.562416],[-79.662575,38.560516],[-79.665075,38.560916],[-79.669275,38.549516],[-79.669675,38.543416],[-79.666874,38.538317],[-79.668774,38.534217],[-79.672974,38.528717],[-79.671574,38.527517],[-79.669774,38.526917],[-79.666774,38.524317],[-79.662974,38.518717],[-79.662074,38.515517],[-79.663474,38.514117],[-79.665674,38.513817],[-79.667574,38.512917],[-79.668774,38.512017],[-79.669128,38.510975],[-79.669128,38.510883],[-79.670474,38.507717],[-79.674074,38.510417],[-79.680374,38.510617],[-79.681574,38.508217],[-79.681606,38.504504],[-79.682974,38.501317],[-79.688345,38.496183],[-79.691301,38.496768],[-79.692273,38.496474],[-79.694506,38.494232],[-79.697572,38.487223],[-79.696959,38.484574],[-79.695462,38.481454],[-79.693424,38.481011],[-79.69418,38.478311],[-79.695565,38.477842],[-79.699006,38.475148],[-79.699622,38.473967],[-79.698929,38.469869],[-79.695588,38.469058],[-79.691088,38.463744],[-79.688882,38.458714],[-79.688365,38.45687],[-79.688205,38.450476],[-79.688962,38.449538],[-79.691478,38.446282],[-79.689544,38.442511],[-79.691377,38.439558],[-79.691656,38.436436],[-79.69093,38.433995],[-79.689909,38.432864],[-79.689675,38.431439],[-79.706634,38.41573],[-79.70914,38.412064],[-79.708965,38.409553],[-79.712904,38.405034],[-79.717365,38.401562],[-79.722653,38.389517],[-79.72635,38.38707],[-79.729895,38.380351],[-79.731698,38.373376],[-79.730494,38.372217],[-79.727676,38.371701],[-79.72679,38.370832],[-79.725804,38.366128],[-79.725597,38.363828],[-79.725973,38.363229],[-79.727053,38.362233],[-79.729344,38.36183],[-79.732059,38.360168],[-79.7346,38.356728],[-79.740615,38.354101],[-79.744105,38.353968],[-79.75556,38.357372],[-79.757626,38.357566],[-79.764432,38.356514],[-79.767263,38.353395],[-79.766403,38.350873],[-79.769906,38.341843],[-79.77309,38.335529],[-79.779272,38.331609],[-79.785972,38.330878],[-79.79655,38.32348],[-79.798159,38.319161],[-79.799617,38.317149],[-79.804093,38.313922],[-79.808711,38.309429],[-79.810154,38.306707],[-79.810115,38.305037],[-79.807542,38.301694],[-79.804026,38.298622],[-79.803346,38.296682],[-79.8028623940791,38.2927578104064],[-79.802778,38.292073],[-79.797848,38.292053],[-79.795448,38.290228],[-79.789791,38.281167],[-79.787542,38.273298],[-79.788945,38.268703],[-79.790134,38.267654],[-79.7961001204602,38.266413403698],[-79.798295,38.265957],[-79.801274,38.261474],[-79.806333,38.259193],[-79.811987,38.260401],[-79.814202,38.258174],[-79.815708,38.255065],[-79.815719,38.253645],[-79.814865,38.251568],[-79.817149,38.249511],[-79.819623,38.248234],[-79.82101,38.248277],[-79.825283,38.250488],[-79.830882,38.249687],[-79.832971,38.247553],[-79.834031,38.244957],[-79.834171,38.242899],[-79.835124,38.241892],[-79.837494,38.241276],[-79.842981,38.241594],[-79.845207,38.241082],[-79.846445,38.240003],[-79.850324,38.233329],[-79.856962,38.231075],[-79.863625,38.223945],[-79.879087,38.211016],[-79.884234,38.207868],[-79.886413,38.207953],[-79.888045,38.20736],[-79.891591,38.204652],[-79.891999,38.203378],[-79.892345,38.202397],[-79.892916,38.199868],[-79.898426,38.193045],[-79.90609,38.188999],[-79.910961,38.18792],[-79.91441,38.188418],[-79.916344,38.186278],[-79.916174,38.184386],[-79.917061,38.183741],[-79.921196,38.180378],[-79.921026,38.179954],[-79.916622,38.177994],[-79.916765,38.175504],[-79.918629,38.172671],[-79.918913,38.170439],[-79.917924,38.168399],[-79.916072,38.168428],[-79.915065,38.168088],[-79.914884,38.167524],[-79.918662,38.15479],[-79.923125,38.150874],[-79.925251,38.150465],[-79.925512,38.150237],[-79.928683,38.144928],[-79.928747,38.144436],[-79.929031,38.139771],[-79.933751,38.135508],[-79.942747,38.134333],[-79.944843,38.131585],[-79.9422501492873,38.1227972123017],[-79.938952,38.111619],[-79.938051,38.110759],[-79.934364,38.109718],[-79.929687,38.109197],[-79.92633,38.107151],[-79.927645,38.104826],[-79.931034,38.101402],[-79.933911,38.099168],[-79.93425,38.097669],[-79.935101,38.096541],[-79.938274,38.094741],[-79.942364,38.091588],[-79.949113,38.084238],[-79.953509,38.081484],[-79.954369,38.080397],[-79.960093,38.068677],[-79.959844,38.063697],[-79.968189,38.047709],[-79.971231,38.044326],[-79.973895,38.040004],[-79.973777,38.038744],[-79.972165,38.036102],[-79.973701,38.032556],[-79.975269,38.030075],[-79.976732,38.029278],[-79.978427,38.029082],[-79.98029,38.027596],[-79.985619,38.01916],[-79.985792,38.018089],[-79.984842,38.01661],[-79.986142,38.014182],[-79.990114,38.013246],[-79.994985,38.007853],[-79.995901,38.005791],[-79.995398,38.003309],[-79.996134,38.000996],[-79.999384,37.995842],[-80.002507,37.992767],[-80.008888,37.99083],[-80.012193,37.988633],[-80.012891,37.987443],[-80.012555,37.985999],[-80.013145,37.984253],[-80.024168,37.976907],[-80.036236,37.96792],[-80.04841,37.957481],[-80.051043,37.956852],[-80.0563291815345,37.9522744732365],[-80.056839,37.951833],[-80.063682,37.947968],[-80.066569,37.947171],[-80.074514,37.942221],[-80.075441,37.939629],[-80.080823,37.935526],[-80.086954,37.929547],[-80.096563,37.918112],[-80.102931,37.918911],[-80.106819,37.914698],[-80.116884,37.906292],[-80.118967,37.903614],[-80.119106,37.902018],[-80.11748,37.900581],[-80.117747,37.89772],[-80.120613,37.896735],[-80.123021,37.898046],[-80.12362,37.897943],[-80.129555,37.894134],[-80.130464,37.893194],[-80.13104,37.890697],[-80.131931,37.8895],[-80.141947,37.882616],[-80.14613,37.884453],[-80.147316,37.885936],[-80.148951,37.886892],[-80.153832,37.881824],[-80.162202,37.875122],[-80.168957,37.867116],[-80.172033,37.862144],[-80.172076,37.860066],[-80.176712,37.854029],[-80.181815,37.852724],[-80.183062,37.850646],[-80.183555,37.84681],[-80.179391,37.839751],[-80.181768,37.838343],[-80.18638,37.837741],[-80.19465,37.831759],[-80.199633,37.827507],[-80.202853,37.82424],[-80.205841,37.818921],[-80.206482,37.81597],[-80.210965,37.812598],[-80.216229,37.80982],[-80.216939,37.809505],[-80.218611,37.809783],[-80.227092,37.798886],[-80.229228,37.79466],[-80.229489,37.792331],[-80.227965,37.791714],[-80.2243386129028,37.7877739370978],[-80.220092,37.78316],[-80.218616,37.783291],[-80.215892,37.781989],[-80.215658,37.777481],[-80.216498,37.776445],[-80.216899,37.776056],[-80.217634,37.776775],[-80.221827,37.778293],[-80.227498,37.778889],[-80.230458,37.778305],[-80.232011,37.775621],[-80.24139,37.769443],[-80.246902,37.768309],[-80.251319,37.762958],[-80.250427,37.761301],[-80.2503686552047,37.7609172249725],[-80.24979,37.757111],[-80.251622,37.755866],[-80.25641,37.756372],[-80.257411,37.756084],[-80.262765,37.738336],[-80.260313,37.733517],[-80.252024,37.729825],[-80.252227,37.727261],[-80.253077,37.725899],[-80.258143,37.720612],[-80.264406,37.718786],[-80.27199,37.711532],[-80.275007,37.707844],[-80.287107,37.696403],[-80.294108,37.693852],[-80.296138,37.691783],[-80.292337,37.683976],[-80.292258,37.683732],[-80.279372,37.657077],[-80.270323,37.648982],[-80.270352,37.648929],[-80.267455,37.646108],[-80.267228,37.646011],[-80.264874,37.645511],[-80.26483,37.645526],[-80.263291,37.645101],[-80.263281,37.645082],[-80.254469,37.642333],[-80.254431,37.642352],[-80.239288,37.637672],[-80.220984,37.627767],[-80.223386,37.623185],[-80.226017,37.620059],[-80.240272,37.606961],[-80.24978,37.602117],[-80.258919,37.595499],[-80.26356,37.593374],[-80.270342,37.591149],[-80.28244,37.585481],[-80.294882,37.57877],[-80.328504,37.564315],[-80.312393,37.546239],[-80.314464,37.54412],[-80.321249,37.541419],[-80.324384,37.541052],[-80.327489,37.540022],[-80.330306,37.536244],[-80.309346,37.527381],[-80.291644,37.536505],[-80.282385,37.533517],[-80.299789,37.508271],[-80.309833,37.503827],[-80.309331,37.50288],[-80.314806,37.500943],[-80.320627,37.49888],[-80.327103,37.495376],[-80.332038,37.493744],[-80.343789,37.492148],[-80.366838,37.484879],[-80.36317,37.480001],[-80.369449,37.476599],[-80.371952,37.474069],[-80.378308,37.471381],[-80.382535,37.470367],[-80.39988,37.462314],[-80.402816,37.460322],[-80.425656,37.449876],[-80.443025,37.438126],[-80.451367,37.434039],[-80.457313,37.432267],[-80.46482,37.426144],[-80.4727968266129,37.4237800299575],[-80.475601,37.422949],[-80.494867,37.43507],[-80.49728,37.444779],[-80.4968041237195,37.4462147095505],[-80.492981,37.457749],[-80.511391,37.481672],[-80.513409,37.479446],[-80.515139,37.478566],[-80.5215568481343,37.4772881235014],[-80.523481,37.476905],[-80.528349,37.477368],[-80.532372,37.477124],[-80.533449,37.476406],[-80.539786,37.474527],[-80.544836,37.474695],[-80.552036,37.473563],[-80.561442,37.469775],[-80.566297,37.466575],[-80.585856,37.456654],[-80.59024,37.453296],[-80.591377,37.45144],[-80.600204,37.446173],[-80.616802,37.439443],[-80.622117,37.435969],[-80.622664,37.433307],[-80.626365,37.433328],[-80.6318538926435,37.432227477025],[-80.632365,37.432125],[-80.63439,37.431227],[-80.637379,37.429372],[-80.637554,37.428556],[-80.636947,37.427471],[-80.645893,37.422147],[-80.653589,37.419514],[-80.656687,37.417585],[-80.664112,37.41422],[-80.664971,37.414215],[-80.684576,37.40463],[-80.691709,37.401749],[-80.705203,37.394618],[-80.7135189072823,37.3914530025904],[-80.715479,37.390707],[-80.723596,37.388261],[-80.731589,37.38471],[-80.73804,37.382547],[-80.745527,37.380111],[-80.748722,37.38005],[-80.759886,37.374882],[-80.770082,37.372363],[-80.776649,37.383679],[-80.776766,37.384131],[-80.782295,37.389016],[-80.783382,37.390649],[-80.783324,37.392793],[-80.784188,37.394587],[-80.790317,37.395668],[-80.798869,37.395807],[-80.800447,37.395738],[-80.806129,37.398074],[-80.807134,37.401348],[-80.806358,37.404119],[-80.808769,37.406271],[-80.811639,37.407507],[-80.836446,37.424355],[-80.837678,37.425658],[-80.841672,37.425971],[-80.844213,37.423555],[-80.846324,37.423394],[-80.850656,37.426062],[-80.853163,37.426902],[-80.856997,37.427052],[-80.85836,37.428168],[-80.8584733682993,37.4283007053671],[-80.859476204487,37.4294745938811],[-80.859556,37.429568],[-80.85956311282,37.429558233261],[-80.863142,37.424644],[-80.865148,37.419927],[-80.865174,37.416996],[-80.864455,37.41418],[-80.862761,37.411829],[-80.883248,37.383933],[-80.876558219407,37.3766044667966],[-80.849451,37.346909],[-80.865321,37.340523],[-80.868986,37.338573],[-80.880103,37.328903],[-80.900535,37.315],[-80.919259,37.306163],[-80.92704,37.303683],[-80.931118,37.302872],[-80.938135,37.300278],[-80.947896,37.295872],[-80.966556,37.292158],[-80.973889,37.291444],[-80.980146,37.292743],[-80.981322,37.293465],[-80.982173,37.296023],[-80.979106,37.300581],[-80.979589,37.302279],[-80.996013,37.299545],[-81.000576,37.297868],[-81.008457,37.296073],[-81.021937,37.294143],[-81.037191,37.290251],[-81.084012,37.284401],[-81.09482,37.28264],[-81.112596,37.278497],[-81.1234048818848,37.2751130599252],[-81.1236616608042,37.2750326700676],[-81.142404,37.269165],[-81.158964,37.265382],[-81.1602707804801,37.2649767603248],[-81.167029,37.262881],[-81.178151,37.257979],[-81.1844879477754,37.2544167132402],[-81.204774,37.243013],[-81.225104,37.234874],[-81.2327302271123,37.2400476582895],[-81.2420528468917,37.246372155107],[-81.2569873300908,37.2565037590659],[-81.2744856162342,37.2683746556213],[-81.2921503143867,37.280358446647],[-81.3178643846482,37.2978029589603],[-81.320105,37.299323],[-81.362156,37.337687],[-81.366315,37.335927],[-81.367052,37.334504],[-81.36809,37.332423],[-81.369379,37.331827],[-81.369264,37.330568],[-81.36803,37.329447],[-81.367599,37.327569],[-81.371315,37.324115],[-81.37261,37.320195],[-81.374455,37.318614],[-81.377349,37.318447],[-81.380159,37.317838],[-81.384127,37.318596],[-81.384914,37.318832],[-81.38581,37.320085],[-81.386727,37.320474],[-81.388132,37.319903],[-81.394287,37.316411],[-81.398548,37.310635],[-81.398702,37.307806],[-81.397357,37.306358],[-81.396817,37.304498],[-81.398185,37.302965],[-81.402195,37.30166],[-81.40506,37.298794],[-81.403764,37.296597],[-81.409196,37.286071],[-81.409729,37.284837],[-81.409577,37.284025],[-81.411593,37.28033],[-81.416663,37.273214],[-81.427946,37.271015],[-81.43285,37.272697],[-81.448285,37.270575],[-81.449068,37.269583],[-81.454199,37.266999],[-81.4544345864767,37.2669722607342],[-81.458895,37.266466],[-81.460585,37.265527],[-81.459874,37.263901],[-81.46,37.262547],[-81.462107,37.259899],[-81.476431,37.255127],[-81.480144,37.251121],[-81.483559,37.250604],[-81.492287,37.25096],[-81.495738,37.252393],[-81.498045,37.254659],[-81.498445,37.256568],[-81.497773,37.25719],[-81.497775,37.257899],[-81.498874,37.258025],[-81.4989951769625,37.2578720969097],[-81.50319,37.252579],[-81.504168,37.250115],[-81.50488,37.247697],[-81.506428,37.244469],[-81.50626,37.239272],[-81.507325,37.2338],[-81.508786,37.232564],[-81.520729,37.226914],[-81.527458,37.225817],[-81.53307,37.223414],[-81.544437,37.220761],[-81.545211,37.220165],[-81.549248,37.213732],[-81.5536,37.208443],[-81.556119,37.207413],[-81.556892,37.207275],[-81.557315,37.207697],[-81.558353,37.208145],[-81.560625,37.206663],[-81.6366288229209,37.2033147854936],[-81.67821,37.201483],[-81.678603,37.202467],[-81.681379,37.203634],[-81.683268,37.205649],[-81.684012,37.211098],[-81.683544,37.211452],[-81.686717,37.213105],[-81.695113,37.21357],[-81.698954,37.218201],[-81.71573,37.228771],[-81.716248,37.234321],[-81.719554,37.237785],[-81.723061,37.240493],[-81.726171,37.240522],[-81.728194,37.239823],[-81.73332,37.238127],[-81.738543,37.238264],[-81.7392766866866,37.2388369743647],[-81.744003,37.242528],[-81.744291,37.244178],[-81.74342,37.245858],[-81.743505,37.247601],[-81.740974,37.254052],[-81.741662,37.254784],[-81.7417015805407,37.2547940862745],[-81.743008,37.255127],[-81.745445,37.258125],[-81.745505,37.26133],[-81.746109,37.263597],[-81.747656,37.264329],[-81.75129,37.265131],[-81.752123,37.265568],[-81.752912,37.266614],[-81.755012,37.26772],[-81.757531,37.27001],[-81.757714,37.271124],[-81.75773,37.271934],[-81.757631,37.274003],[-81.76022,37.275254],[-81.761752,37.275713],[-81.762776,37.275391],[-81.763836,37.275218],[-81.765195,37.275099],[-81.767837,37.274216],[-81.774684,37.274807],[-81.774747,37.274847],[-81.777319,37.275873],[-81.77935,37.277394],[-81.779362,37.279982],[-81.783122,37.28258],[-81.7884619911651,37.2841685002883],[-81.789294,37.284416],[-81.793425,37.281674],[-81.793639,37.282188],[-81.793115,37.283538],[-81.793595,37.284838],[-81.803275,37.285916],[-81.805382,37.285622],[-81.807232,37.283175],[-81.809184,37.283003],[-81.810559,37.28298],[-81.813222,37.281091],[-81.816702,37.279865],[-81.819625,37.279411],[-81.825065,37.279536],[-81.83447,37.281763],[-81.834387,37.283086],[-81.833406,37.284535],[-81.834432,37.285416],[-81.838762,37.286343],[-81.84231,37.285556],[-81.843167,37.285586],[-81.846807,37.284649],[-81.849949,37.285227],[-81.853551,37.287701],[-81.854059,37.291352],[-81.853488,37.294763],[-81.854465,37.299937],[-81.853978,37.300418],[-81.853645,37.300779],[-81.85446,37.30657],[-81.856032,37.306742],[-81.859624,37.304765],[-81.862031,37.305648],[-81.86476,37.308404],[-81.865219,37.308839],[-81.865683,37.309484],[-81.865429,37.31012],[-81.863712,37.31223],[-81.859928,37.313965],[-81.860267,37.315715],[-81.867425,37.320838],[-81.87018,37.320667],[-81.872662,37.323314],[-81.873213,37.325065],[-81.878343,37.328837],[-81.878713,37.331753],[-81.879601,37.332074],[-81.880886,37.331146],[-81.885075,37.330665],[-81.886952,37.330725],[-81.887722,37.331156],[-81.892876,37.330134],[-81.893773,37.330105],[-81.894768,37.331381],[-81.894797,37.332012],[-81.895489,37.332022],[-81.896001,37.331967],[-81.8963764047878,37.3328691439523],[-81.899459,37.340277],[-81.899495,37.341102],[-81.902992,37.34234],[-81.903795,37.34305],[-81.905945,37.342775],[-81.906368,37.34276],[-81.907322,37.343119],[-81.907895,37.343783],[-81.910875,37.348729],[-81.911487,37.348839],[-81.911951,37.349339],[-81.916678,37.349346],[-81.920279,37.353402],[-81.920711,37.355416],[-81.921571,37.356423],[-81.925643,37.357316],[-81.926589,37.358942],[-81.928497,37.360645],[-81.926697,37.364618],[-81.929915,37.366589],[-81.9299369841502,37.366599952677],[-81.930194,37.366728],[-81.933895,37.372747],[-81.932763,37.374229],[-81.93388,37.377796],[-81.935872,37.378554],[-81.936744,37.38073],[-81.933601,37.389217],[-81.928778,37.393845],[-81.92828,37.398059],[-81.930786,37.401656],[-81.930042,37.405291],[-81.927338,37.406844],[-81.925764,37.406874],[-81.924506,37.407613],[-81.923481,37.411379],[-81.932468,37.415217],[-81.93695,37.41992],[-81.940553,37.429058],[-81.937838,37.432111],[-81.935316,37.43639],[-81.935621,37.438397],[-81.938843,37.440463],[-81.941175,37.440485],[-81.942856,37.439929],[-81.945765,37.440214],[-81.949367,37.445687],[-81.9541415827977,37.4468969372635],[-81.958672,37.448045],[-81.965582,37.446918],[-81.969342,37.450324],[-81.968795,37.451496],[-81.976176,37.457186],[-81.980013,37.45721],[-81.984891,37.454315],[-81.987006,37.454878],[-81.99227,37.460916],[-81.995649,37.469833],[-81.996578,37.476705],[-81.992916,37.482969],[-81.989849,37.484879],[-81.985703,37.485681],[-81.980327,37.485447],[-81.979169,37.484604],[-81.977593,37.484603],[-81.97073,37.489904],[-81.964986,37.493488],[-81.957213,37.491504],[-81.953264,37.491763],[-81.952681,37.492274],[-81.952735,37.494162],[-81.954167,37.495302],[-81.954364,37.496084],[-81.954077,37.499822],[-81.953147,37.501314],[-81.951831,37.50205],[-81.949188,37.502376],[-81.945957,37.501901],[-81.943912,37.502929],[-81.944188,37.506976],[-81.943045,37.508609],[-81.941151,37.509483],[-81.932279,37.511961],[-81.92787,37.512118],[-81.9277586640962,37.5122085217842],[-81.926736,37.51304],[-81.926391,37.514207],[-81.933088,37.518968],[-81.943693,37.521212],[-81.947085,37.523913],[-81.94766,37.52508],[-81.947545,37.52753],[-81.943981,37.5303],[-81.94401,37.530964],[-81.946022,37.531742],[-81.953524,37.528056],[-81.95663,37.52849],[-81.957693,37.529841],[-81.957436,37.533206],[-81.956947,37.534259],[-81.957379,37.535198],[-81.959362,37.53522],[-81.967583,37.532815],[-81.969279,37.534325],[-81.968297,37.537798],[-81.965401,37.541171],[-81.964971,37.543026],[-81.9662456156854,37.5438824747592],[-81.970147,37.546504],[-81.976386,37.545426],[-81.980841,37.542357],[-81.982479,37.541807],[-81.987511,37.542835],[-81.989092,37.542514],[-81.992597,37.538323],[-81.994033,37.537612],[-82.007412,37.533677],[-82.009194,37.533243],[-82.013966,37.533564],[-82.01592,37.534321],[-82.016925,37.538556],[-82.018878,37.540572],[-82.021006,37.540526],[-82.025261,37.538261],[-82.028826,37.537667],[-82.036932,37.542729],[-82.038024,37.546918],[-82.038972,37.547926],[-82.042825,37.548361],[-82.04478,37.546713],[-82.045155,37.544516],[-82.04481,37.541814],[-82.054787,37.536756],[-82.05746,37.536893],[-82.061256,37.536001],[-82.063326,37.536206],[-82.064418,37.53687],[-82.064792,37.539021],[-82.063671,37.541929],[-82.064418,37.544516],[-82.073246,37.555023],[-82.07503,37.555824],[-82.084605,37.55541],[-82.089178,37.556004],[-82.101946,37.558106],[-82.102263,37.559456],[-82.103127,37.560097],[-82.116584,37.559588],[-82.124372,37.57641],[-82.124307,37.577806],[-82.125601,37.579021],[-82.127321,37.586667],[-82.130165,37.591544],[-82.131977,37.593537],[-82.141555,37.595166],[-82.146419,37.59265],[-82.148434,37.59091],[-82.156718,37.59279],[-82.157609,37.596773],[-82.164454,37.608014],[-82.168137,37.608495],[-82.169057,37.609869],[-82.1692,37.613028],[-82.1699041412401,37.6135149322075],[-82.176682,37.618202],[-82.18143,37.621842],[-82.182438,37.623971],[-82.181398,37.626798],[-82.186694,37.627576],[-82.187298,37.626935],[-82.192394,37.625606],[-82.2006848632024,37.6277608524889],[-82.201201,37.627895],[-82.202467,37.627483],[-82.203388,37.626132],[-82.204337,37.625811],[-82.209691,37.625103],[-82.21349,37.625408],[-82.215649,37.626244],[-82.214815,37.627572],[-82.2202,37.633912],[-82.220257,37.634781],[-82.219078,37.635903],[-82.21669,37.639956],[-82.216691,37.641329],[-82.21934,37.642931],[-82.223602,37.644554],[-82.224956,37.647003],[-82.225535,37.651947],[-82.226111,37.653092],[-82.23939,37.661465],[-82.240773,37.661785],[-82.243911,37.660959],[-82.2496254186784,37.6581899466055],[-82.252273,37.656907],[-82.257111,37.656749],[-82.267962,37.662407],[-82.2719295837039,37.66375103242],[-82.272021,37.663782],[-82.277876,37.669998],[-82.286446,37.670127],[-82.288174,37.668227],[-82.291773,37.669143],[-82.294393,37.670448],[-82.29471,37.672257],[-82.294134,37.673378],[-82.294392,37.677957],[-82.294737,37.678277],[-82.296118,37.686174],[-82.296262,37.687067],[-82.297788,37.687753],[-82.301504,37.690775],[-82.302886,37.693683],[-82.301964,37.696223],[-82.297325,37.699817],[-82.2969716188482,37.7011394944409],[-82.296634,37.702403],[-82.298074,37.704143],[-82.300954,37.706135],[-82.305679,37.706708],[-82.3062241410736,37.7070446841721],[-82.307235,37.707669],[-82.310665,37.7133],[-82.311097,37.717329],[-82.311702,37.718771],[-82.316197,37.721541],[-82.317869,37.72772],[-82.318302,37.733053],[-82.318879,37.733763],[-82.319686,37.734404],[-82.326834,37.736257],[-82.3330443202615,37.7409688362322],[-82.333349,37.7412],[-82.333581,37.743283],[-82.328221,37.74848],[-82.321415,37.751269],[-82.321012,37.755435],[-82.3215790534336,37.7560426338654],[-82.327356,37.762233],[-82.32946,37.762393],[-82.331162,37.763125],[-82.333816,37.765391],[-82.333903,37.766306],[-82.335981,37.7745],[-82.337596,37.775369],[-82.338895,37.776857],[-82.339097,37.778276],[-82.338377,37.780428],[-82.339705,37.785509],[-82.340455,37.786058],[-82.348849,37.787178],[-82.3514055569687,37.7899701409135],[-82.354275,37.793104],[-82.356122,37.793859],[-82.361199,37.794429],[-82.363795,37.795435],[-82.364979,37.796784],[-82.365557,37.798318],[-82.36778,37.800628],[-82.369973,37.801749],[-82.374867,37.80216],[-82.3763030673972,37.8026426687333],[-82.377393,37.803009],[-82.378514,37.80832],[-82.37958,37.810907],[-82.385259,37.81741],[-82.386586,37.818212],[-82.387769,37.818212],[-82.39968,37.829935],[-82.407874,37.835499],[-82.408941,37.836644],[-82.412172,37.844793],[-82.413153,37.845343],[-82.417367,37.845664],[-82.420484,37.846809],[-82.420484,37.847496],[-82.4213880826174,37.8546737766706],[-82.421983,37.859397],[-82.423513,37.860313],[-82.424264,37.861709],[-82.42409,37.863037],[-82.422127,37.863952],[-82.417679,37.870658],[-82.41869,37.872375],[-82.419337,37.875095],[-82.419204,37.882081],[-82.419781,37.883821],[-82.421484,37.885652],[-82.429023,37.888285],[-82.432113,37.88991],[-82.435751,37.897028],[-82.438582,37.900256],[-82.447596,37.904352],[-82.471223,37.899358],[-82.472523,37.899243],[-82.474574,37.900295],[-82.4863117550135,37.9153763244204],[-82.487556,37.916975],[-82.488279,37.91812],[-82.49574,37.927043],[-82.49814,37.9283],[-82.501862,37.9332],[-82.501948,37.934756],[-82.500386,37.936518],[-82.497285,37.942903],[-82.4972999070143,37.9454908576785],[-82.4973,37.945507],[-82.496681,37.946405],[-82.495294,37.946612],[-82.487836,37.945288],[-82.48512,37.946044],[-82.48096,37.949136],[-82.475096,37.954906],[-82.471801,37.959119],[-82.471657,37.959988],[-82.472669,37.960721],[-82.46938,37.973059],[-82.464987,37.976859],[-82.464067,37.980295],[-82.464257,37.983412],[-82.465473,37.98478],[-82.467015,37.985578],[-82.471629,37.986826],[-82.485967,37.995705],[-82.487732,37.99833],[-82.48978,37.998869],[-82.499874,37.999157],[-82.507197,38.001512],[-82.509812,38.001249],[-82.513271,37.999674],[-82.515974,37.999929],[-82.517351,38.001204],[-82.51781,38.002479],[-82.517351,38.005131],[-82.5175134091442,38.0064627549824],[-82.517606,38.007222],[-82.519665,38.008538],[-82.522591,38.012968],[-82.525831,38.019564],[-82.525817,38.026406],[-82.527068,38.027586],[-82.530371,38.028792],[-82.534976,38.03225],[-82.538639,38.037381],[-82.539071,38.039788],[-82.53747,38.042701],[-82.537293,38.045204],[-82.541245,38.048444],[-82.543916,38.052133],[-82.544779,38.054262],[-82.54485,38.058521],[-82.547284,38.061094],[-82.549407,38.063063],[-82.54958,38.068579],[-82.551259,38.070799],[-82.559598,38.072837],[-82.565736,38.08064],[-82.574075,38.082104],[-82.584039,38.090663],[-82.585488,38.094256],[-82.585142,38.098055],[-82.585696,38.107003],[-82.587782,38.108879],[-82.59178,38.109908],[-82.593605,38.110869],[-82.598011,38.115925],[-82.600127,38.117389],[-82.601439895396,38.1178955003916],[-82.602618,38.11835],[-82.606589,38.120843],[-82.614337835365,38.1203388393727],[-82.616149,38.120221],[-82.619452,38.120745],[-82.620351,38.121477],[-82.621164,38.123239],[-82.621167,38.131996],[-82.622125,38.133414],[-82.626182,38.134835],[-82.6285849083792,38.1353802101902],[-82.634265,38.136669],[-82.636466,38.13786],[-82.637306,38.13905],[-82.638288,38.143491],[-82.638398,38.152157],[-82.638947,38.156742],[-82.644739,38.165487],[-82.642997,38.16956]]]}},{"type":"Feature","properties":{"STATEFP":"37","STUSPS":"NC","NAME":"North Carolina"},"geometry":{"type":"MultiPolygon","coordinates":[[[[-75.726807,35.935844],[-75.718266,35.939714],[-75.705323,35.939403],[-75.69115,35.936932],[-75.686358,35.932973],[-75.675245,35.929024],[-75.65954,35.919564],[-75.662938,35.916166],[-75.662019,35.906522],[-75.653478,35.904686],[-75.6430783378889,35.8929658823559],[-75.636545,35.885603],[-75.616833,35.856331],[-75.619772,35.847606],[-75.614361,35.815659],[-75.620454,35.809253],[-75.624235,35.809387],[-75.63898,35.818639],[-75.667891,35.82354],[-75.675054,35.830204],[-75.660086,35.83861],[-75.660598,35.862541],[-75.663356,35.869835],[-75.67283,35.882423],[-75.6758976149041,35.8829793513577],[-75.681415,35.88398],[-75.697672,35.901639],[-75.696871,35.909556],[-75.702165,35.915428],[-75.723782,35.925569],[-75.727251,35.93362],[-75.726807,35.935844]]],[[[-76.013561,35.068832],[-76.000949,35.084234],[-75.99188,35.092395],[-75.989175,35.100882],[-75.990569,35.108546],[-75.989175,35.115165],[-75.98395,35.120042],[-75.973499,35.121087],[-75.966489,35.117787],[-75.9547,35.1196],[-75.9259940058967,35.1339534625593],[-75.923867,35.135017],[-75.910265,35.142271],[-75.893942,35.150433],[-75.839531,35.172197],[-75.819172,35.176826],[-75.8190760659268,35.1768526534538],[-75.812902,35.178568],[-75.801444,35.183079],[-75.793283,35.18852],[-75.785729,35.194244],[-75.754289,35.199402],[-75.7537651648491,35.1996115571648],[-75.74522,35.20303],[-75.734171,35.204347],[-75.718015,35.209377],[-75.708947,35.213912],[-75.698972,35.221166],[-75.694437,35.22298],[-75.68749,35.231171],[-75.684006,35.232913],[-75.681916,35.232913],[-75.675394,35.228421],[-75.664512,35.227514],[-75.640934,35.233862],[-75.630358,35.238487],[-75.615378,35.248938],[-75.599005,35.256253],[-75.598312,35.261067],[-75.59796,35.266704],[-75.596915,35.269491],[-75.585419,35.266356],[-75.581935,35.263917],[-75.561033,35.266008],[-75.535741,35.272856],[-75.5346957727873,35.2753943148566],[-75.529393,35.288272],[-75.523952,35.318198],[-75.5209706963462,35.3301232146151],[-75.5117068029769,35.3671787880924],[-75.506722,35.387118],[-75.500374,35.424298],[-75.494933,35.454224],[-75.489369528289,35.4778674127903],[-75.487678,35.485056],[-75.488585,35.497752],[-75.489618,35.508471],[-75.487528,35.525889],[-75.482237,35.53856],[-75.47861,35.553069],[-75.47861,35.5657944689441],[-75.47861,35.599318],[-75.483883,35.62121],[-75.489426,35.642699],[-75.498675,35.666281],[-75.5048470906817,35.6764022366483],[-75.5068437057963,35.6796763645107],[-75.507385,35.680564],[-75.515745,35.721671],[-75.5173644666172,35.7348228366265],[-75.517504,35.735956],[-75.528912,35.771447],[-75.523446,35.773568],[-75.51901,35.769087],[-75.502427,35.742913],[-75.496086,35.728515],[-75.479128,35.678634],[-75.458659,35.596597],[-75.460061,35.581314],[-75.4624240700931,35.5543205433561],[-75.462491,35.553556],[-75.471355,35.479615],[-75.486771,35.391652],[-75.502188,35.320012],[-75.5183005560615,35.2615058777396],[-75.52592,35.233839],[-75.532802583379,35.2266822563645],[-75.533627,35.225825],[-75.544809,35.228421],[-75.560225,35.232048],[-75.580176,35.231142],[-75.610101,35.227514],[-75.635493,35.22026],[-75.672673,35.208471],[-75.728897,35.190334],[-75.7494063207706,35.1852064931186],[-75.757916,35.183079],[-75.769705,35.180359],[-75.789655,35.172197],[-75.840438,35.15134],[-75.912985,35.1196],[-75.944725,35.105091],[-75.963768,35.092395],[-75.982812,35.081513],[-75.999621,35.068672966467],[-76.00151,35.06723],[-76.013145,35.061855],[-76.014954,35.065349],[-76.013561,35.068832]]],[[[-84.3174751604271,35.0219635529126],[-84.310022,35.078883],[-84.308576,35.092761],[-84.3085689929147,35.0927817692025],[-84.308437,35.093173],[-84.3048456370629,35.121413902214],[-84.304809,35.121702],[-84.298006,35.167468],[-84.2978436668293,35.1683461708446],[-84.295238,35.182442],[-84.292321,35.206677],[-84.292319677455,35.2066890084035],[-84.29024,35.225572],[-84.289621,35.224677],[-84.287982,35.224468],[-84.28322,35.226577],[-84.28252,35.227877],[-84.27542,35.234777],[-84.260319,35.241877],[-84.257719,35.246177],[-84.252819,35.249477],[-84.243019,35.253178],[-84.240219,35.255178],[-84.231818,35.264778],[-84.227818,35.267878],[-84.223718,35.269078],[-84.216318,35.267978],[-84.211818,35.266078],[-84.205517,35.259679],[-84.205317,35.258279],[-84.202879,35.255772],[-84.201717,35.247779],[-84.200117,35.244679],[-84.199117,35.243679],[-84.192217,35.243079],[-84.188417,35.239979],[-84.178516,35.240679],[-84.177016,35.242379],[-84.170416,35.245779],[-84.168616,35.24578],[-84.161316,35.24348],[-84.160416,35.24388],[-84.158916,35.24588],[-84.155316,35.24648],[-84.143124,35.246879],[-84.139715,35.24618],[-84.136415,35.24478],[-84.133299,35.243679],[-84.13057,35.243364],[-84.12889,35.243679],[-84.127315,35.244414],[-84.126815,35.246481],[-84.125615,35.249381],[-84.124915,35.24983],[-84.12115,35.250644],[-84.115279,35.250438],[-84.115048,35.249765],[-84.114414,35.249081],[-84.113314,35.248981],[-84.108449,35.25033],[-84.103135,35.248781],[-84.10227,35.248115],[-84.097508,35.247382],[-84.092213,35.249981],[-84.082913,35.257082],[-84.082813,35.258882],[-84.081117,35.261146],[-84.074713,35.263182],[-84.070612,35.263782],[-84.063712,35.266682],[-84.055712,35.268182],[-84.052612,35.269982],[-84.042711,35.278383],[-84.036011,35.288683],[-84.0290849697824,35.2921883356242],[-84.02791,35.292783],[-84.02351,35.295783],[-84.02141,35.301383],[-84.02651,35.309283],[-84.02871,35.310383],[-84.03501,35.311983],[-84.03571,35.312883],[-84.03551,35.317783],[-84.032479,35.325318],[-84.03245,35.32653],[-84.032209,35.328583],[-84.030409,35.330483],[-84.029377,35.333197],[-84.031272,35.336438],[-84.03243,35.336845],[-84.038057971844,35.3483160634754],[-84.038081,35.348363],[-84.037494,35.34985],[-84.035343,35.350833],[-84.024756,35.353896],[-84.023456,35.354217],[-84.020188,35.357503],[-84.019193,35.359569],[-84.015121,35.364868],[-84.0076580287821,35.371596064165],[-84.007586,35.371661],[-84.008307,35.378883],[-84.0095061641702,35.3819208825644],[-84.009807,35.382683],[-84.011207,35.384383],[-84.010607,35.386183],[-84.008207,35.389683],[-84.008207,35.390383],[-84.014107,35.397783],[-84.015207,35.398483],[-84.018107,35.399083],[-84.018807,35.399783],[-84.021507,35.404183],[-84.021782,35.407418],[-84.020633,35.409843],[-84.017607,35.411183],[-84.014707,35.411983],[-84.011706,35.415383],[-84.005306,35.420883],[-84.00225,35.422548],[-83.999906,35.425201],[-83.999242,35.42614],[-83.998154,35.430786],[-83.996619,35.433761],[-83.992568,35.438065],[-83.983233,35.44235],[-83.978286,35.44782],[-83.973057,35.448921],[-83.973171,35.452582],[-83.971439,35.455145],[-83.969845,35.455443],[-83.966656,35.454941],[-83.965229,35.455399],[-83.9614,35.459496],[-83.961054,35.462838],[-83.961056,35.463738],[-83.9610558840119,35.4637536584001],[-83.961053,35.464143],[-83.957821,35.464211],[-83.955416,35.463456],[-83.952882,35.460635],[-83.949389,35.461164],[-83.942987,35.465084],[-83.942172,35.467254],[-83.937015,35.471511],[-83.929743,35.47333],[-83.924895,35.473884],[-83.9208783824189,35.4734944687133],[-83.919564,35.473367],[-83.916801,35.473612],[-83.911773,35.476028],[-83.909265,35.479714],[-83.90804,35.484397],[-83.905612,35.48906],[-83.901527,35.491026],[-83.900338,35.493095],[-83.9002,35.494191],[-83.901403,35.495278],[-83.901381,35.496553],[-83.895669,35.501868],[-83.893031,35.502253],[-83.892074,35.503089],[-83.884262,35.512754],[-83.882563,35.517182],[-83.880074,35.518745],[-83.87263,35.521145],[-83.866413,35.52091],[-83.859261,35.521851],[-83.853898,35.521059],[-83.848502,35.519259],[-83.840203,35.52156],[-83.831895,35.524766],[-83.827428,35.524653],[-83.82559,35.523829],[-83.809798,35.53431],[-83.808713,35.536415],[-83.802434,35.541588],[-83.786802,35.5472],[-83.780129,35.550387],[-83.773092,35.557465],[-83.771736,35.562118],[-83.764606,35.561538],[-83.759675,35.562492],[-83.756917,35.563604],[-83.749894,35.561146],[-83.735669,35.565455],[-83.732947,35.563149],[-83.723459,35.561874],[-83.720787,35.563347],[-83.707199,35.568533],[-83.703846,35.568476],[-83.702099,35.567634],[-83.700663,35.567621],[-83.697827,35.568352],[-83.684154,35.568848],[-83.676268,35.570289],[-83.673093,35.568974],[-83.666272,35.569389],[-83.6630236045826,35.5691430430619],[-83.662957,35.569138],[-83.660925,35.568207],[-83.657933,35.569211],[-83.653159,35.568309],[-83.645481,35.565825],[-83.640498,35.566075],[-83.637182,35.567096],[-83.635832,35.568169],[-83.632358,35.569093],[-83.629734,35.567889],[-83.615312,35.574026],[-83.608889,35.579451],[-83.604806,35.57934],[-83.601854,35.578228],[-83.59427,35.572912],[-83.587827,35.566963],[-83.58714,35.564017],[-83.58559,35.562941],[-83.582,35.562684],[-83.576345,35.564019],[-83.572424,35.565518],[-83.56609,35.565993],[-83.559264,35.564796],[-83.552167,35.564346],[-83.540826,35.565702],[-83.534169,35.564668],[-83.520469,35.565602],[-83.517564,35.562871],[-83.498335,35.562981],[-83.491647,35.566867],[-83.485527,35.568204],[-83.480617,35.576633],[-83.478523,35.579202],[-83.479317,35.582764],[-83.479082,35.583316],[-83.475367,35.584775],[-83.472684,35.586552],[-83.472668,35.589125],[-83.471362,35.590304],[-83.462678,35.5926],[-83.455722,35.598045],[-83.452431,35.602918],[-83.447137,35.608664],[-83.445802,35.611803],[-83.441197,35.611739],[-83.432298,35.609941],[-83.421576,35.611186],[-83.420964,35.611596],[-83.42037,35.613467],[-83.411852,35.61692],[-83.406061,35.620185],[-83.403569,35.621313],[-83.396626,35.62272],[-83.392652,35.625095],[-83.388602,35.632352],[-83.388722,35.633584],[-83.380251,35.634705],[-83.377984,35.634496],[-83.376785,35.636638],[-83.373712,35.638935],[-83.372174,35.63931],[-83.370369,35.638204],[-83.368162,35.638202],[-83.366941,35.638728],[-83.358209,35.647277],[-83.356202,35.650019],[-83.355367,35.652338],[-83.355537,35.654632],[-83.353776,35.657478],[-83.35156,35.659858],[-83.349255,35.660854],[-83.347262,35.660474],[-83.337683,35.663074],[-83.334965,35.665471],[-83.321101,35.662815],[-83.317905,35.659015],[-83.312757,35.654809],[-83.31049,35.654452],[-83.302279,35.656064],[-83.297154,35.65775],[-83.293676,35.661919],[-83.291075,35.667131],[-83.290682,35.672638],[-83.289165,35.674509],[-83.281178,35.677802],[-83.27548,35.679463],[-83.271378,35.681476],[-83.269277,35.685403],[-83.26539,35.687535],[-83.261252,35.689165],[-83.258117,35.691924],[-83.25561,35.696061],[-83.255126,35.701493],[-83.256111,35.703961],[-83.255108,35.707096],[-83.25423,35.709478],[-83.254481,35.712362],[-83.255489,35.714974],[-83.255476179897,35.7150906815168],[-83.255351,35.71623],[-83.251247,35.719916],[-83.243501,35.722533],[-83.242132,35.723638],[-83.240669,35.72676],[-83.232042,35.726098],[-83.222627,35.726138],[-83.219981,35.726601],[-83.216972,35.725752],[-83.214501,35.724434],[-83.203752,35.726553],[-83.200126,35.725331],[-83.198267,35.725494],[-83.18837,35.729798],[-83.185685,35.72989],[-83.182097,35.735492],[-83.180836,35.738882],[-83.177499,35.743913],[-83.171867,35.745978],[-83.170173,35.746107],[-83.16477,35.754618],[-83.165427,35.7587],[-83.164909,35.759965],[-83.161537,35.763363],[-83.159208,35.764892],[-83.15408,35.76428],[-83.14808,35.764295],[-83.14697,35.765124],[-83.127707,35.768093],[-83.120183,35.766234],[-83.113662,35.770211],[-83.1112053033996,35.7707548666079],[-83.1111464364102,35.7707678986566],[-83.110491,35.770913],[-83.104805,35.77348],[-83.104584,35.77423],[-83.10232,35.775071],[-83.100233,35.774745],[-83.100329,35.774804],[-83.100225,35.774765],[-83.0980540104817,35.7756972652879],[-83.097193,35.776067],[-83.086054,35.783627],[-83.085205,35.785794],[-83.078732,35.789472],[-83.07403,35.790016],[-83.072221,35.78831],[-83.063975,35.786643],[-83.061507,35.786774],[-83.05834,35.788241],[-83.052677,35.789548],[-83.04853,35.787706],[-83.046307,35.785853],[-83.044108,35.785347],[-83.042666,35.785407],[-83.03951,35.786777],[-83.036209,35.787405],[-83.0249098431397,35.7838078741566],[-83.012377,35.779818],[-83.006067,35.778404],[-83.001473,35.773752],[-82.995803,35.773128],[-82.992053,35.773948],[-82.98397,35.77801],[-82.978414,35.78261],[-82.974463,35.78679],[-82.969648,35.789663],[-82.964088,35.78998],[-82.9628979027128,35.7917347927587],[-82.962206,35.792755],[-82.962842,35.795126],[-82.961724,35.800491],[-82.95895,35.803323],[-82.956127,35.807874],[-82.955751,35.809802],[-82.952026,35.816183],[-82.945515,35.824662],[-82.94383,35.825638],[-82.937437,35.82732],[-82.933221,35.832915],[-82.931859,35.836351],[-82.927569,35.838586],[-82.923358,35.839273],[-82.920171,35.841664],[-82.919108,35.844851],[-82.920974,35.851073],[-82.919374,35.860523],[-82.918312,35.863977],[-82.916452,35.866102],[-82.901301,35.872593],[-82.899718,35.874602],[-82.899186,35.877524],[-82.899718,35.879914],[-82.901046,35.882305],[-82.903968,35.885492],[-82.903702,35.887617],[-82.901843,35.890274],[-82.901843,35.89293],[-82.904543,35.897011],[-82.906917,35.907397],[-82.911671,35.914711],[-82.911936,35.921618],[-82.911405,35.925868],[-82.910608,35.92693],[-82.906358,35.927196],[-82.903436,35.928524],[-82.902374,35.929852],[-82.901577,35.931446],[-82.901713,35.937713],[-82.898505,35.945101],[-82.8984628586304,35.9450880979247],[-82.896947,35.944624],[-82.892659,35.945182],[-82.883933,35.949192],[-82.874159,35.952698],[-82.870666,35.95199],[-82.869315,35.950565],[-82.860724,35.94743],[-82.852554,35.949089],[-82.849849,35.947772],[-82.841259,35.941721],[-82.839994,35.940166],[-82.833268,35.934993],[-82.830112,35.932972],[-82.828933,35.932932],[-82.826045,35.929721],[-82.82257,35.922531],[-82.821861,35.921839],[-82.81613,35.923986],[-82.811067,35.926801],[-82.809038,35.927241],[-82.804997,35.927168],[-82.802892,35.929013],[-82.802769,35.930129],[-82.805771,35.935316],[-82.806174,35.936908],[-82.805851,35.937938],[-82.800431,35.944155],[-82.7876265911168,35.9520631988537],[-82.787465,35.952163],[-82.785191,35.959231],[-82.785356,35.96253],[-82.784536,35.963905],[-82.783085,35.964982],[-82.777751,35.966912],[-82.774905,35.971978],[-82.776434,35.973886],[-82.778625,35.974792],[-82.780319,35.974365],[-82.781809,35.974562],[-82.785558,35.977795],[-82.7852918582795,35.98706148767],[-82.785267,35.987927],[-82.779397,35.992511],[-82.778589,35.997001],[-82.777283,35.998811],[-82.776001,36.000103],[-82.765365,36.003003],[-82.759165,36.004203],[-82.754465,36.004304],[-82.750065,36.006004],[-82.731865,36.017604],[-82.727865,36.018504],[-82.725065,36.018204],[-82.715965,36.022804],[-82.715365,36.024253],[-82.715565,36.026904],[-82.715165,36.028604],[-82.707465,36.030104],[-82.703165,36.032404],[-82.701065,36.034404],[-82.688865,36.038604],[-82.685565,36.042004],[-82.684765,36.045004],[-82.683565,36.046104],[-82.672965,36.050405],[-82.668365,36.052905],[-82.662665,36.055005],[-82.657249,36.056636],[-82.654815,36.056225],[-82.650165,36.057805],[-82.643565,36.062805],[-82.637165,36.065805],[-82.632265,36.065705],[-82.628365,36.062105],[-82.618664,36.056105],[-82.617264,36.054205],[-82.618064,36.051205],[-82.618164,36.047005],[-82.613563,36.046406],[-82.609663,36.044906],[-82.606163,36.041006],[-82.602877,36.039833],[-82.600741,36.037422],[-82.598785,36.034162],[-82.596177,36.03188],[-82.594873,36.029598],[-82.595525,36.026012],[-82.600089,36.021774],[-82.604327,36.018187],[-82.611862,36.006206],[-82.613862,36.004706],[-82.614362,36.003506],[-82.615062,36.000306],[-82.613028,35.994],[-82.612604,35.993488],[-82.606944,35.99217],[-82.604239,35.987319],[-82.60674,35.984446],[-82.610885,35.974442],[-82.611602,35.971418],[-82.610889,35.967409],[-82.607761,35.966023],[-82.60037,35.964626],[-82.59486,35.965347],[-82.591977,35.966385],[-82.581003,35.965557],[-82.577719,35.964196],[-82.576678,35.959255],[-82.57517,35.958384],[-82.567503,35.955552],[-82.557874,35.953901],[-82.553192,35.960627],[-82.549682,35.964275],[-82.542463,35.967994],[-82.539273,35.969115],[-82.534763,35.969887],[-82.531292,35.972188],[-82.522702,35.973436],[-82.52066,35.974633],[-82.516444,35.975958],[-82.512598,35.975664],[-82.507068,35.977475],[-82.5054541504531,35.9776714603071],[-82.505384,35.97768],[-82.500206,35.982561],[-82.487451,35.991557],[-82.487411,35.991634],[-82.484678,35.992849],[-82.483666,35.993866],[-82.483498,35.996284],[-82.482292,35.997823],[-82.47419,36.000108],[-82.464558,36.006508],[-82.460658,36.007809],[-82.4166602889166,36.0727743702716],[-82.409458,36.083409],[-82.404458,36.087609],[-82.389958,36.096909],[-82.380458,36.099309],[-82.378758,36.102809],[-82.375558,36.105609],[-82.371383,36.106388],[-82.366566,36.10765],[-82.3609852894429,36.1105792059662],[-82.360919,36.110614],[-82.360357,36.111609],[-82.355157,36.115609],[-82.349957,36.117109],[-82.348422,36.115929],[-82.346857,36.115209],[-82.336756,36.114909],[-82.332289,36.116935],[-82.329177,36.117427],[-82.325169,36.119363],[-82.321448,36.119551],[-82.318156,36.12091],[-82.308655,36.12651],[-82.307255,36.12851],[-82.302855,36.13131],[-82.297655,36.13351],[-82.289455,36.13571],[-82.288455,36.13541],[-82.280354,36.12881],[-82.278654,36.12851],[-82.274054,36.12941],[-82.270954,36.12761],[-82.26875,36.12704],[-82.26569,36.127614],[-82.263354,36.13011],[-82.260353,36.13371],[-82.256319,36.133925],[-82.253253,36.13371],[-82.251853,36.13221],[-82.247521,36.130865],[-82.244461,36.132777],[-82.243353,36.134311],[-82.241553,36.137111],[-82.237737,36.139189],[-82.236415,36.139926],[-82.235479,36.140748],[-82.234807,36.14172],[-82.228288,36.146622],[-82.224852,36.150011],[-82.223232,36.154772],[-82.222052,36.156911],[-82.218451,36.157832],[-82.213852,36.159112],[-82.211251,36.159012],[-82.204872,36.157067],[-82.201812,36.154963],[-82.199251,36.152713],[-82.19535,36.150013],[-82.19195,36.148813],[-82.18785,36.147886],[-82.18475,36.145414],[-82.18365,36.144414],[-82.182549,36.143714],[-82.178861,36.143296],[-82.17561,36.14387],[-82.173849,36.145314],[-82.172149,36.146414],[-82.169249,36.146614],[-82.160883,36.146548],[-82.155948,36.148115],[-82.1484717152983,36.1494242843584],[-82.147948,36.149516],[-82.144147,36.144216],[-82.140847,36.136216],[-82.136547,36.128817],[-82.136546,36.123717],[-82.137974,36.119576],[-82.130646,36.106417],[-82.127146,36.104417],[-82.115245,36.104618],[-82.1104459359574,36.1066635027067],[-82.109145,36.107218],[-82.105444,36.108119],[-82.101644,36.106219],[-82.098544,36.105719],[-82.085943,36.10602],[-82.080944957901,36.1057614805811],[-82.080143,36.10572],[-82.079743,36.10652],[-82.067142,36.11202],[-82.061342,36.113121],[-82.056042,36.120721],[-82.056042,36.123921],[-82.054142,36.126821],[-82.043941,36.125421],[-82.037941,36.121122],[-82.033141,36.120422],[-82.02874,36.124322],[-82.02634,36.129222],[-82.02664,36.130222],[-81.9897007174947,36.1845764118609],[-81.9757231867985,36.2051436889906],[-81.960101,36.228131],[-81.938897,36.256067],[-81.933019683861,36.2648426504234],[-81.932994,36.264881],[-81.9181112586581,36.2871132062802],[-81.908137,36.302013],[-81.897701,36.307446],[-81.894569,36.307183],[-81.887243,36.309193],[-81.879382,36.313767],[-81.876182,36.316075],[-81.874336,36.31919],[-81.863148,36.330209],[-81.857333,36.334787],[-81.850889,36.3375],[-81.845638,36.34036],[-81.841268,36.343321],[-81.833202,36.347339],[-81.822493,36.348819],[-81.812904,36.351066],[-81.808255,36.354121],[-81.800812,36.358073],[-81.7963949112567,36.3578944995709],[-81.795269,36.357849],[-81.791877,36.354797],[-81.790181,36.351744],[-81.787468,36.348692],[-81.784077,36.347674],[-81.781318,36.347656],[-81.777972,36.346318],[-81.768977,36.341042],[-81.766102,36.338517],[-81.762371,36.338856],[-81.760675,36.338178],[-81.757962,36.3375],[-81.75442,36.337044],[-81.747842,36.337356],[-81.744461,36.337778],[-81.7403376084011,36.3394222055156],[-81.739498,36.339757],[-81.7349,36.340891],[-81.730976,36.341187],[-81.725938,36.340364],[-81.721015,36.338645],[-81.717186,36.336169],[-81.713194,36.334108],[-81.707438,36.335171],[-81.705966,36.338496],[-81.705299,36.341852],[-81.707785,36.346007],[-81.713873,36.34937],[-81.718282,36.350388],[-81.721334,36.353101],[-81.722691,36.354797],[-81.723708,36.358527],[-81.724047,36.360901],[-81.724047,36.364293],[-81.726082,36.368893],[-81.731178,36.374062],[-81.732865,36.376502],[-81.732187,36.379894],[-81.730737,36.382943],[-81.729813,36.388033],[-81.730491,36.390407],[-81.731509,36.392103],[-81.733877,36.39457],[-81.737952,36.39719],[-81.739648,36.401599],[-81.739648,36.406686],[-81.738292,36.410756],[-81.734312,36.413342],[-81.729924,36.415422],[-81.720734,36.422537],[-81.717939,36.428762],[-81.716925,36.43314],[-81.715229,36.436532],[-81.715229,36.438567],[-81.715569,36.44128],[-81.715229,36.444332],[-81.714212,36.447045],[-81.714277,36.450978],[-81.715082,36.453365],[-81.71489,36.45722],[-81.708247,36.462217],[-81.701076,36.464212],[-81.699223,36.463959],[-81.697975,36.464741],[-81.695311,36.467912],[-81.694533,36.473283],[-81.694829,36.474463],[-81.696281,36.475499],[-81.697287,36.484738],[-81.695907,36.49158],[-81.696835,36.493393],[-81.697261,36.496141],[-81.698265,36.497221],[-81.699928,36.498018],[-81.700238,36.500475],[-81.699923,36.500865],[-81.69797,36.504063],[-81.69729,36.504887],[-81.697829,36.507544],[-81.697744,36.508448],[-81.699446,36.511504],[-81.699601,36.512883],[-81.700093,36.514158],[-81.700553,36.51519],[-81.702543,36.520317],[-81.707573,36.526101],[-81.708262,36.532113],[-81.707963,36.536209],[-81.699962,36.536829],[-81.699962,36.539714],[-81.697539,36.544359],[-81.693844,36.549083],[-81.69003,36.552154],[-81.689115,36.555912],[-81.690132,36.559643],[-81.692167,36.562695],[-81.692506,36.565748],[-81.690236,36.568718],[-81.686436,36.567918],[-81.679936,36.568618],[-81.677036,36.570718],[-81.677236,36.574406],[-81.679036,36.578918],[-81.680137,36.585518],[-81.677535,36.588117],[-81.6178926183888,36.5872620851163],[-81.600934,36.587019],[-81.521032,36.58052],[-81.499831,36.57982],[-81.4966613252149,36.5795790270223],[-81.489387,36.579026],[-81.47643,36.580421],[-81.442228,36.576822],[-81.374824,36.574673],[-81.353322,36.574723],[-81.3532592063955,36.5747234125838],[-81.32358106681,36.5749184120384],[-81.307511,36.575024],[-81.262303,36.573924],[-81.249816,36.573225],[-81.176712,36.571926],[-81.171212,36.571026],[-81.1536053405208,36.5701283609768],[-81.1535808021292,36.5701271099378],[-81.14181,36.569527],[-81.124809,36.569227],[-81.103399337148,36.5682497399525],[-81.0852022741728,36.5674191214252],[-81.083206,36.567328],[-81.0690845606748,36.5671241854118],[-81.061866,36.56702],[-81.058844,36.566976],[-81.011402,36.564429],[-81.003802,36.563629],[-80.945988,36.563196],[-80.944338,36.563058],[-80.901726,36.561751],[-80.9016647889236,36.5617484850782],[-80.8379544979468,36.5591308803947],[-80.837641,36.559118],[-80.837089,36.559154],[-80.80392,36.560813],[-80.773663,36.560307],[-80.7450534648508,36.5616558333666],[-80.7450526069525,36.5616558738133],[-80.730351,36.562349],[-80.704831,36.562319],[-80.6960472824307,36.5617904277412],[-80.6533824177394,36.5592230109583],[-80.653349,36.559221],[-80.6329592503052,36.5586405978256],[-80.624788,36.558408],[-80.6120580996221,36.5578718895589],[-80.5638456739035,36.5558414585226],[-80.4804875636461,36.5523308926949],[-80.4802648117057,36.5523215116599],[-80.4403411541913,36.5506401560323],[-80.4401,36.55063],[-80.432628,36.550302],[-80.431605,36.550219],[-80.295243,36.543973],[-80.2765530911762,36.5439434220613],[-80.228263,36.543867],[-80.225408,36.543748],[-80.225339,36.5437473211895],[-80.1729665072297,36.543232089309],[-80.171636,36.543219],[-80.169535,36.54319],[-80.122183,36.542646],[-80.0534585356035,36.5425366652957],[-80.0273389759592,36.5424951113257],[-80.027269,36.542495],[-79.988026006864,36.54249959689],[-79.967511,36.542502],[-79.966979,36.542475],[-79.9106061510891,36.5424415292711],[-79.904662,36.542438],[-79.887262,36.542838],[-79.8655964281237,36.542732998024],[-79.8413238677603,36.5426153613046],[-79.8077156244974,36.542452479292],[-79.731891718906,36.542084999497],[-79.7148401962592,36.5420023594642],[-79.667309,36.541772],[-79.666827,36.541772],[-79.6060285382053,36.5413694797702],[-79.5178257644934,36.5407855274842],[-79.5136470557863,36.5407578620674],[-79.510647,36.540738],[-79.4700322670177,36.5410249389508],[-79.4569018293564,36.5411177041552],[-79.445961,36.541195],[-79.445687,36.541218],[-79.3431171666517,36.5411766468951],[-79.3428159854101,36.5411765254678],[-79.24974,36.541139],[-79.2184541869829,36.5414925778669],[-79.20948,36.541594],[-79.208686,36.541571],[-79.146772655729,36.5417180168457],[-79.1383311871639,36.541738061605],[-79.137936,36.541739],[-79.126078,36.541533],[-79.124736,36.541568],[-78.971814,36.542123],[-78.970577,36.542154],[-78.942254,36.542079],[-78.942009,36.542113],[-78.91542,36.541974],[-78.914543,36.541972],[-78.901712996422,36.5419438971023],[-78.8481994803976,36.5418266808557],[-78.7963,36.541713],[-78.7962710014091,36.5417130131513],[-78.7775800783612,36.5417214897604],[-78.76543,36.541727],[-78.758392,36.541852],[-78.7341219239254,36.5419022759072],[-78.670051,36.542035],[-78.663317,36.542011],[-78.6259589897076,36.5414192014125],[-78.605304,36.541092],[-78.533013,36.541004],[-78.529722,36.540981],[-78.509965,36.541065],[-78.471022,36.542307],[-78.470792,36.542316],[-78.45697,36.542474],[-78.4569670005471,36.54247404051],[-78.441199,36.542687],[-78.436333,36.542666],[-78.3240036520265,36.543808068161],[-78.3239883198679,36.5438082240465],[-78.323912,36.543809],[-78.2644230174927,36.5442187854319],[-78.246681,36.544341],[-78.245462,36.544411],[-78.133323,36.543847],[-78.132911,36.543811],[-78.1296851159471,36.5438242843307],[-78.1215181836615,36.5438579161127],[-78.0691745799136,36.5440734693471],[-78.0462187396896,36.5441680024946],[-78.0462112119251,36.5441680334942],[-78.03942,36.544196],[-78.038938,36.544173],[-77.899771,36.544663],[-77.882357,36.544737],[-77.8822265251281,36.5447373134199],[-77.87528,36.544754],[-77.7722852822259,36.5453822666301],[-77.7671232503754,36.5454137549669],[-77.749706,36.54552],[-77.5764069410784,36.5452211701105],[-77.372709824248,36.5448699230392],[-77.2968141999365,36.5447390516936],[-77.2532080706078,36.5446638590475],[-77.205156,36.544581],[-77.190175,36.546164],[-77.16966,36.547315],[-77.1645,36.54633],[-77.164370064468,36.5463052210333],[-77.152691,36.544078],[-77.124812,36.543986],[-77.1030250031878,36.5444546950575],[-77.095062,36.544626],[-76.9216282207176,36.5438402804753],[-76.916048,36.543815],[-76.916060288835,36.5438365877093],[-76.917318,36.546046],[-76.916989,36.550742],[-76.915897,36.552093],[-76.807078,36.550606],[-76.7813994753598,36.5506587872859],[-76.781296,36.550659],[-76.7552893942129,36.5504303379591],[-76.749678,36.550381],[-76.738329,36.550985],[-76.7151510790619,36.5509506956578],[-76.632872902435,36.5508289203385],[-76.575496,36.550744],[-76.541687,36.550312],[-76.5415364676522,36.5503132587206],[-76.491482764957,36.5507317975136],[-76.465268,36.550951],[-76.3766927385896,36.5507179884543],[-76.3133029178411,36.5505512312821],[-76.313215,36.550551],[-76.1931223845596,36.5505949893372],[-76.1927870447291,36.5505951121705],[-76.1223521611215,36.5506209121235],[-76.034751,36.550653],[-76.02675,36.550553],[-76.026721,36.550553],[-75.957648,36.550553],[-75.955748,36.550553],[-75.953447,36.550553],[-75.952847,36.550553],[-75.922046,36.550654],[-75.911446,36.550654],[-75.909046,36.550654],[-75.90688,36.550654],[-75.904745,36.550654],[-75.903445,36.550654],[-75.894145,36.550754],[-75.893245,36.550654],[-75.891945,36.550754],[-75.886545,36.550754],[-75.885945,36.550754],[-75.880644,36.550754],[-75.880247,36.550736],[-75.8683,36.550394],[-75.857972,36.50017],[-75.835712,36.420606],[-75.818735,36.357579],[-75.8167892646255,36.3517197436616],[-75.8023147228633,36.3081320843742],[-75.79641,36.290351],[-75.773329478967,36.23152850558],[-75.77251,36.22944],[-75.759637,36.204705],[-75.738431,36.154282],[-75.71831,36.113674],[-75.7105808902753,36.1007096081922],[-75.696742,36.077497],[-75.6839774633199,36.0584305475795],[-75.6667145327071,36.032644821594],[-75.658537,36.02043],[-75.6441172342221,35.9948982580382],[-75.569794,35.863301],[-75.552299,35.822173],[-75.538739,35.797396],[-75.533012,35.787377],[-75.536428,35.780118],[-75.543259,35.779691],[-75.548329,35.785348],[-75.552017,35.79503],[-75.563061,35.799265],[-75.569336,35.81484],[-75.575991,35.823089],[-75.588878,35.844926],[-75.60125,35.867302],[-75.622909,35.892321],[-75.623325,35.909093],[-75.629722,35.924634],[-75.636545,35.936028],[-75.647205,35.954325],[-75.660224,35.969611],[-75.66707,35.971381],[-75.668379,35.978394],[-75.6712331397849,35.9841022795699],[-75.671801,35.985238],[-75.678909,35.993925],[-75.6847564525475,35.995128906504],[-75.723662,36.003139],[-75.727084,36.01051],[-75.726558,36.02104],[-75.722082,36.03236],[-75.722609,36.037362],[-75.7254514879837,36.0394938659878],[-75.726821,36.040521],[-75.737088,36.040784],[-75.74051,36.046839],[-75.741563,36.055526],[-75.739457,36.066846],[-75.73972,36.07527],[-75.743721657971,36.092677402186],[-75.75025,36.121076],[-75.754239,36.129831],[-75.755518,36.140163],[-75.75893,36.152215],[-75.77684,36.189393],[-75.786221,36.210384],[-75.793286,36.226432],[-75.7943606364923,36.2273274620753],[-75.798528,36.2308],[-75.80369,36.235853],[-75.811588,36.244014],[-75.811851,36.247699],[-75.808165,36.259545],[-75.814483,36.285344],[-75.822907,36.291662],[-75.833964,36.292188],[-75.837913,36.294558],[-75.845284,36.305614],[-75.841335,36.328517],[-75.831858,36.339047],[-75.831595,36.346418],[-75.836201,36.363135],[-75.843046,36.371032],[-75.847258,36.372085],[-75.85147,36.379456],[-75.852523,36.384721],[-75.85147,36.415785],[-75.864106,36.430527],[-75.880428,36.435792],[-75.888325,36.441583],[-75.891484,36.460537],[-75.899908,36.482124],[-75.9014968456195,36.482918315033],[-75.907279,36.485809],[-75.913071,36.486336],[-75.917283,36.485809],[-75.924127,36.482124],[-75.927333,36.482815],[-75.935473,36.490601],[-75.960069,36.495025],[-75.972545,36.494671],[-75.975293,36.485535],[-75.989791,36.493943],[-75.98054,36.51278],[-75.986226,36.525655],[-75.996208,36.528138],[-76.0186715034244,36.5272417517954],[-76.022475,36.52709],[-76.026394,36.516486],[-76.042556,36.510565],[-76.0403110501924,36.5046242536863],[-76.031949,36.482496],[-76.020216,36.45862],[-76.012337,36.447462],[-76.003912,36.441864],[-75.989869,36.436808],[-75.98005,36.435464],[-75.962285,36.41724],[-75.9530784017492,36.4179259467436],[-75.940676,36.41885],[-75.936446,36.423079],[-75.932694,36.427627],[-75.928369,36.428588],[-75.923601,36.425788],[-75.916409,36.38901],[-75.916949,36.383167],[-75.923511,36.367796],[-75.923331,36.361863],[-75.917758,36.353593],[-75.915331,36.352335],[-75.895285,36.319615],[-75.888211,36.293414],[-75.882154,36.284674],[-75.872721,36.28277],[-75.864933,36.284674],[-75.86052,36.280607],[-75.861818,36.266415],[-75.867356,36.252483],[-75.864154,36.235522],[-75.858703,36.222628],[-75.848838,36.21657],[-75.838367,36.200129],[-75.841222,36.193812],[-75.8411485685465,36.1928671216208],[-75.839924,36.17711],[-75.823915,36.158332],[-75.822531,36.145957],[-75.813444,36.136871],[-75.800378,36.112728],[-75.791637,36.082267],[-75.7921619415662,36.079895665762],[-75.793974,36.07171],[-75.799779,36.07264],[-75.836084,36.092616],[-75.847785,36.10199],[-75.867792,36.127262],[-75.866323,36.14141],[-75.863914,36.159226],[-75.882987,36.186807],[-75.910658,36.212157],[-75.922344,36.244122],[-75.94984,36.25787],[-75.959381720968,36.2556511302458],[-75.96462,36.254433],[-75.957058,36.247903],[-75.945372,36.222468],[-75.956027,36.198065],[-75.936436,36.18088],[-75.917188,36.172631],[-75.904999,36.164188],[-75.920028,36.164853],[-75.924654,36.163591],[-75.939047,36.165518],[-75.995191,36.178072],[-76.016984,36.186367],[-76.018936,36.188318],[-76.029086,36.202036],[-76.043838,36.210126],[-76.054308,36.229162],[-76.08148,36.237935],[-76.132005,36.287773],[-76.161384,36.291028],[-76.184702,36.298166],[-76.1859505501565,36.2929031200873],[-76.188717,36.281242],[-76.171378,36.265806],[-76.149486,36.263902],[-76.1193065131799,36.2193232146964],[-76.115851,36.214219],[-76.080106,36.19944],[-76.06545,36.165224],[-76.05992,36.15514],[-76.05927,36.149285],[-76.064224,36.143775],[-76.071672,36.140183],[-76.092555,36.135794],[-76.178946,36.123424],[-76.206873,36.137521],[-76.228183,36.158487],[-76.236932,36.170389],[-76.247877,36.175148],[-76.254064,36.18419],[-76.268741,36.189764],[-76.2733160918186,36.1890617966418],[-76.274051,36.188949],[-76.27699,36.184952],[-76.263582,36.171817],[-76.247401,36.161823],[-76.228527,36.130647],[-76.191715,36.107197],[-76.216599,36.095409],[-76.238712,36.098568],[-76.265037,36.104886],[-76.329921,36.133396],[-76.373571,36.138208],[-76.3935,36.163251],[-76.3940764762666,36.1635616021687],[-76.447812,36.192514],[-76.454414,36.189901],[-76.4546975420049,36.1888122813364],[-76.456061,36.183577],[-76.375892,36.12042],[-76.346418,36.121023],[-76.334965,36.110903],[-76.298733,36.1012],[-76.303998,36.092776],[-76.323478,36.084879],[-76.331902,36.083826],[-76.337168,36.086458],[-76.355069,36.086458],[-76.410878,36.078034],[-76.4118596935414,36.0753345758316],[-76.412984,36.072243],[-76.420881,36.06066],[-76.442994,36.042758],[-76.451418,36.039073],[-76.458789,36.028016],[-76.459316,36.024331],[-76.491959,36.018013],[-76.514335,36.00564],[-76.547505,36.009852],[-76.5633,36.009852],[-76.575936,36.006167],[-76.580674,36.00722],[-76.589625,36.015644],[-76.60384,36.033018],[-76.6144351363712,36.0373528313272],[-76.615423,36.037757],[-76.631745,36.038283],[-76.653332,36.035124],[-76.676484,36.043612],[-76.6812545552483,36.0546708263453],[-76.7015451662703,36.1017073518758],[-76.721445,36.147838],[-76.719401,36.199441],[-76.675462,36.266882],[-76.6916399439569,36.2773165965322],[-76.693253,36.278357],[-76.7201982142909,36.2438051311307],[-76.744436,36.212725],[-76.7521,36.147328],[-76.722996,36.066585],[-76.6932013388403,36.0161670145837],[-76.683869,36.000375],[-76.679657,35.991951],[-76.684922,35.983001],[-76.695452,35.973524],[-76.70019,35.964573],[-76.697558,35.951937],[-76.6919133712548,35.9447535472236],[-76.691766,35.944566],[-76.673865,35.935089],[-76.667547,35.933509],[-76.657017,35.935089],[-76.608052,35.936668],[-76.60384,35.939827],[-76.586992,35.941933],[-76.528551,35.944039],[-76.507491,35.949831],[-76.496961,35.955096],[-76.473795,35.960888],[-76.460632,35.970365],[-76.398242,35.984317],[-76.389818,35.980105],[-76.38192,35.971681],[-76.381394,35.96273],[-76.3652100846932,35.9446974227809],[-76.362966,35.942197],[-76.340327,35.94325],[-76.317687,35.946935],[-76.272408,35.972734],[-76.213966,35.988002],[-76.176585,35.993267],[-76.093697,35.993001],[-76.083131,35.989845],[-76.062071,35.993004],[-76.024162,35.970891],[-76.014685,35.960361],[-76.014159,35.957202],[-76.01995,35.934036],[-76.014353,35.920746],[-76.037116,35.88991],[-76.063203,35.853433],[-76.050485,35.806689],[-76.046813,35.717935],[-76.036393,35.690344],[-76.0444453946483,35.6650776730122],[-76.046361,35.659067],[-76.04015,35.65131],[-76.029863,35.649443],[-76.0140011247868,35.6688648970815],[-76.013021,35.670065],[-75.9869,35.768194],[-75.987148,35.836967],[-75.97783,35.897181],[-75.966247,35.899287],[-75.962562,35.901393],[-75.94782,35.920347],[-75.934131,35.928244],[-75.929919,35.928771],[-75.927286,35.93193],[-75.92676,35.940354],[-75.937816,35.950884],[-75.943608,35.952464],[-75.946767,35.955623],[-75.947293,35.959835],[-75.938343,35.9651],[-75.899382,35.977209],[-75.879374,35.978789],[-75.86042,35.978262],[-75.84989,35.976156],[-75.807703,35.957283],[-75.800926,35.944566],[-75.782498,35.928244],[-75.778813,35.918241],[-75.758524,35.886514],[-75.748801,35.846743],[-75.733619,35.826101],[-75.733502,35.808815],[-75.740533,35.773674],[-75.738939,35.751052],[-75.718964,35.707474],[-75.71914,35.694264],[-75.730969,35.682262],[-75.763109,35.682534],[-75.768146,35.661761],[-75.741223,35.647231],[-75.737384,35.624736],[-75.781084,35.597743],[-75.780068,35.583273],[-75.788129,35.576427],[-75.837154,35.570904],[-75.851767,35.578773],[-75.8705668771586,35.5848296069972],[-75.871341,35.585079],[-75.895045,35.573152],[-75.910293,35.55199],[-75.919023,35.541294],[-75.944626,35.536632],[-75.958001,35.527506],[-75.964178,35.511326],[-75.96474,35.504582],[-75.961929,35.496713],[-75.963053,35.493903],[-75.987222,35.484348],[-75.995652,35.475355],[-75.994528,35.463552],[-75.997901,35.453435],[-76.009704,35.442194],[-76.012514,35.432639],[-76.01139,35.423084],[-76.014762,35.416902],[-76.020945,35.410719],[-76.025441,35.408471],[-76.037244,35.414091],[-76.050171,35.415778],[-76.059726,35.410157],[-76.063661,35.405099],[-76.063661,35.398354],[-76.06085,35.392733],[-76.059726,35.383741],[-76.069281,35.370813],[-76.092887,35.361259],[-76.123238,35.351142],[-76.132793,35.349455],[-76.14291,35.338776],[-76.14291,35.32866],[-76.149655,35.326411],[-76.165392,35.328659],[-76.168764,35.332032],[-76.182254,35.336528],[-76.20586,35.336528],[-76.235087,35.350017],[-76.2465112681759,35.350017],[-76.253072,35.350017],[-76.257569,35.344397],[-76.265437,35.343273],[-76.282299,35.345521],[-76.304781,35.355638],[-76.327263,35.356762],[-76.335132,35.355638],[-76.340752,35.346645],[-76.349745,35.345521],[-76.365483,35.348893],[-76.374475,35.355638],[-76.382344,35.356762],[-76.387965,35.356762],[-76.399206,35.348893],[-76.408199,35.350017],[-76.409323,35.35339],[-76.420564,35.35901],[-76.431805,35.362383],[-76.436301,35.37812],[-76.448666,35.383741],[-76.455411,35.383741],[-76.462156,35.380368],[-76.472273,35.371375],[-76.485762,35.371375],[-76.499251,35.381492],[-76.540292,35.410657],[-76.586349,35.508957],[-76.476706,35.511707],[-76.456427,35.550546],[-76.467763270642,35.5558183629495],[-76.471207,35.55742],[-76.48358,35.538172],[-76.55679,35.528892],[-76.600441,35.538516],[-76.614799796403,35.5266228469796],[-76.6303558801617,35.5137380006912],[-76.634468,35.510332],[-76.601472,35.460838],[-76.580187,35.387113],[-76.606041,35.387113],[-76.710083,35.427155],[-76.759234,35.418906],[-76.8238962211944,35.4451117810885],[-76.830897,35.447949],[-76.909948,35.463398],[-76.9565532077373,35.4805709110652],[-76.976723,35.488003],[-77.011676,35.515714],[-77.0225385904078,35.5136846514877],[-77.027943,35.512675],[-77.0286761994692,35.4955658119918],[-77.028961,35.48892],[-76.991527,35.467061],[-76.966661,35.43781],[-76.891938,35.433649],[-76.8199506116309,35.4058683892825],[-76.664027,35.345696],[-76.618005,35.341468],[-76.6084971947861,35.3365291361446],[-76.597726,35.330934],[-76.539078,35.325137],[-76.489917,35.315106],[-76.484064,35.313102],[-76.470987,35.2804],[-76.468163,35.263494],[-76.483681,35.24881],[-76.49755,35.242886],[-76.496186,35.221552],[-76.516828,35.211202],[-76.521733,35.192643],[-76.536346,35.174657],[-76.5380716007163,35.1706312804515],[-76.539719,35.166788],[-76.536346,35.149927],[-76.536346,35.142058],[-76.546463,35.122948],[-76.557704,35.116204],[-76.561077,35.108335],[-76.568945,35.097094],[-76.57569,35.092598],[-76.60042,35.067867],[-76.61391,35.061123],[-76.622902,35.061123],[-76.631895,35.056626],[-76.639764,35.051006],[-76.6978309245758,35.019887096705],[-76.801426,34.964369],[-76.8057361570015,34.9666546814022],[-76.8690006107836,35.000203896751],[-76.9584652603945,35.0476471072188],[-76.982904,35.060607],[-76.9854243373868,35.0550621844194],[-76.989778,35.045484],[-76.9799531359936,35.0132812495256],[-76.979742343929,35.0125903408013],[-76.977404,35.004926],[-76.9107481268948,34.9672274080266],[-76.89354,34.957495],[-76.8876942758194,34.9558335591551],[-76.8477928293159,34.9444929808209],[-76.762931,34.920374],[-76.6837426596136,34.9629487494884],[-76.635072,34.989116],[-76.588055,34.991428],[-76.566697,34.998173],[-76.539719,35.000421],[-76.502623,35.007166],[-76.495879,35.011662],[-76.491382,35.017283],[-76.490258,35.034144],[-76.480141,35.05213],[-76.474521,35.070116],[-76.468796,35.075345],[-76.463468,35.076411],[-76.435762,35.057941],[-76.432565,35.049061],[-76.431855,35.030945],[-76.425461,35.001464],[-76.406281,34.987256],[-76.398466,34.9766],[-76.395625,34.975179],[-76.332044,34.970917],[-76.326361,34.976245],[-76.329557,34.986901],[-76.350159,35.016737],[-76.360815,35.025973],[-76.364367,35.031301],[-76.364367,35.034853],[-76.35229,35.033077],[-76.318546,35.020645],[-76.293682,35.009633],[-76.288354,35.005726],[-76.288709,34.997201],[-76.29093,34.994285],[-76.293851,34.991948],[-76.296188,34.98669],[-76.296524,34.976245],[-76.290691,34.969059],[-76.275567,34.960971],[-76.274856,34.953867],[-76.277698,34.940014],[-76.284092,34.936817],[-76.3057917805878,34.9156805409558],[-76.311442,34.910177],[-76.319967,34.897745],[-76.33382,34.882116],[-76.347673,34.872171],[-76.368274,34.872881],[-76.377154,34.867553],[-76.379641,34.86258],[-76.3822,34.856971],[-76.386479,34.855411],[-76.393134,34.857556],[-76.398575,34.866527],[-76.4033748215922,34.8643986900934],[-76.410009,34.861457],[-76.411609,34.841268],[-76.412148,34.832198],[-76.415238,34.827711],[-76.418565,34.826735],[-76.424032,34.832588],[-76.429376,34.830231],[-76.436867,34.818736],[-76.449464,34.814833],[-76.463016,34.785076],[-76.472529,34.770685],[-76.485353,34.754905],[-76.4917126598536,34.7502166120908],[-76.501925,34.742688],[-76.498426,34.732054],[-76.499848,34.729345],[-76.512686,34.720333],[-76.5153487370759,34.7151808861991],[-76.519521,34.707108],[-76.524712,34.681964],[-76.586236,34.698805],[-76.5851993429113,34.7175414559835],[-76.582421,34.767757],[-76.604796,34.787482],[-76.6103404416014,34.7863973094324],[-76.620606,34.784389],[-76.6177363775116,34.7344210501087],[-76.616567,34.714059],[-76.6592120400087,34.7146951026616],[-76.673619,34.71491],[-76.673537,34.70757],[-76.667036676774,34.705177323415],[-76.6650498296252,34.7044459932202],[-76.6516752362172,34.6995229954909],[-76.523303,34.652271],[-76.443776,34.746431],[-76.439732,34.75848],[-76.432317,34.765119],[-76.4133,34.778994],[-76.402559,34.791357],[-76.383827,34.807906],[-76.373247,34.817115],[-76.362591,34.824219],[-76.341279,34.842689],[-76.322808,34.86116],[-76.273986,34.897298],[-76.233672,34.925926],[-76.194936,34.962747],[-76.160127,34.991163],[-76.11182,35.034497],[-76.093349,35.048705],[-76.069906,35.075701],[-76.064933,35.077121],[-76.043621,35.070017],[-76.038648,35.065045],[-76.037697,35.056348],[-76.069017,35.0403],[-76.139084,34.988468],[-76.1544833803172,34.9748727277573],[-76.233088,34.905477],[-76.31021,34.852309],[-76.3318333257197,34.8331880786354],[-76.386804,34.784579],[-76.450454,34.71445],[-76.494068,34.66197],[-76.524199,34.615416],[-76.535946,34.588577],[-76.555196,34.615993],[-76.553806,34.628252],[-76.550423,34.630789],[-76.549343,34.645585],[-76.579467,34.660174],[-76.618719,34.67255],[-76.642939,34.677618],[-76.662645,34.685524],[-76.6747197309141,34.6922624190153],[-76.676312,34.693151],[-76.693751,34.692509],[-76.726969,34.69669],[-76.770044,34.696899],[-76.7818440715656,34.6961082466121],[-76.817453,34.693722],[-76.906257,34.68282],[-76.9094715354034,34.6823150035865],[-76.990262,34.669623],[-77.031105,34.661184],[-77.0338839368564,34.6604734076865],[-77.094322,34.645019],[-77.108376352182,34.6430062009846],[-77.11506,34.642049],[-77.137284,34.634251],[-77.16945,34.623123],[-77.175849,34.62235],[-77.1772857286637,34.6212918524719],[-77.181811,34.617959],[-77.211379,34.605387],[-77.260468,34.57743],[-77.30691,34.546705],[-77.33542874661,34.5312695565675],[-77.344278,34.52648],[-77.403568,34.499959],[-77.46293,34.471979],[-77.492059,34.456547],[-77.5184631241491,34.4409591001571],[-77.529211,34.434614],[-77.557306,34.417646],[-77.58262,34.400914],[-77.61784,34.374281],[-77.635195,34.359828],[-77.648529,34.348776],[-77.660404,34.343555],[-77.688867,34.3211],[-77.707515,34.305563],[-77.7122797711254,34.2986908361436],[-77.718275,34.290044],[-77.739738,34.273358],[-77.7724201525836,34.2380929606232],[-77.77456,34.235784],[-77.789315,34.21371],[-77.830041,34.163505],[-77.844257,34.14011],[-77.8741480132708,34.0796140460515],[-77.874486,34.07893],[-77.8762034910541,34.0745270073882],[-77.8831407315018,34.0567425663201],[-77.8919226626351,34.0342290412546],[-77.8999495358572,34.0136511969582],[-77.915205,33.974542],[-77.921355,33.966826],[-77.937764179094,33.931313888896],[-77.946568,33.912261],[-77.956881,33.87779],[-77.960172,33.853315],[-77.970606,33.844517],[-78.006765,33.858704],[-78.0168291437922,33.8836744540499],[-78.018689,33.888289],[-78.0745825036025,33.9022025156583],[-78.074713,33.902235],[-78.0944569816156,33.9058528873437],[-78.095429,33.906031],[-78.1149395736533,33.9089193148194],[-78.136952,33.912178],[-78.161144499208,33.9134206190478],[-78.17772,33.914272],[-78.1794750418458,33.9142383073852],[-78.1964043975789,33.9139133041592],[-78.2234005391079,33.9133950426715],[-78.229341,33.913281],[-78.2375800024939,33.9153306303075],[-78.2394590851977,33.9157980928265],[-78.240942,33.916167],[-78.248436,33.91459],[-78.265555,33.913841],[-78.327282,33.908428],[-78.371177,33.902307],[-78.379764,33.903848],[-78.3813245183608,33.9032582018694],[-78.3819126632943,33.9030359124103],[-78.397814,33.897026],[-78.436135,33.887264],[-78.4371928109681,33.8869655243643],[-78.47681,33.875787],[-78.506614,33.86746],[-78.542422,33.852284],[-78.547203351668,33.8563958163083],[-78.5588529902148,33.8664141494257],[-78.5740913949003,33.8795187117436],[-78.580378,33.884925],[-78.586883707242,33.890523853299],[-78.615932,33.915523],[-78.621369,33.920073],[-78.6295574138022,33.9269257227736],[-78.6296136650978,33.9269727983786],[-78.6503344847178,33.9443136455715],[-78.6503641799208,33.944338496904],[-78.651629,33.945397],[-78.66253,33.95452],[-78.702771,33.989268],[-78.710141,33.994688],[-78.712206,33.996732],[-78.7399196117489,34.0202036780896],[-78.7635629024644,34.0402280514439],[-78.769483,34.045242],[-78.7978654490768,34.0692804092827],[-78.81171,34.081006],[-78.8273740015213,34.0942724319696],[-78.855385,34.117996],[-78.8729167632902,34.1328448475465],[-78.874747,34.134395],[-78.909881,34.163881],[-78.9150752965855,34.1682402282953],[-78.963692,34.209041],[-78.9738175311278,34.2175388302121],[-78.99576,34.235954],[-79.071169,34.29924],[-79.0712438523822,34.299302913057],[-79.0712551379366,34.2993123985096],[-79.1088098161385,34.3308769197789],[-79.143242,34.359817],[-79.151485,34.366753],[-79.190739,34.399751],[-79.192041,34.40104],[-79.198982,34.406699],[-79.215993,34.421129],[-79.2356041259213,34.4377638068418],[-79.244886,34.445637],[-79.249763,34.449774],[-79.286703,34.482664],[-79.306653,34.500426],[-79.3166113442545,34.5089514371637],[-79.323249,34.514634],[-79.324854,34.516282],[-79.331328,34.521869],[-79.358317,34.545358],[-79.3656239118233,34.5513871164447],[-79.450034,34.621036],[-79.459766,34.629027],[-79.461318,34.630126],[-79.4615628883712,34.6302980076855],[-79.468717,34.635323],[-79.471599,34.6372],[-79.479305,34.64464],[-79.490201,34.653819],[-79.5049194861132,34.6658124075526],[-79.519043,34.677321],[-79.520269,34.678327],[-79.554454,34.706363],[-79.561691,34.711996],[-79.631577,34.768835],[-79.634216,34.771012],[-79.6441190166891,34.7791430653788],[-79.675299,34.804744],[-79.688088,34.804897],[-79.690201,34.804937],[-79.6929464055027,34.8049733575912],[-79.7123202370721,34.8052299265561],[-79.744116,34.805651],[-79.744925,34.805686],[-79.772829,34.805954],[-79.773607,34.805931],[-79.7737454849186,34.8059302111925],[-79.870693,34.805378],[-79.891443,34.805807],[-79.9274157876858,34.8065508188027],[-79.927618,34.806555],[-79.9280095060058,34.8065635148516],[-79.9940256176835,34.8079992971579],[-80.000541,34.808141],[-80.027464,34.808726],[-80.042764,34.809097],[-80.072912,34.809736],[-80.077223,34.809716],[-80.098022,34.810147],[-80.098994,34.810147],[-80.131169,34.810811],[-80.1486774953253,34.8111719806215],[-80.159252,34.81139],[-80.229705,34.812843],[-80.23396,34.812931],[-80.283627,34.813589],[-80.2935936751594,34.8137210183435],[-80.30469,34.813868],[-80.3208073604558,34.814081463212],[-80.350068,34.814469],[-80.399871,34.815128],[-80.417014,34.815508],[-80.4171502586367,34.8155189467827],[-80.418433,34.815622],[-80.419586,34.815581],[-80.425902,34.81581],[-80.434843,34.815968],[-80.448766,34.816332],[-80.45166,34.816396],[-80.485234,34.816732],[-80.491814,34.816798],[-80.499788,34.817261],[-80.5266355965967,34.8173564673787],[-80.561657,34.817481],[-80.5617093879227,34.8174816094994],[-80.621222,34.818174],[-80.625993,34.818239],[-80.626077,34.818217],[-80.6262899995456,34.8182210240508],[-80.644656,34.818568],[-80.646601,34.818592],[-80.684074,34.818907],[-80.692654972263,34.8189792923288],[-80.726949,34.8192682100709],[-80.771792,34.819646],[-80.777712,34.819697],[-80.797543,34.819786],[-80.796997,34.823874],[-80.7963317512036,34.8288510335009],[-80.795109,34.837999],[-80.786517350476,34.9022920485499],[-80.7840958040742,34.9204129693284],[-80.782042,34.935782],[-80.7882815157383,34.9427096281051],[-80.7882846335211,34.9427130897262],[-80.806461,34.962894],[-80.806784,34.963249],[-80.8135539938927,34.9707841461532],[-80.8214239517349,34.9795435754083],[-80.82156,34.979695],[-80.831541835926,34.9913299932712],[-80.840366453868,35.0016161140946],[-80.8514395471785,35.0145230950461],[-80.8515067423286,35.0146014188259],[-80.8643778038261,35.0296041412735],[-80.870547659894,35.0367958276894],[-80.8705493060549,35.0367977464818],[-80.8848629313759,35.0534819452132],[-80.884887,35.05351],[-80.898065104052,35.0676533791896],[-80.906207449782,35.0763921387788],[-80.9062325339665,35.0764190603398],[-80.9064451658369,35.0766472671561],[-80.906553,35.076763],[-80.9201233286038,35.0914080783671],[-80.9310643272864,35.1032155878093],[-80.93495,35.107409],[-80.9576310732334,35.0927929680778],[-80.95787,35.092639],[-80.9783610397681,35.0808923107514],[-80.98416,35.077568],[-80.9890357534564,35.0747728764614],[-80.9891720831187,35.074694722746],[-80.9967330696895,35.0703602354246],[-81.0130727491916,35.0609931861679],[-81.022691121645,35.0554792610919],[-81.041489,35.044703],[-81.050018,35.055246],[-81.055695,35.060121],[-81.057648,35.062433],[-81.058029,35.07319],[-81.057236,35.086129],[-81.056712681901,35.0871584898703],[-81.052078,35.096276],[-81.050079,35.098817],[-81.046524,35.100617],[-81.0401844043794,35.101949319167],[-81.0401702459805,35.1019522946732],[-81.037369,35.102541],[-81.034958,35.104105],[-81.032806,35.108049],[-81.032471,35.110033],[-81.033005,35.113747],[-81.036759,35.122552],[-81.038968,35.126299],[-81.05042,35.131048],[-81.051037,35.131654],[-81.051204,35.133237],[-81.047826,35.143743],[-81.047091,35.145157],[-81.044391,35.147918],[-81.043407,35.14839],[-81.04287,35.149248],[-81.043625,35.149877],[-81.0567617204493,35.1507247067734],[-81.077253,35.152047],[-81.0927843815354,35.1530493998819],[-81.0930278508632,35.1530651134631],[-81.109295,35.154115],[-81.11084,35.154185],[-81.129808180835,35.1550389042931],[-81.138207,35.155417],[-81.1805586040491,35.1573250014993],[-81.209815295008,35.1586430580751],[-81.239358,35.159974],[-81.241686,35.160081],[-81.2665313056272,35.1610375640471],[-81.290672,35.161967],[-81.3280393754573,35.163405284384],[-81.3665997502835,35.164889487764],[-81.366691,35.164893],[-81.4427427300232,35.1679095953013],[-81.445627,35.168024],[-81.4503311872068,35.1682108891388],[-81.452398,35.168293],[-81.461408,35.168657],[-81.493401,35.169951],[-81.494265,35.169882],[-81.5168705059896,35.1707091878187],[-81.54515,35.171744],[-81.581681,35.17308],[-81.6090051987795,35.1742521189017],[-81.6095490975215,35.1742754503817],[-81.614877,35.174504],[-81.646707,35.175869],[-81.6755099232049,35.1771041109792],[-81.680801,35.177331],[-81.716259,35.178852],[-81.738492,35.179511],[-81.763413164043,35.1802492358467],[-81.7681085961812,35.1803883279178],[-81.772351,35.180514],[-81.802081,35.181395],[-81.8440423916235,35.1829713360022],[-81.874433,35.184113],[-81.8746867180113,35.1841199007888],[-81.925612,35.185505],[-81.9693458232069,35.1872287391339],[-82.001422,35.188493],[-82.0076715217821,35.1886492830004],[-82.039651,35.189449],[-82.0484144703242,35.1896681964441],[-82.089586,35.190698],[-82.1060847260646,35.1915082127587],[-82.138947,35.193122],[-82.167676,35.193699],[-82.1678474676309,35.1937006964073],[-82.167872238022,35.1937009414721],[-82.176874,35.19379],[-82.185513,35.194355],[-82.195483,35.194951],[-82.2159400144574,35.1960293986111],[-82.216217,35.196044],[-82.230517,35.196764],[-82.230915,35.196784],[-82.257515,35.198636],[-82.27492,35.200071],[-82.282516,35.199858],[-82.288453,35.198605],[-82.2926823840865,35.1963741699645],[-82.295354,35.194965],[-82.307166,35.193012],[-82.3135258444572,35.1914230717304],[-82.314863,35.191089],[-82.315871,35.190678],[-82.317871,35.187858],[-82.320599418134,35.1863297073821],[-82.32335,35.184789],[-82.326917,35.185056],[-82.330549,35.186767],[-82.330779,35.189032],[-82.332975,35.190645],[-82.333934,35.190661],[-82.338013,35.18901],[-82.339508,35.18893],[-82.340133,35.189188],[-82.341194,35.19151],[-82.344554,35.193115],[-82.350086,35.192858],[-82.3536543147338,35.1922225810449],[-82.361469,35.190831],[-82.363256,35.189639],[-82.363554,35.188001],[-82.363479,35.186214],[-82.364299,35.184725],[-82.36899,35.181747],[-82.371298,35.181449],[-82.373218,35.182201],[-82.376808,35.184427],[-82.379712,35.186884],[-82.380903,35.189565],[-82.381201,35.191203],[-82.380605,35.193586],[-82.379191,35.195894],[-82.378744,35.198053],[-82.380524,35.202276],[-82.383776,35.207646],[-82.384029,35.210542],[-82.390439,35.215395],[-82.39293,35.215402],[-82.395697,35.213214],[-82.403348,35.204473],[-82.411301,35.202483],[-82.417597,35.200131],[-82.419744,35.198613],[-82.424461,35.193092],[-82.428,35.183224],[-82.434126,35.170784],[-82.435689,35.167715],[-82.439595,35.165863],[-82.448969,35.165037],[-82.451201,35.16526],[-82.452931,35.168999],[-82.452764,35.172626],[-82.4528793873526,35.1736939798014],[-82.452987,35.17469],[-82.455609,35.177425],[-82.460092,35.178143],[-82.467991,35.174633],[-82.472313,35.174619],[-82.476136,35.175486],[-82.483937,35.173798],[-82.487357,35.172494],[-82.490766,35.169715],[-82.495506,35.164312],[-82.499843,35.163675],[-82.506137,35.163894],[-82.516044,35.163442],[-82.51691,35.163029],[-82.517284,35.162643],[-82.51921,35.161044],[-82.521403,35.158851],[-82.52593,35.156749],[-82.529973,35.155617],[-82.53256,35.155617],[-82.534662,35.156911],[-82.535967,35.158664],[-82.536218,35.159259],[-82.540483,35.160306],[-82.544525,35.160306],[-82.547436,35.160306],[-82.550508,35.159498],[-82.552934,35.158042],[-82.554227,35.156911],[-82.554871,35.154639],[-82.554874,35.152868],[-82.556168,35.151736],[-82.558593,35.150928],[-82.560807,35.151644],[-82.563767,35.151575],[-82.566193,35.150119],[-82.567486,35.147694],[-82.569912,35.145268],[-82.5741676484568,35.1436658020327],[-82.578316,35.142104],[-82.580687,35.141742],[-82.581836,35.142352],[-82.586035,35.143142],[-82.588158,35.142928],[-82.59243,35.139002],[-82.59814,35.137729],[-82.602358,35.139036],[-82.609706,35.139039],[-82.612444,35.138234],[-82.613866,35.137529],[-82.614402,35.136701],[-82.617993,35.13527],[-82.621185,35.134635],[-82.624847,35.130432],[-82.626436,35.127903],[-82.629031,35.126155],[-82.632574,35.125833],[-82.634668,35.126317],[-82.63821,35.128088],[-82.6395103789926,35.1284519252855],[-82.642237,35.129215],[-82.645296,35.12841],[-82.648694,35.12677],[-82.651416,35.124867],[-82.65351,35.121968],[-82.657858,35.119392],[-82.662381,35.118123],[-82.669614,35.118103],[-82.672513,35.119392],[-82.673318,35.121002],[-82.675089,35.123257],[-82.676861,35.12535],[-82.680887,35.126155],[-82.683625,35.125833],[-82.68604,35.124545],[-82.686496,35.121822],[-82.686738,35.11979],[-82.687641,35.119287],[-82.688939,35.118103],[-82.690549,35.116171],[-82.691194,35.114721],[-82.691355,35.113272],[-82.690711,35.111501],[-82.688778,35.108602],[-82.688456,35.106347],[-82.689634,35.104117],[-82.694898,35.098456],[-82.698602,35.097168],[-82.701017,35.09749],[-82.703916,35.097651],[-82.707152,35.096542],[-82.715297,35.092943],[-82.720442,35.093265],[-82.723462,35.094341],[-82.72701,35.094142],[-82.728961,35.091978],[-82.729517,35.09059],[-82.729683,35.087827],[-82.730971,35.086378],[-82.735904,35.082701],[-82.738379,35.079453],[-82.741761,35.078326],[-82.746431,35.079131],[-82.749491,35.078487],[-82.751102,35.075749],[-82.751265,35.073463],[-82.754162,35.069629],[-82.757704,35.068019],[-82.7641000172578,35.0681684927111],[-82.764464,35.068177],[-82.770046,35.065476],[-82.777376,35.064143],[-82.781973,35.066817],[-82.780546,35.069043],[-82.779928,35.070435],[-82.779928,35.072206],[-82.779116,35.073674],[-82.7776474400096,35.0764332429076],[-82.777407,35.076885],[-82.776357,35.081349],[-82.778651,35.083575],[-82.781062,35.084492],[-82.78113,35.084585],[-82.783283,35.0856],[-82.787867,35.085024],[-82.809766,35.078748],[-82.897456167665,35.0560320956023],[-82.897499,35.056021],[-82.8975590881488,35.0560056967985],[-82.999867,35.02995],[-83.0086662684035,35.027579743047],[-83.0191632184336,35.0247521819757],[-83.1083960238887,35.0007155612179],[-83.108606,35.000659],[-83.19041,34.999456],[-83.2968581242502,34.9965751980759],[-83.322768,34.995874],[-83.3371106576176,34.9956599484316],[-83.3817917572378,34.9949931222614],[-83.3818328432647,34.9949925090885],[-83.4829517221393,34.9934833986299],[-83.4829524283476,34.9934833880904],[-83.549381,34.992492],[-83.620185,34.992091],[-83.619985,34.986592],[-83.749893,34.987691],[-83.7908631964688,34.9874881772452],[-83.790893490234,34.9874880272761],[-83.8001396483121,34.9874422542163],[-83.831097,34.987289],[-83.9224214646691,34.9874585856434],[-83.936427258766,34.9874845938068],[-83.936646,34.987485],[-83.9632700855174,34.9874677138777],[-84.0052593484451,34.9874404516631],[-84.021357,34.98743],[-84.029954,34.987321],[-84.0911549550839,34.987433446409],[-84.0967346193064,34.9874436980988],[-84.1294520756424,34.9875038108939],[-84.129555,34.987504],[-84.1811950059163,34.9877467413779],[-84.261405591696,34.9881237829326],[-84.321869,34.988408],[-84.3174751604271,35.0219635529126]]]]}},{"type":"Feature","properties":{"STATEFP":"05","STUSPS":"AR","NAME":"Arkansas"},"geometry":{"type":"Polygon","coordinates":[[[-94.617919,36.499414],[-94.55929,36.499496],[-94.519478,36.499214],[-94.4802836111299,36.4993095870106],[-94.3838132337786,36.4995448583147],[-94.361203,36.4996],[-94.3294423318218,36.4994724384327],[-94.3132388901132,36.4994073599398],[-94.2694298015614,36.4992314078483],[-94.1814127473658,36.4988779016402],[-94.111473,36.498597],[-94.110673,36.498587],[-94.100252,36.49867],[-94.098588,36.498676],[-94.0944740083724,36.4986863332968],[-94.077089,36.49873],[-93.96392,36.498717],[-93.95919,36.498717],[-93.92184,36.498718],[-93.906128,36.498718],[-93.8666890960689,36.4987886377682],[-93.7537409157046,36.4989909356669],[-93.7522374829062,36.4989936284176],[-93.728022,36.499037],[-93.727552,36.499055],[-93.718893,36.499178],[-93.709956,36.499179],[-93.700171,36.499135],[-93.584281,36.498896],[-93.5842620582646,36.4988959959276],[-93.5832177884822,36.4988957714146],[-93.514512,36.498881],[-93.507408,36.498911],[-93.4892364080662,36.4988373365751],[-93.426989,36.498585],[-93.396079,36.498669],[-93.394718,36.498519],[-93.315337,36.498408],[-93.3153231265986,36.4984079591933],[-93.2931173059246,36.4983426438173],[-93.2217820681778,36.4981328209992],[-93.2097350018054,36.4980973862057],[-93.125969,36.497851],[-93.088988,36.498184],[-93.087635,36.498239],[-93.069512,36.498242],[-93.068455,36.49825],[-93.0137416892954,36.4981296501358],[-92.9291569287713,36.4979435936843],[-92.894336,36.497867],[-92.894001,36.49785],[-92.8540084274629,36.4979827644585],[-92.838876,36.498033],[-92.838621,36.498079],[-92.772333,36.497772],[-92.6306428141369,36.4980906573776],[-92.6173219564051,36.4981206156246],[-92.564238,36.49824],[-92.5291298703286,36.4986088420019],[-92.516836,36.498738],[-92.444129,36.498526],[-92.434649088923,36.4982816765106],[-92.4344689269627,36.4982770332393],[-92.420383,36.497914],[-92.384927,36.497845],[-92.375159,36.497199],[-92.350277,36.497787],[-92.318415,36.497711],[-92.309424,36.497894],[-92.2594577138701,36.498174956948],[-92.216412,36.498417],[-92.214143,36.498372],[-92.211449,36.498395],[-92.199396,36.498351],[-92.1502863617131,36.4986337657382],[-92.137741,36.498706],[-92.1203864308024,36.4988632711175],[-92.120306,36.498864],[-92.098356,36.498803],[-92.074934,36.498761],[-92.057178,36.49867],[-92.055789,36.49867],[-92.028847,36.498642],[-92.019375,36.498524],[-91.988751,36.498498],[-91.985802,36.498431],[-91.9315815836852,36.4985903027665],[-91.865995,36.498783],[-91.864385,36.498789],[-91.805981,36.498987],[-91.80204,36.498963],[-91.7995,36.498952],[-91.784713,36.499074],[-91.7671340791314,36.4991118000664],[-91.766111,36.499114],[-91.726663,36.499209],[-91.687615,36.499397],[-91.686026,36.499374],[-91.672343,36.499463],[-91.64259,36.499335],[-91.631439,36.499198],[-91.601317,36.499343],[-91.596213,36.499162],[-91.5824066465687,36.49916170656],[-91.549163,36.499161],[-91.539359,36.499116],[-91.53687,36.499156],[-91.5297855812703,36.4990222186993],[-91.529774,36.499022],[-91.50014,36.498812],[-91.4500224283775,36.4975622246975],[-91.446284,36.497469],[-91.436502,36.497377],[-91.433298,36.497262],[-91.407261,36.497123],[-91.407137,36.497112],[-91.4068735134311,36.4971189963869],[-91.405141,36.497165],[-91.404915,36.49712],[-91.227398,36.497617],[-91.218645,36.497564],[-91.21736,36.497511],[-91.1723861427823,36.4976105226883],[-91.126529,36.497712],[-91.096277,36.497893],[-91.09588,36.49787],[-91.017974,36.498062],[-91.008558,36.49827],[-90.963063,36.498418],[-90.9629131175868,36.4984184965049],[-90.960648,36.498426],[-90.87922,36.498378],[-90.876867,36.498423],[-90.876567,36.498313],[-90.873775,36.498074],[-90.850434,36.498548],[-90.8026290300016,36.4985304194726],[-90.7842436722685,36.4985236581613],[-90.782454,36.498523],[-90.7789071125459,36.4985168708297],[-90.765672,36.498494],[-90.711226,36.498318],[-90.693005,36.49851],[-90.653246,36.498488],[-90.648494,36.498447],[-90.612554,36.498559],[-90.60545,36.498459],[-90.5943,36.498459],[-90.585342,36.498497],[-90.576179556009,36.4984463732781],[-90.576112,36.498446],[-90.50016,36.498399],[-90.495027,36.498371],[-90.494575,36.498368],[-90.4259808875046,36.498299265314],[-90.3766179503368,36.4982498012148],[-90.339892,36.498213],[-90.2654939178856,36.4979166119993],[-90.228943,36.497771],[-90.2207319861011,36.4978576834376],[-90.220702,36.497858],[-90.217323,36.497797],[-90.193943,36.497823],[-90.152481,36.497952],[-90.154409,36.496832],[-90.153871,36.495344],[-90.160167,36.481344],[-90.142269,36.472138],[-90.141399,36.459874],[-90.134136,36.436602],[-90.143743,36.424433],[-90.131038,36.415069],[-90.109495,36.404073],[-90.080426,36.400763],[-90.0767716145604,36.3970572127778],[-90.066136,36.386272],[-90.063526,36.356911],[-90.077401,36.341003],[-90.079981,36.318619],[-90.06398,36.303038],[-90.078807,36.288547],[-90.083731,36.272332],[-90.114922,36.265595],[-90.125958,36.243416],[-90.1261582639869,36.2365201452164],[-90.126366,36.229367],[-90.14224,36.227522],[-90.155928,36.214074],[-90.182853,36.205108],[-90.189413456951,36.2003244799478],[-90.200582,36.192181],[-90.209776,36.182004],[-90.220425,36.184764],[-90.23537,36.159153],[-90.235585,36.139474],[-90.2488034007916,36.1312910231869],[-90.255596,36.127086],[-90.278724,36.117406],[-90.294492,36.112949],[-90.29991,36.098236],[-90.319168,36.089976],[-90.318491,36.075514],[-90.333261,36.067504],[-90.339343,36.047112],[-90.3413441085521,36.043728827256],[-90.35131,36.02688],[-90.377863599366,35.9957139864778],[-90.37789,35.995683],[-90.368718,35.995812],[-90.342616,35.995895],[-90.339434,35.996033],[-90.292376,35.996397],[-90.2890760510731,35.9964173016992],[-90.2888,35.996419],[-90.1860719447437,35.997174516054],[-90.158812,35.997375],[-90.127331,35.997635],[-90.12635,35.997596],[-90.103842,35.998143],[-90.0546911124938,35.9984616145939],[-89.9955324138791,35.9988451035945],[-89.972563,35.998994],[-89.965327,35.998813],[-89.961075,35.999135],[-89.959893,35.99902],[-89.959377,35.99902],[-89.901183,35.999365],[-89.896508,35.999432],[-89.875586,35.999562],[-89.875085,35.999578],[-89.874878,35.9995767454545],[-89.87459,35.999575],[-89.86901,35.99964],[-89.8597283536873,35.9997230841511],[-89.770255,36.000524],[-89.7701830451875,36.0005270619069],[-89.769973,36.000536],[-89.737648,36.000567],[-89.737564,36.000522],[-89.733095,36.000608],[-89.722916,35.989061],[-89.724027,35.980803],[-89.721677,35.967673],[-89.716527,35.961533],[-89.652157,35.929113],[-89.644307,35.920943],[-89.6423394880732,35.9060661639323],[-89.641572,35.900263],[-89.645617,35.885833],[-89.657917,35.876743],[-89.665939,35.874451],[-89.676378,35.876698],[-89.719416,35.908311],[-89.727787,35.911243],[-89.744547,35.910699],[-89.768303,35.889355],[-89.773617,35.875705],[-89.772904,35.865632],[-89.762693,35.857413],[-89.729517,35.847632],[-89.695531,35.835673],[-89.693569,35.829107],[-89.695987,35.821298],[-89.720117,35.805933],[-89.729713,35.802116],[-89.735734,35.80426],[-89.762802,35.810966],[-89.777906,35.806283],[-89.794652,35.794219],[-89.799565,35.788331],[-89.798006,35.777638],[-89.79895,35.759356],[-89.800728,35.757152],[-89.816857,35.748692],[-89.831817,35.743503],[-89.842887,35.742723],[-89.850349,35.746489],[-89.852753,35.755453],[-89.863064,35.757134],[-89.874067,35.755286],[-89.890254,35.75079],[-89.898306,35.752516],[-89.904886,35.757927],[-89.909111,35.758963],[-89.9108766859732,35.7578730108017],[-89.920452,35.751962],[-89.93792,35.744172],[-89.939974,35.739429],[-89.955011,35.730122],[-89.958623,35.726018],[-89.9578419578286,35.7193902332661],[-89.956933,35.711677],[-89.956589,35.695486],[-89.955946,35.690756],[-89.946135,35.678517],[-89.939267,35.670943],[-89.930209,35.661352],[-89.919285,35.655297],[-89.906635,35.651435],[-89.896869,35.651215],[-89.887266,35.653591],[-89.877322,35.666069],[-89.865137,35.670437],[-89.857942,35.668312],[-89.852153,35.660268],[-89.850767,35.650319],[-89.855125,35.636223],[-89.864558,35.630546],[-89.873406,35.627618],[-89.887718,35.618066],[-89.893669,35.615336],[-89.903467,35.615796],[-89.911275,35.617594],[-89.9325,35.607865],[-89.946419,35.601127],[-89.957158,35.589421],[-89.957198,35.583007],[-89.947262,35.564335],[-89.939888,35.555668],[-89.929585,35.55173],[-89.913818,35.549481],[-89.910051,35.545379],[-89.909909,35.537938],[-89.9098135698954,35.5378411382555],[-89.90231,35.530225],[-89.904638,35.519348],[-89.911923,35.512841],[-89.926539,35.511607],[-89.9361965908948,35.5152770935277],[-89.95519,35.522495],[-89.958464,35.52607],[-89.955888,35.535044],[-89.958266,35.541411],[-89.984046,35.557794],[-89.994272,35.560973],[-90.002235,35.560651],[-90.016165,35.556808],[-90.024772,35.556161],[-90.032927,35.553461],[-90.039681,35.547723],[-90.041962,35.537468],[-90.048328,35.523726],[-90.049524,35.510356],[-90.044138,35.494622],[-90.034183,35.481915],[-90.024683,35.475754],[-90.019152,35.472578],[-90.0151730799995,35.4663520581386],[-90.006801,35.453252],[-90.002675,35.430529],[-90.017108,35.421939],[-90.046316,35.412331],[-90.050564,35.409635],[-90.04658,35.399001],[-90.049340177528,35.3953109294014],[-90.051258,35.392747],[-90.0538286717081,35.3930804317931],[-90.059492,35.393815],[-90.069528,35.408132],[-90.064918,35.416387],[-90.070616,35.423497],[-90.074098,35.43414],[-90.072831,35.444583],[-90.067239,35.460945],[-90.069036,35.467773],[-90.080017,35.477067],[-90.090137,35.4785],[-90.108746,35.476011],[-90.119031,35.468039],[-90.129435,35.442119],[-90.1400646101515,35.4366745720845],[-90.169002,35.421853],[-90.170599,35.418352],[-90.1707,35.410065],[-90.179342,35.385313],[-90.178458,35.382144],[-90.165282,35.373982],[-90.141588,35.375154],[-90.137757,35.379393],[-90.144883,35.391118],[-90.145446,35.402522],[-90.138888,35.410802],[-90.129884,35.41382],[-90.112691,35.410298],[-90.10525,35.402194],[-90.097112,35.395539],[-90.083243,35.387951],[-90.081897715975,35.3854531186829],[-90.078279,35.378734],[-90.0798,35.372486],[-90.093384,35.354088],[-90.102915,35.326202],[-90.108555,35.311968],[-90.109966,35.304988],[-90.12756,35.302386],[-90.140657,35.299144],[-90.14904,35.303025],[-90.158321,35.301006],[-90.16486,35.294014],[-90.168875,35.281516],[-90.166594,35.274588],[-90.153772,35.257601],[-90.14632,35.253562],[-90.1451891125195,35.2534579749278],[-90.135677,35.252583],[-90.116463,35.255868],[-90.104278,35.254087],[-90.092603,35.246775],[-90.085344,35.234593],[-90.081839,35.227763],[-90.074971,35.218715],[-90.077163,35.211033],[-90.08135,35.208806],[-90.087798,35.212185],[-90.098064,35.195137],[-90.105542,35.198321],[-90.114451,35.198923],[-90.11733,35.189256],[-90.114808,35.184348],[-90.108041,35.181339],[-90.106304,35.175481],[-90.100093,35.170209],[-90.076825,35.158679],[-90.067897,35.155285],[-90.0668225711223,35.1531373363861],[-90.0667230343856,35.1529383735399],[-90.064298,35.148091],[-90.0659840029074,35.1384702798649],[-90.06616,35.137466],[-90.0752327736565,35.1271262342202],[-90.075641,35.126661],[-90.087416,35.118892],[-90.100169,35.118071],[-90.138893,35.132251],[-90.147147,35.133054],[-90.157828,35.128998],[-90.169232,35.121883],[-90.175382,35.114177],[-90.180777,35.096482],[-90.181362,35.087424],[-90.178513,35.079811],[-90.1765254449192,35.0770004952485],[-90.17504,35.0749],[-90.181157,35.053943],[-90.191217,35.040213],[-90.206997,35.025849],[-90.214143,35.025649],[-90.231348,35.030946],[-90.242059,35.03268],[-90.252342,35.031754],[-90.260385,35.035871],[-90.265544,35.040582],[-90.292348,35.041356],[-90.296607,35.038672],[-90.299609,35.028507],[-90.305612,35.019578],[-90.305103,35.013847],[-90.309712,35.008478],[-90.309297,34.995694],[-90.30463,34.986833],[-90.296057,34.976471],[-90.268314,34.957383],[-90.250488,34.950939],[-90.244701,34.94703],[-90.243005,34.940116],[-90.241829,34.915658],[-90.246473,34.90339],[-90.256114,34.894547],[-90.271342,34.886865],[-90.289707,34.883321],[-90.307702,34.876473],[-90.317741,34.871058],[-90.314039,34.863711],[-90.3046697188004,34.8602893062045],[-90.304061,34.860067],[-90.303355,34.851952],[-90.306903,34.846704],[-90.315427,34.844341],[-90.326883,34.848646],[-90.337523,34.857652],[-90.359715,34.844377],[-90.389393,34.830665],[-90.4079478828123,34.8268272379942],[-90.411638,34.826064],[-90.427138,34.826136],[-90.436897,34.825538],[-90.448017,34.841603],[-90.432094,34.861355],[-90.429318,34.86685],[-90.430046,34.871005],[-90.437448,34.883707],[-90.448289,34.889159],[-90.461233,34.891735],[-90.470184,34.888989],[-90.478324,34.884171],[-90.484446,34.874366],[-90.484774,34.865708],[-90.481555,34.857387],[-90.473479,34.848379],[-90.457116,34.820051],[-90.468539,34.813306],[-90.473302,34.807148],[-90.476644,34.797134],[-90.470411,34.780877],[-90.451791,34.754228],[-90.447994,34.741988],[-90.455381,34.732641],[-90.462844,34.728256],[-90.483333,34.722222],[-90.499999,34.721666],[-90.516666,34.727222],[-90.524166,34.731388],[-90.5063,34.749674],[-90.494948,34.757122],[-90.492777,34.772499],[-90.511335,34.790161],[-90.511111,34.798288],[-90.521111,34.801944],[-90.532918,34.8001],[-90.540833,34.795833],[-90.547778,34.783333],[-90.54416,34.768039],[-90.539444,34.755277],[-90.545556,34.738889],[-90.554005,34.739455],[-90.563611,34.737778],[-90.567954,34.731845],[-90.568611,34.724959],[-90.571989,34.7144],[-90.561457,34.712762],[-90.546098,34.703699],[-90.533378,34.698012],[-90.516666,34.695555],[-90.485686,34.703579],[-90.474166,34.705277],[-90.4670976463459,34.6998230561963],[-90.46618,34.699115],[-90.462835,34.686433],[-90.4641180539557,34.6815568878323],[-90.465871,34.674895],[-90.472542,34.66596],[-90.491919,34.650252],[-90.499893,34.644983],[-90.504894,34.639208],[-90.513225,34.633449],[-90.519439,34.629918],[-90.532108,34.627327],[-90.542394,34.628859],[-90.551643,34.636329],[-90.554921,34.646721],[-90.553486,34.656814],[-90.542371,34.673607],[-90.540753,34.681034],[-90.552903,34.690622],[-90.569958,34.692391],[-90.567565,34.681457],[-90.571843,34.667383],[-90.580864,34.655174],[-90.587128935522,34.6412667567043],[-90.587996,34.639342],[-90.591595,34.621012],[-90.585516,34.608504],[-90.571185,34.58946],[-90.557666,34.576929],[-90.543351,34.562168],[-90.539623,34.553925],[-90.542528,34.54015],[-90.552948,34.531298],[-90.5681514209205,34.5246316965222],[-90.574703,34.521759],[-90.581245,34.515671],[-90.5893806613913,34.4969389907874],[-90.593293,34.487931],[-90.593104,34.477322],[-90.583598,34.443013],[-90.577694,34.432445],[-90.584313,34.412194],[-90.598014,34.398187],[-90.609597,34.391586],[-90.622384,34.38947],[-90.633687,34.389901],[-90.645176,34.386834],[-90.658191,34.376139],[-90.663231,34.352243],[-90.660875,34.336693],[-90.657488,34.322231],[-90.661395,34.315398],[-90.678075,34.31309],[-90.686003,34.315771],[-90.693129,34.32257],[-90.692244,34.335629],[-90.686523,34.350674],[-90.68272,34.366763],[-90.690326,34.367155],[-90.711933,34.360742],[-90.733685,34.363999],[-90.747633,34.36785],[-90.759693,34.366505],[-90.769774,34.356909],[-90.767996,34.34617],[-90.741763,34.320035],[-90.735873,34.310687],[-90.73524,34.300949],[-90.738025,34.289279],[-90.752929,34.274605],[-90.7638702193397,34.2702161006083],[-90.765623,34.269513],[-90.784543,34.271603],[-90.7870571171221,34.2723216436101],[-90.812219,34.279514],[-90.825763,34.279893],[-90.833629,34.274074],[-90.835724,34.255981],[-90.840549,34.234544],[-90.83813,34.219997],[-90.845864,34.207573],[-90.87912,34.21545],[-90.89658,34.2258],[-90.904924,34.242178],[-90.910098,34.245558],[-90.923152,34.24653],[-90.936404,34.236698],[-90.93522,34.21905],[-90.925542,34.206989],[-90.9118,34.193897],[-90.887884,34.18198],[-90.877452,34.185618],[-90.8694,34.182854],[-90.854406,34.186833],[-90.844762,34.18516],[-90.817488,34.183198],[-90.809142,34.176961],[-90.807564,34.161821],[-90.822593,34.144054],[-90.836099,34.137876],[-90.853471,34.137511],[-90.87069,34.144141],[-90.899097,34.162829],[-90.909957,34.165511],[-90.917337,34.159668],[-90.936614,34.149374],[-90.957064,34.136684],[-90.961044,34.130514],[-90.958604,34.122444],[-90.9566115719362,34.1200947055262],[-90.9555783321976,34.1188764008596],[-90.947689,34.109574],[-90.921294,34.093514],[-90.914713,34.09265],[-90.899282,34.095194],[-90.893214,34.097781],[-90.882802,34.09659],[-90.874268,34.089505],[-90.871083,34.081177],[-90.874507,34.072379],[-90.888105,34.054518],[-90.886581,34.045167],[-90.888086,34.032559],[-90.892597,34.026986],[-90.907954,34.022456],[-90.926206,34.021615],[-90.95911,34.026814],[-90.971082,34.025568],[-90.98806,34.018999],[-90.975638,33.995248],[-90.961885,33.980351],[-90.963262,33.968923],[-90.967631,33.963611],[-90.979992,33.960227],[-90.991994,33.961959],[-91.000568,33.96696],[-91.016914,34.000078],[-91.024083,34.000394],[-91.039426,33.993184],[-91.050926,33.993427],[-91.068759,34.006393],[-91.078964,34.009331],[-91.085412,34.007504],[-91.090484,33.991418],[-91.089771,33.96513],[-91.086011,33.957419],[-91.07922,33.9543],[-91.01913,33.942081],[-91.012205,33.937116],[-91.010451,33.928689],[-91.0106734978682,33.9283426211005],[-91.017655,33.917474],[-91.031438,33.901444],[-91.06591,33.876326],[-91.072977,33.866179],[-91.071394,33.84954],[-91.066438,33.837999],[-91.049083,33.816026],[-91.030296,33.807262],[-91.008534,33.80282],[-90.993424,33.794217],[-90.99008825608,33.7866081546365],[-90.988723,33.783494],[-90.995168,33.77254],[-90.9975644349256,33.7713986668192],[-91.008965,33.765969],[-91.022758,33.764309],[-91.035965,33.769018],[-91.052724,33.777926],[-91.077661,33.774325],[-91.108977,33.771981],[-91.118422,33.779237],[-91.129444,33.783726],[-91.136259,33.781026],[-91.143628,33.770166],[-91.143173,33.753691],[-91.148724,33.732127],[-91.128569,33.711092],[-91.116939,33.705273],[-91.101269,33.705033],[-91.071506,33.715225],[-91.059169,33.71452],[-91.04391,33.703251],[-91.030301,33.683336],[-91.034678,33.672882],[-91.07649,33.659019],[-91.087545,33.657391],[-91.105251,33.662913],[-91.124679,33.671554],[-91.13528,33.678859],[-91.160367,33.706602],[-91.16794,33.703169],[-91.176345,33.701806],[-91.210103,33.700504],[-91.220396,33.696537],[-91.229232,33.686305],[-91.230404,33.675569],[-91.222031,33.662714],[-91.208807,33.656102],[-91.187444,33.65457],[-91.170922,33.649155],[-91.136852,33.626234],[-91.12873,33.609204],[-91.132346,33.595526],[-91.147465,33.580969],[-91.166106,33.56971],[-91.182829,33.567166],[-91.201604,33.568974],[-91.221622,33.568621],[-91.231984,33.564538],[-91.2329398954001,33.5611037818434],[-91.234331,33.556106],[-91.221467,33.533076],[-91.2181885877568,33.5293877311973],[-91.21402,33.524698],[-91.189463,33.509521],[-91.18668,33.499671],[-91.19666,33.487003],[-91.205495,33.473658],[-91.210328,33.46753],[-91.230581,33.457716],[-91.233829,33.442989],[-91.229821,33.437292],[-91.20647,33.433924],[-91.182609,33.440421],[-91.171854,33.45032],[-91.17131,33.459192],[-91.17485,33.48],[-91.170518,33.491742],[-91.158373,33.496068],[-91.134401,33.483164],[-91.123276,33.471262],[-91.116996,33.454592],[-91.118775,33.446485],[-91.138069,33.427231],[-91.149947,33.426496],[-91.17383,33.417791],[-91.194975,33.418102],[-91.202285,33.416849],[-91.209282,33.406695],[-91.206073,33.399842],[-91.183006,33.385645],[-91.166958,33.379896],[-91.148109,33.378787],[-91.130458,33.384627],[-91.095214,33.418226],[-91.097432,33.43401],[-91.088069,33.450378],[-91.072984,33.455818],[-91.059002,33.449154],[-91.0589154886214,33.4462113491628],[-91.0588330562118,33.4434074428661],[-91.058386,33.428201],[-91.0704945597631,33.4124703073898],[-91.074051,33.40785],[-91.080405835734,33.4018630216332],[-91.123441,33.361319],[-91.141599,33.350188],[-91.1415934919554,33.3316677507175],[-91.141584,33.299752],[-91.125659,33.280355],[-91.128099,33.2687],[-91.117288,33.260637],[-91.106884,33.242444],[-91.096392,33.242965],[-91.085328,33.275515],[-91.076436,33.284408],[-91.060958,33.287121],[-91.048293,33.282836],[-91.043696,33.271783],[-91.053025,33.247509],[-91.081229,33.22246],[-91.099115,33.219606],[-91.081303,33.18428],[-91.080048,33.170309],[-91.084511,33.141082],[-91.08989,33.134407],[-91.109729,33.129454],[-91.146777,33.130055],[-91.160983,33.141432],[-91.184025,33.141678],[-91.1958381047051,33.1332595643396],[-91.196403,33.132857],[-91.202114,33.122306],[-91.199603,33.106505],[-91.180093,33.097318],[-91.171869,33.08808],[-91.149065,33.08131],[-91.123869,33.063235],[-91.120429,33.054631],[-91.126723,33.036253],[-91.137434,33.028715],[-91.154262,33.024299],[-91.163205,33.017911],[-91.1655394123724,33.0113210994798],[-91.166684,33.00809],[-91.166095,33.004291],[-91.265018,33.005084],[-91.284398,33.005007],[-91.312016,33.005262],[-91.3120365426862,33.0052621547066],[-91.322506,33.005341],[-91.325037,33.005364],[-91.326396,33.005376],[-91.329767,33.005421],[-91.333011,33.005529],[-91.376016,33.005794],[-91.425466,33.006016],[-91.435782,33.006099],[-91.453369,33.005843],[-91.4603776475285,33.0059093538278],[-91.489176,33.006182],[-91.500118,33.006784],[-91.559494,33.00684],[-91.572326,33.006908],[-91.579639,33.006472],[-91.579802,33.006518],[-91.609001,33.006556],[-91.617615,33.006717],[-91.62667,33.006639],[-91.735531,33.007569],[-91.755068,33.00701],[-91.8003160450046,33.0072805988365],[-91.875128,33.007728],[-91.950001,33.00752],[-91.951958,33.007428],[-92.0010940972461,33.0077362881463],[-92.0689289215002,33.0081618952539],[-92.0689596390547,33.008162087981],[-92.069105,33.008163],[-92.222825,33.00908],[-92.292664,33.010103],[-92.335893,33.010349],[-92.362865,33.010628],[-92.3683028506254,33.0106931809705],[-92.37029,33.010717],[-92.469762,33.01201],[-92.501383,33.01216],[-92.5024728192766,33.0121604554197],[-92.503776,33.012161],[-92.5249560059089,33.0123800334711],[-92.711289,33.014307],[-92.7158306447843,33.0143969433461],[-92.715884,33.014398],[-92.723553,33.014328],[-92.7247428295372,33.0143469910336],[-92.724994,33.014351],[-92.733197,33.014347],[-92.796533,33.014836],[-92.830798,33.015661],[-92.844073,33.016034],[-92.844286,33.01607],[-92.854167,33.016132],[-92.86751,33.016062],[-92.946553,33.016807],[-92.9709650314843,33.0171893068712],[-92.971137,33.017192],[-92.9887766133733,33.0172983171707],[-93.070686,33.017792],[-93.073167,33.017898],[-93.081428,33.017928],[-93.100981,33.017786],[-93.101443,33.01774],[-93.1197298546433,33.0177800936558],[-93.154351,33.017856],[-93.1579189495257,33.017863873341],[-93.197402,33.017951],[-93.215653,33.018393],[-93.2232426620064,33.0182604107143],[-93.238607,33.017992],[-93.2386472755819,33.0179920949377],[-93.308181,33.018156],[-93.308398,33.018179],[-93.340353,33.018337],[-93.377134,33.018234],[-93.3920589975548,33.0182965831303],[-93.4252419927657,33.0184357252444],[-93.467042,33.018611],[-93.4670973537417,33.0186105860297],[-93.489506,33.018443],[-93.4905578365116,33.0184422416463],[-93.490893,33.018442],[-93.4909993621484,33.0184426153007],[-93.520971,33.018616],[-93.520992930177,33.0186161167386],[-93.524916,33.018637],[-93.531499,33.018643],[-93.6748936476859,33.0192516499902],[-93.723273,33.019457],[-93.8071375448562,33.019378905277],[-93.814553,33.019372],[-93.8145980510626,33.0193719645896],[-94.024475,33.019207],[-94.027983,33.019139],[-94.035839,33.019145],[-94.041444,33.019188],[-94.042964,33.019219],[-94.043036,33.079485],[-94.04287,33.092727],[-94.043007,33.13389],[-94.043077,33.138162],[-94.043185,33.143476],[-94.042719,33.160291],[-94.042875,33.199785],[-94.042892,33.202666],[-94.042876,33.215219],[-94.04273,33.241823],[-94.043004,33.250128],[-94.04305,33.260904],[-94.04299,33.271227],[-94.0429900210003,33.2712431650494],[-94.0430248501853,33.2980530433186],[-94.043067,33.330498],[-94.043067,33.339573],[-94.043067,33.347351],[-94.043067,33.352097],[-94.0431276392203,33.35871760996],[-94.043128,33.358757],[-94.042869,33.37117],[-94.043053,33.377716],[-94.0430135891597,33.3878082615036],[-94.0428891968493,33.4196624345357],[-94.042887,33.420225],[-94.0429638663915,33.4284436154677],[-94.042988,33.431024],[-94.042988,33.43459],[-94.042988,33.435824],[-94.0430452274651,33.4456957377339],[-94.0430824430853,33.452115432214],[-94.043188,33.470324],[-94.0431882138955,33.4703726694453],[-94.0431882230365,33.4703747493729],[-94.0432721056297,33.4894612655939],[-94.043279,33.49103],[-94.043009,33.493039],[-94.0430151860215,33.4938718480785],[-94.043375,33.542315],[-94.043428,33.551425],[-94.0434321405283,33.5515808344304],[-94.04345,33.552253],[-94.0449732251814,33.5517048741818],[-94.04604,33.551321],[-94.050212,33.551083],[-94.056096,33.567252],[-94.07267,33.572234],[-94.103176,33.57035],[-94.123898,33.5521],[-94.143024,33.577725],[-94.162266,33.588906],[-94.183395,33.592212],[-94.1863685499162,33.5902492909947],[-94.211329,33.573774],[-94.2164785777265,33.5666419220254],[-94.2230965084449,33.5574762000147],[-94.2240080913657,33.5562136731015],[-94.226392,33.552912],[-94.2330766315902,33.5539939527627],[-94.250197,33.556765],[-94.238868,33.576722],[-94.252656,33.586144],[-94.270853,33.564783],[-94.280605,33.574908],[-94.298392,33.576218],[-94.309582,33.551673],[-94.33059,33.552692],[-94.3332941674464,33.5576604588297],[-94.338422,33.567082],[-94.352653,33.560611],[-94.35897,33.54323],[-94.392573,33.551142],[-94.388052,33.565511],[-94.37776,33.574609],[-94.385927,33.581888],[-94.4137130641207,33.5779704417293],[-94.419057,33.577217],[-94.4297387136347,33.5877891448272],[-94.436215,33.594199],[-94.458232,33.59827],[-94.452325,33.618817],[-94.459198,33.645146],[-94.481313,33.638819],[-94.485875,33.637867],[-94.485577,33.65331],[-94.485528,33.663388],[-94.48452,33.687909],[-94.484616,33.691592],[-94.48384,33.711332],[-94.483874,33.716733],[-94.48287,33.750564],[-94.482862,33.75078],[-94.482777,33.753638],[-94.482682,33.756286],[-94.481842,33.789008],[-94.4818414166684,33.7890210927706],[-94.481543,33.795719],[-94.481361,33.802649],[-94.481355,33.802887],[-94.480574,33.830166],[-94.479954,33.85133],[-94.478994,33.881197],[-94.478842,33.881485],[-94.477387,33.937759],[-94.4773197138202,33.9408589841988],[-94.4773177317554,33.9409503011619],[-94.477038,33.953838],[-94.476957,33.957365],[-94.474895,34.019655],[-94.474896,34.021838],[-94.474896,34.021877],[-94.4711327575236,34.1591968820544],[-94.4702836220645,34.1901816463447],[-94.465847,34.352073],[-94.4654374209984,34.3593279834998],[-94.465425,34.359548],[-94.464176,34.402713],[-94.463816,34.414465],[-94.463671,34.419585],[-94.4628707066502,34.4474689719384],[-94.461149,34.507457],[-94.460058,34.545264],[-94.460052,34.547869],[-94.4575,34.634945],[-94.45753,34.642961],[-94.4575117588871,34.6434920896136],[-94.4553402653971,34.7067150764506],[-94.4545765776714,34.7289498283625],[-94.4533001508935,34.766112966887],[-94.450233,34.855413],[-94.45014,34.858694],[-94.450065,34.861335],[-94.44963,34.875253],[-94.449058,34.890556],[-94.449086,34.894152],[-94.449253,34.895869],[-94.4478837250623,34.9340835669104],[-94.4463019423841,34.9782289305087],[-94.4455986087128,34.9978579990775],[-94.441232,35.119724],[-94.440754,35.128806],[-94.439717441608,35.1634420304557],[-94.43955,35.169037],[-94.439509,35.171807],[-94.4389249638177,35.1856438880409],[-94.43886,35.187183],[-94.439056,35.193588],[-94.439084,35.197298],[-94.43847,35.208587],[-94.438247,35.210992],[-94.437578,35.230936],[-94.437774,35.239271],[-94.437578,35.242202],[-94.4370118276822,35.2467475055261],[-94.436595,35.250094],[-94.435812,35.2713],[-94.435793020746,35.2718312400612],[-94.435706,35.274267],[-94.435316,35.275893],[-94.43528,35.287485],[-94.43517,35.291494],[-94.4351390099158,35.2919345879366],[-94.434115,35.306493],[-94.4338001246658,35.3142140169994],[-94.4332185873698,35.3284738171825],[-94.4327725624367,35.3394107363883],[-94.4322539425496,35.3521277469952],[-94.431815,35.362891],[-94.432015,35.367391],[-94.431515,35.369591],[-94.433415,35.376291],[-94.432685,35.380806],[-94.433915,35.387391],[-94.4321677579656,35.3918555269614],[-94.4315694272977,35.3933843726198],[-94.431215,35.39429],[-94.4374321410684,35.4287478509008],[-94.4412926666196,35.4501444079966],[-94.4415393863826,35.4515118263506],[-94.449696,35.496719],[-94.4565848485739,35.5401806455211],[-94.463318,35.58266],[-94.464097,35.587265],[-94.464457,35.588909],[-94.465272,35.594037],[-94.472647,35.638556],[-94.487585,35.726147],[-94.48821,35.72924],[-94.4929444807692,35.7592458746266],[-94.493362,35.761892],[-94.494549,35.768303],[-94.499045,35.79346],[-94.499647,35.79691],[-94.500526,35.802642],[-94.500764,35.80382],[-94.501162,35.80643],[-94.503011,35.81721],[-94.504438,35.826369],[-94.505642,35.833628],[-94.507631,35.845901],[-94.517571,35.901866],[-94.5182312922163,35.9060694407576],[-94.5182645152154,35.9062809394019],[-94.522658,35.93425],[-94.522658,35.934799],[-94.522634,35.934892],[-94.52291,35.936127],[-94.524344,35.94405],[-94.52464,35.945727],[-94.528162,35.965665],[-94.528305,35.966054],[-94.532061349361,35.9877961410969],[-94.532071,35.987852],[-94.533646,35.996804],[-94.534852,36.002678],[-94.535724,36.007807],[-94.5432560772227,36.0514404094066],[-94.547715,36.077271],[-94.547871,36.078281],[-94.5521649859981,36.1021279002748],[-94.5572280270755,36.1302457925349],[-94.5596915051255,36.1439268607574],[-94.561165,36.15211],[-94.562803,36.161749],[-94.5628276914512,36.1618934952038],[-94.565655,36.178439],[-94.5661775595238,36.1814270547262],[-94.566588,36.183774],[-94.571253,36.210901],[-94.5712671366042,36.2109737792265],[-94.571806,36.213748],[-94.574395,36.229996],[-94.57488,36.232741],[-94.575071,36.233682],[-94.576003,36.24007],[-94.577899,36.249548],[-94.577883,36.25008],[-94.5825881113667,36.2783033138119],[-94.5847308972077,36.2911566795471],[-94.5862,36.299969],[-94.5931029431401,36.3438717951024],[-94.593397,36.345742],[-94.599723,36.387587],[-94.601984,36.40212],[-94.602623,36.405283],[-94.605408,36.421949],[-94.611609,36.461528],[-94.612686104975,36.468666669623],[-94.61383,36.476248],[-94.615311,36.484992],[-94.617919,36.499414]]]}},{"type":"Feature","properties":{"STATEFP":"13","STUSPS":"GA","NAME":"Georgia"},"geometry":{"type":"Polygon","coordinates":[[[-85.605165,34.984678],[-85.5142012711736,34.9835571485758],[-85.4741053158651,34.9830630878201],[-85.466713,34.982972],[-85.384967,34.982987],[-85.3652390998717,34.9833506652057],[-85.3647577149925,34.9833595390813],[-85.363919,34.983375],[-85.3453656990581,34.9837083207743],[-85.3424738733792,34.983760274094],[-85.3274249646424,34.984030636437],[-85.308257,34.984375],[-85.3054619936306,34.984474821656],[-85.305457,34.984475],[-85.301488,34.984475],[-85.2946458897122,34.9846473256169],[-85.2945,34.984651],[-85.286906607921,34.9847961994236],[-85.277556,34.984975],[-85.275856,34.984975],[-85.2730202430754,34.9850012545776],[-85.265055,34.985075],[-85.254955,34.985175],[-85.2421827037588,34.9853725097357],[-85.235555,34.985475],[-85.2304104194756,34.985475],[-85.230354,34.985475],[-85.221854,34.985475],[-85.220554,34.985575],[-85.217854,34.985675],[-85.216554,34.985675],[-85.216540001526,34.9856751461552],[-85.2013615575317,34.985833621214],[-85.1956951984211,34.9858927825216],[-85.185905,34.985995],[-85.180553,34.986075],[-85.1752494260489,34.986106656111],[-85.1438855336063,34.9862938617334],[-85.1266971177727,34.9863964563998],[-85.0960883213421,34.9865791549852],[-85.0836083174295,34.9866536459593],[-85.0648372260983,34.9867656873407],[-85.045183,34.986883],[-85.045052,34.986859],[-84.97986,34.987647],[-84.9769733744412,34.9876687952914],[-84.955623,34.98783],[-84.94442,34.987864],[-84.943897982795,34.9878693079575],[-84.939306,34.987916],[-84.9307801715066,34.9879023354118],[-84.8865270634525,34.987831409695],[-84.861314,34.987791],[-84.858032,34.987746],[-84.831799,34.988004],[-84.82401,34.987707],[-84.820478,34.987913],[-84.817279,34.987753],[-84.810742,34.987615],[-84.8104769358134,34.9876071739714],[-84.809184,34.987569],[-84.808127,34.987592],[-84.7758524571709,34.9877996152421],[-84.731022,34.988088],[-84.727434,34.98802],[-84.624933,34.987978],[-84.621483,34.988329],[-84.5682403464334,34.9881768058865],[-84.509886,34.98801],[-84.509052,34.988033],[-84.394903,34.98803],[-84.393935,34.988068],[-84.3828895619546,34.9881201112443],[-84.321869,34.988408],[-84.261405591696,34.9881237829326],[-84.1811950059163,34.9877467413779],[-84.129555,34.987504],[-84.1294520756424,34.9875038108939],[-84.0967346193064,34.9874436980988],[-84.0911549550839,34.987433446409],[-84.029954,34.987321],[-84.021357,34.98743],[-84.0052593484451,34.9874404516631],[-83.9632700855174,34.9874677138777],[-83.936646,34.987485],[-83.936427258766,34.9874845938068],[-83.9224214646691,34.9874585856434],[-83.831097,34.987289],[-83.8001396483121,34.9874422542163],[-83.790893490234,34.9874880272761],[-83.7908631964688,34.9874881772452],[-83.749893,34.987691],[-83.619985,34.986592],[-83.620185,34.992091],[-83.549381,34.992492],[-83.4829524283476,34.9934833880904],[-83.4829517221393,34.9934833986299],[-83.3818328432647,34.9949925090885],[-83.3817917572378,34.9949931222614],[-83.3371106576176,34.9956599484316],[-83.322768,34.995874],[-83.2968581242502,34.9965751980759],[-83.19041,34.999456],[-83.108606,35.000659],[-83.105531,34.996344],[-83.1046,34.992783],[-83.10449,34.989332],[-83.106991,34.98272],[-83.110025,34.980635],[-83.112021,34.975896],[-83.120387,34.968406],[-83.121803,34.96362],[-83.12114,34.958966],[-83.124378,34.95524],[-83.127035,34.953778],[-83.126761,34.948742],[-83.12294,34.944513],[-83.121214,34.942684],[-83.120502,34.941262],[-83.121112,34.939129],[-83.122585,34.938062],[-83.125175,34.937047],[-83.12807,34.938113],[-83.129493,34.937402],[-83.130356,34.935167],[-83.129885,34.932351],[-83.130554,34.930932],[-83.140621,34.924915],[-83.143261,34.924756],[-83.149946,34.927218],[-83.153253,34.926342],[-83.155879,34.9243],[-83.158019,34.920117],[-83.160937,34.918269],[-83.165022,34.918853],[-83.168524,34.91788],[-83.170754,34.914231],[-83.174034,34.910911],[-83.178932,34.90825],[-83.180871,34.904708],[-83.186541,34.899534],[-83.190409,34.89794],[-83.194786,34.897843],[-83.197627,34.895046],[-83.203351,34.893717],[-83.204572,34.890284],[-83.201183,34.884653],[-83.205627,34.880142],[-83.209683,34.880279],[-83.213323,34.882796],[-83.220099,34.878124],[-83.22924,34.879907],[-83.232379,34.878051],[-83.23751,34.877057],[-83.239081,34.875661],[-83.238557,34.872868],[-83.238419,34.869771],[-83.240847,34.866736],[-83.245602,34.865522],[-83.247018,34.863094],[-83.24722,34.85844],[-83.250053,34.856012],[-83.252582,34.853483],[-83.253762,34.848057],[-83.254605,34.846402],[-83.255718,34.845592],[-83.258146,34.844985],[-83.25986,34.845629],[-83.262193,34.846402],[-83.26452,34.846402],[-83.267656,34.845289],[-83.269982,34.837196],[-83.267293,34.832748],[-83.268159,34.821393],[-83.271214,34.81844],[-83.275656,34.816862],[-83.283151,34.821328],[-83.284812,34.823043],[-83.289914,34.824477],[-83.29112,34.822508],[-83.291325,34.818833],[-83.294292,34.814725],[-83.297259,34.814268],[-83.299428,34.814268],[-83.301368,34.814154],[-83.302395,34.813241],[-83.302965,34.812214],[-83.302965,34.811073],[-83.301482,34.808677],[-83.301182,34.804008],[-83.303643,34.802403],[-83.313782,34.799911],[-83.323866,34.789712],[-83.3238289970818,34.7895611288823],[-83.319945,34.773725],[-83.321008,34.765371],[-83.320062,34.759616],[-83.338666,34.742295],[-83.348829,34.737194],[-83.353238,34.728648],[-83.3524926405687,34.7161214082301],[-83.352485,34.715993],[-83.351392,34.714456],[-83.350976,34.713243],[-83.349788,34.708274],[-83.347718,34.705474],[-83.347831,34.703669],[-83.349636,34.70096],[-83.349975,34.699155],[-83.349411,34.697575],[-83.347831,34.696108],[-83.344671,34.693512],[-83.342414,34.691255],[-83.340383,34.688998],[-83.339367,34.686967],[-83.339334815182,34.686666100518],[-83.339029,34.683807],[-83.33869,34.682002],[-83.336207,34.680534],[-83.330284,34.681342],[-83.325336,34.679517],[-83.321463,34.677543],[-83.31944,34.675974],[-83.318524,34.674773],[-83.316401,34.669316],[-83.314394,34.668944],[-83.308917,34.670273],[-83.304641,34.669561],[-83.301477,34.666582],[-83.300848,34.66247],[-83.292883,34.654196],[-83.286583,34.650896],[-83.2802867106878,34.6464835592817],[-83.27796,34.644853],[-83.271982,34.641896],[-83.262282,34.640296],[-83.255281,34.637696],[-83.248281,34.631696],[-83.244581,34.626297],[-83.240669,34.624507],[-83.240676,34.624307],[-83.243381,34.617997],[-83.2388580391963,34.6153848254129],[-83.23178,34.611297],[-83.2271338234494,34.6106926120309],[-83.221402,34.609947],[-83.211598,34.610905],[-83.199779,34.608398],[-83.196979,34.605998],[-83.1888933848013,34.6069301045571],[-83.179439,34.60802],[-83.173428,34.607162],[-83.1730868769301,34.6069913391281],[-83.169994,34.605444],[-83.169572,34.603866],[-83.169994,34.60201],[-83.170978,34.598798],[-83.170278,34.592398],[-83.168278,34.590998],[-83.154577,34.588198],[-83.152577,34.578299],[-83.139876,34.567999],[-83.1381784266798,34.5669504988316],[-83.129676,34.561699],[-83.127176,34.561999],[-83.122901,34.560129],[-83.103987,34.540166],[-83.1035628109401,34.5366302194271],[-83.103176,34.533406],[-83.102179,34.532179],[-83.096858,34.531524],[-83.092564,34.532944],[-83.087789,34.532078],[-83.084855,34.530967],[-83.078113,34.524837],[-83.077995,34.523746],[-83.086861,34.517798],[-83.087189,34.515939],[-83.069451,34.502131],[-83.065515,34.501126],[-83.057843,34.503711],[-83.054463,34.50289],[-83.0494672080646,34.495092874783],[-83.048289,34.493254],[-83.043771,34.488816],[-83.034712,34.483495],[-83.032513,34.483032],[-83.029315,34.484147],[-83.0285774188715,34.483811202294],[-83.002924,34.472132],[-82.9990547221144,34.4723053618251],[-82.99509,34.472483],[-82.995279,34.475648],[-82.992671,34.479072],[-82.9922154353933,34.4791982077022],[-82.979568,34.482702],[-82.960668,34.482002],[-82.954667,34.477302],[-82.947367,34.479602],[-82.940867,34.486102],[-82.928466,34.484202],[-82.925766,34.481802],[-82.922866,34.481402],[-82.908365,34.485402],[-82.902665,34.485902],[-82.882864,34.479003],[-82.876864,34.475303],[-82.873831,34.471508],[-82.874864,34.468891],[-82.875864,34.468003],[-82.876464,34.465803],[-82.875463,34.463503],[-82.865345,34.460319],[-82.862156,34.458748],[-82.860707,34.457428],[-82.860874,34.451469],[-82.860127,34.449707],[-82.855762,34.443977],[-82.8555135670338,34.4417878715586],[-82.854434,34.432275],[-82.851367,34.426812],[-82.848651,34.423844],[-82.8484952603989,34.4232580968799],[-82.847781,34.420571],[-82.847446,34.412049],[-82.841997,34.399766],[-82.8418649796327,34.3992871064472],[-82.841326,34.397332],[-82.841997,34.392503],[-82.841524,34.39013],[-82.836611,34.382676],[-82.835203,34.373899],[-82.835413,34.369177],[-82.8351696247435,34.3673275860702],[-82.835004,34.366069],[-82.833702,34.364242],[-82.8332805100878,34.3640218676494],[-82.82342,34.358872],[-82.809949,34.349998],[-82.798198,34.341317],[-82.795223,34.34096],[-82.794054,34.339772],[-82.791235,34.331048],[-82.791608,34.327428],[-82.7911851736109,34.3248739178552],[-82.790966,34.32355],[-82.78684,34.310381],[-82.781752,34.302901],[-82.780308,34.296701],[-82.7737024263561,34.2887440302129],[-82.770928,34.285402],[-82.765266,34.281539],[-82.762945,34.28199],[-82.761995,34.281492],[-82.755028,34.276067],[-82.749856,34.27087],[-82.746656,34.266407],[-82.748656,34.264107],[-82.748756,34.263407],[-82.744056,34.252407],[-82.744982,34.244861],[-82.744834,34.242957],[-82.74198,34.230196],[-82.743461,34.227343],[-82.744415,34.224913],[-82.740447,34.219679],[-82.740544,34.218387],[-82.74238,34.213766],[-82.7421244542381,34.2117088566164],[-82.74192,34.210063],[-82.732761,34.195338],[-82.731975,34.193154],[-82.732359,34.180564],[-82.731881,34.178363],[-82.730824,34.175906],[-82.725409,34.169774],[-82.723312,34.165895],[-82.7211539570055,34.1601733049563],[-82.717507,34.150504],[-82.715373,34.148165],[-82.70414,34.141007],[-82.699758,34.139318],[-82.69553,34.138815],[-82.692152,34.138986],[-82.690386,34.138293],[-82.68629,34.134454],[-82.67732,34.131657],[-82.67522,34.129779],[-82.668113,34.12016],[-82.666879,34.113591],[-82.661851,34.107754],[-82.660322,34.106897],[-82.659077,34.103544],[-82.658561,34.103118],[-82.654019,34.100346],[-82.652175,34.099704],[-82.648184,34.098649],[-82.647028,34.097825],[-82.641553,34.092212],[-82.64103,34.090861],[-82.641252,34.088914],[-82.640701,34.088341],[-82.640151,34.087609],[-82.640345,34.086304],[-82.642797,34.081312],[-82.64522,34.079046],[-82.6455437299794,34.0768437552419],[-82.645661,34.076046],[-82.64398,34.072237],[-82.640543,34.067595],[-82.635991,34.064941],[-82.633565,34.064822],[-82.630972,34.065528],[-82.626963,34.063457],[-82.622155,34.058516],[-82.621255,34.056916],[-82.620955,34.054416],[-82.619155,34.051316],[-82.613355,34.046816],[-82.609655,34.039917],[-82.603055,34.034817],[-82.596155,34.030517],[-82.594555,34.028717],[-82.594055,34.025917],[-82.595855,34.018518],[-82.595655,34.016118],[-82.5944878368938,34.0139372478806],[-82.591855,34.009018],[-82.589245,34.000118],[-82.586234,33.997151],[-82.583394,33.995286],[-82.577735,33.993743],[-82.576222,33.993106],[-82.57554,33.992049],[-82.575351,33.990904],[-82.57633,33.989694],[-82.578244,33.988671],[-82.579996,33.987011],[-82.580571,33.98514],[-82.580551,33.982463],[-82.579576,33.979761],[-82.57754,33.977034],[-82.574724,33.974113],[-82.569864,33.970684],[-82.568288,33.968772],[-82.566145,33.9639],[-82.5657,33.958682],[-82.564582,33.95581],[-82.5645307378126,33.9557408056418],[-82.556835,33.945353],[-82.554497,33.943819],[-82.543128,33.940949],[-82.53977,33.941551],[-82.534111,33.943651],[-82.526741,33.943765],[-82.524515,33.94336],[-82.51295,33.936969],[-82.50764,33.931456],[-82.503584,33.926048],[-82.496109,33.913459],[-82.492929,33.909754],[-82.480111,33.901897],[-82.469913,33.892838],[-82.459391,33.886386],[-82.455105,33.88165],[-82.448109,33.877543],[-82.440503,33.875123],[-82.438644,33.873919],[-82.43115,33.867051],[-82.429164,33.865844],[-82.422803,33.863754],[-82.417871,33.864233],[-82.414259,33.865348],[-82.408354,33.86632],[-82.403881,33.865477],[-82.400517,33.863343],[-82.395736,33.859089],[-82.390527,33.857162],[-82.384973,33.854428],[-82.37975,33.851086],[-82.374286,33.84559],[-82.371775,33.843813],[-82.369107,33.842375],[-82.3581928034975,33.838609583199],[-82.3563300030289,33.8379669137932],[-82.351881,33.836432],[-82.346933,33.834298],[-82.337829,33.827156],[-82.32448,33.820033],[-82.3163272781522,33.8128853394032],[-82.314746,33.811499],[-82.313339,33.809205],[-82.308997,33.805892],[-82.302885,33.802907],[-82.300213,33.800627],[-82.29928,33.798939],[-82.298923,33.795839],[-82.299601,33.786483],[-82.299393,33.785037],[-82.298286,33.783518],[-82.294984,33.781868],[-82.292468,33.782406],[-82.289762,33.782032],[-82.285804,33.780058],[-82.28106,33.776056],[-82.277681,33.772032],[-82.270445,33.767913],[-82.267719,33.767651],[-82.266127,33.766745],[-82.265019,33.765742],[-82.26438,33.763481],[-82.263206,33.761962],[-82.259471,33.760245],[-82.258049,33.760429],[-82.255267,33.75969],[-82.247472,33.752591],[-82.246161,33.746347],[-82.240405,33.734901],[-82.239098,33.730872],[-82.235753,33.71439],[-82.237192,33.70788],[-82.234576,33.700216],[-82.222709,33.689124],[-82.218649,33.686299],[-82.216868,33.6844],[-82.212047,33.677317],[-82.209677,33.67176],[-82.208411,33.669872],[-82.200718,33.66464],[-82.199847,33.661758],[-82.199747,33.657611],[-82.201186,33.646898],[-82.196583,33.630582],[-82.186154,33.62088],[-82.179854,33.615945],[-82.174351,33.613117],[-82.1641411027551,33.6110870003388],[-82.161908,33.610643],[-82.158331,33.60971],[-82.156288,33.60863],[-82.153357,33.606319],[-82.15106,33.600956],[-82.148816,33.598092],[-82.142872,33.594278],[-82.133523,33.590535],[-82.12908,33.589925],[-82.125864,33.590741],[-82.1232210073782,33.5927400073782],[-82.120385,33.594885],[-82.116545,33.596485],[-82.115318492498,33.5965014241484],[-82.109376,33.596581],[-82.10624,33.595637],[-82.098816,33.586358],[-82.096352,33.58407],[-82.094128,33.582742],[-82.087488,33.580614],[-82.0760685882146,33.5781497442866],[-82.073104,33.57751],[-82.069039,33.575382],[-82.057727,33.566774],[-82.054943,33.565382],[-82.048959,33.56487],[-82.046335,33.56383],[-82.037375,33.554662],[-82.0364949169577,33.5527087834417],[-82.034895,33.549158],[-82.033023,33.546454],[-82.028238,33.544934],[-82.023438,33.540734],[-82.023438,33.537935],[-82.019838,33.535035],[-82.0124735862371,33.5321069800702],[-82.011538,33.531735],[-82.010038,33.530435],[-82.007638,33.523335],[-82.007138,33.522835],[-82.004338,33.521935],[-82.001338,33.520135],[-81.991938,33.504435],[-81.990382,33.500759],[-81.9906090848967,33.4980944282989],[-81.990938,33.494235],[-81.989338,33.490036],[-81.985938,33.486536],[-81.9817263359971,33.4845497408023],[-81.980637,33.484036],[-81.973537,33.482636],[-81.967037,33.480636],[-81.9554095205317,33.4756130417578],[-81.9554034562685,33.475610422055],[-81.946437,33.471737],[-81.941737,33.470037],[-81.934136,33.468337],[-81.929436,33.465837],[-81.926336,33.462937],[-81.920836,33.452038],[-81.913532,33.441274],[-81.913457,33.439641],[-81.913356,33.437418],[-81.9145045213969,33.435701598579],[-81.916236,33.433114],[-81.920716,33.430986],[-81.924981,33.429288],[-81.926789,33.426576],[-81.927241,33.422846],[-81.924893,33.419307],[-81.921068,33.417419],[-81.91933,33.415613],[-81.919217,33.413126],[-81.920121,33.410753],[-81.92306,33.408266],[-81.930519,33.406797],[-81.934927,33.406006],[-81.936961,33.404197],[-81.9373,33.401259],[-81.935453,33.397851],[-81.930861,33.380076],[-81.924837,33.37414],[-81.925737,33.37114],[-81.930634,33.368165],[-81.934637,33.36894],[-81.939637,33.37254],[-81.943737,33.37234],[-81.946337,33.37064],[-81.946737,33.36734],[-81.944737,33.364041],[-81.934837,33.356041],[-81.935637,33.352041],[-81.939837,33.347741],[-81.939737,33.344941],[-81.937237,33.343641],[-81.932737,33.343541],[-81.924737,33.345341],[-81.917973,33.34159],[-81.919137,33.334442],[-81.918337,33.332842],[-81.913314,33.329532],[-81.911266,33.327616],[-81.910342,33.32537],[-81.909285,33.324181],[-81.906444,33.324181],[-81.904132,33.327286],[-81.902613,33.330258],[-81.900301,33.331117],[-81.898187,33.329664],[-81.896937,33.327642],[-81.897064,33.324445],[-81.897329,33.322331],[-81.886637,33.316943],[-81.884137,33.310443],[-81.875836,33.307443],[-81.870436,33.312943],[-81.867936,33.314043],[-81.8662043597159,33.3135923904413],[-81.853652,33.310326],[-81.847296,33.306783],[-81.846136,33.303843],[-81.849636,33.299544],[-81.851636,33.298544],[-81.852936,33.299644],[-81.857336,33.299544],[-81.861536,33.297944],[-81.863236,33.288844],[-81.861336,33.286244],[-81.851836,33.283544],[-81.844036,33.278644],[-81.838257,33.272975],[-81.838337,33.269098],[-81.840078,33.26704],[-81.842522,33.266584],[-81.847336,33.266345],[-81.853137,33.250745],[-81.852136,33.247544],[-81.851979119203,33.2473815723462],[-81.846536,33.241746],[-81.837016,33.237652],[-81.831736,33.233546],[-81.8315651013874,33.2333301280683],[-81.827936,33.228746],[-81.819636,33.226646],[-81.811736,33.223847],[-81.809636,33.222647],[-81.808136,33.219447],[-81.807936,33.213747],[-81.807336,33.212647],[-81.805236,33.211447],[-81.790236,33.208447],[-81.784535,33.208147],[-81.778935,33.209847],[-81.777535,33.211347],[-81.777335,33.214947],[-81.781035,33.219847],[-81.780135,33.221147],[-81.778435,33.221847],[-81.774035,33.221147],[-81.768935,33.217447],[-81.767635,33.215747],[-81.763535,33.203648],[-81.761635,33.201748],[-81.758235,33.200248],[-81.7570833221477,33.1981218255034],[-81.756935,33.197848],[-81.760635,33.189248],[-81.762835,33.188248],[-81.765735,33.187948],[-81.772435,33.181249],[-81.772435,33.180449],[-81.766735,33.170749],[-81.764435,33.165549],[-81.763135,33.159449],[-81.755135,33.15155],[-81.743835,33.14145],[-81.724334,33.129451],[-81.72067688,33.12670816],[-81.717134,33.124051],[-81.704634,33.116451],[-81.703134,33.116151],[-81.699834,33.116751],[-81.696934,33.116551],[-81.683533,33.112651],[-81.658433,33.103152],[-81.646433,33.094552],[-81.642333,33.093152],[-81.637232,33.092952],[-81.632232,33.093952],[-81.617779,33.095277],[-81.615132,33.095036],[-81.6142984780503,33.0946609670663],[-81.612725,33.093953],[-81.6108,33.09263],[-81.609476,33.089862],[-81.609533,33.086877],[-81.609837,33.084929],[-81.610078,33.082883],[-81.609837,33.082161],[-81.608995,33.0818],[-81.606836,33.081717],[-81.603587,33.084578],[-81.601655,33.084688],[-81.600211,33.083966],[-81.598165,33.081078],[-81.598286,33.079153],[-81.599369,33.076867],[-81.600211,33.075182],[-81.600091,33.073497],[-81.599248,33.071813],[-81.594555,33.069887],[-81.592645,33.06991],[-81.590705,33.071211],[-81.588539,33.07085],[-81.583804,33.067021],[-81.580994,33.062697],[-81.578332,33.058936],[-81.57288,33.05418],[-81.568925,33.053523],[-81.566759,33.053763],[-81.564714,33.054726],[-81.56327,33.055568],[-81.562548,33.055568],[-81.562066,33.055568],[-81.561344,33.055568],[-81.560502,33.055207],[-81.559179,33.054124],[-81.558938,33.052921],[-81.559173,33.051765],[-81.55966,33.04907],[-81.559179,33.047386],[-81.558336,33.046183],[-81.557013,33.0451],[-81.553643,33.044137],[-81.551838,33.044739],[-81.546785,33.047145],[-81.544258,33.046905],[-81.542509768548,33.0452536234761],[-81.542092,33.044859],[-81.540081,33.040613],[-81.538789,33.039185],[-81.519632,33.029181],[-81.513231,33.028546],[-81.511245,33.027786],[-81.50203,33.015113],[-81.492253,33.009342],[-81.491419,33.008078],[-81.491197,32.997824],[-81.491457,32.995437],[-81.494736,32.978998],[-81.499471,32.96478],[-81.49983,32.963816],[-81.501369,32.962914],[-81.503346,32.96295],[-81.505256,32.963019],[-81.506449,32.962423],[-81.507144,32.96133],[-81.507442,32.960237],[-81.507741,32.959243],[-81.508436,32.958349],[-81.508536,32.957156],[-81.508436,32.955765],[-81.508138,32.953976],[-81.507045,32.951194],[-81.504016,32.948091],[-81.499446,32.944988],[-81.499566,32.943722],[-81.502716,32.938688],[-81.502427,32.935353],[-81.499829,32.932614],[-81.495092,32.931596],[-81.483198,32.921802],[-81.480008,32.913444],[-81.479184,32.905638],[-81.468978,32.901083],[-81.465924,32.899889],[-81.464069,32.897814],[-81.464655,32.895999],[-81.470836,32.890521],[-81.471703,32.890439],[-81.4771,32.887469],[-81.479445,32.881082],[-81.475918,32.877641],[-81.470376,32.876267],[-81.468042,32.876675],[-81.45392,32.874074],[-81.452883,32.872964],[-81.4524560750247,32.87174313948],[-81.451351,32.868583],[-81.453017,32.859636],[-81.455978,32.854107],[-81.453949,32.849761],[-81.452573,32.84795],[-81.451199,32.847925],[-81.449396,32.849126],[-81.444866,32.850967],[-81.443595,32.850628],[-81.442671,32.850107],[-81.426475,32.840773],[-81.421614,32.835178],[-81.42062,32.831223],[-81.417984,32.818196],[-81.418497,32.815664],[-81.419752,32.813731],[-81.423772,32.810514],[-81.424874,32.801882],[-81.425234,32.79419],[-81.424999,32.790334],[-81.428031,32.787618],[-81.429017,32.785505],[-81.4285884267211,32.7840469985755],[-81.428313,32.78311],[-81.426481,32.78142],[-81.424227,32.780152],[-81.422114,32.779306],[-81.421128,32.778039],[-81.420987,32.776912],[-81.421128,32.775926],[-81.421269,32.774658],[-81.422678,32.773249],[-81.424714,32.772648],[-81.425636,32.77184],[-81.426059,32.771136],[-81.426481,32.770291],[-81.426481,32.769023],[-81.426199,32.768319],[-81.425017,32.768058],[-81.422396,32.767051],[-81.420142,32.765501],[-81.417606,32.762684],[-81.416479,32.760289],[-81.415212,32.757753],[-81.416479,32.754654],[-81.416761,32.752259],[-81.416198,32.750428],[-81.415353,32.748879],[-81.412817,32.748174],[-81.411408,32.747329],[-81.410563,32.74592],[-81.410281,32.744653],[-81.410563,32.743244],[-81.410845,32.741694],[-81.411549,32.740145],[-81.41267,32.739083],[-81.418542,32.732586],[-81.420516,32.720238],[-81.421194,32.711978],[-81.427517,32.701896],[-81.426735,32.700867],[-81.4131,32.692648],[-81.411609,32.693145],[-81.411157,32.693959],[-81.41075,32.694772],[-81.409982,32.695179],[-81.409349,32.695269],[-81.40831,32.694908],[-81.401256,32.680156],[-81.4012324786746,32.6798801684225],[-81.401029,32.677494],[-81.404287,32.667798],[-81.4065801972456,32.6626623658125],[-81.406646,32.662515],[-81.4073,32.66156],[-81.407193,32.660519],[-81.405273,32.656517],[-81.398314,32.656307],[-81.393818,32.653491],[-81.393033,32.651543],[-81.394589,32.64957],[-81.403582,32.643398],[-81.405109,32.64269],[-81.404238,32.638258],[-81.402735,32.637032],[-81.402846,32.63621],[-81.407271,32.631737],[-81.40933,32.631096],[-81.41026,32.631392],[-81.411523,32.632907],[-81.413411,32.637368],[-81.414761,32.63744],[-81.417014,32.636147],[-81.418431,32.634704],[-81.41866,32.629392],[-81.411906,32.61841],[-81.404714,32.611207],[-81.397106,32.605587],[-81.393865,32.60234],[-81.389338,32.595436],[-81.3892612409816,32.5953827593042],[-81.380999,32.589652],[-81.379216,32.589022],[-81.376237,32.589217],[-81.373178,32.592115],[-81.37157,32.592018],[-81.369757,32.591231],[-81.368982,32.590025],[-81.368386,32.584221],[-81.366964,32.577059],[-81.328753,32.561228],[-81.320588,32.559534],[-81.309009,32.56097],[-81.300593,32.562843],[-81.297955,32.563026],[-81.29676,32.562648],[-81.281324,32.556464],[-81.2812975973478,32.556440280647],[-81.279238,32.55459],[-81.275213,32.545202],[-81.274927,32.544158],[-81.274802,32.541143],[-81.276242,32.538558],[-81.277131,32.535417],[-81.2625722468333,32.5251582093134],[-81.252882,32.51833],[-81.249827,32.517541],[-81.247874,32.518231],[-81.24501,32.518317],[-81.237095,32.517314],[-81.23466,32.51627],[-81.234023,32.513778],[-81.234834,32.512271],[-81.236707,32.511402],[-81.238411,32.510192],[-81.238728,32.508896],[-81.238281,32.505988],[-81.233585,32.498488],[-81.227528,32.493884],[-81.212428,32.478685],[-81.200029,32.467985],[-81.194829,32.465086],[-81.192429,32.464786],[-81.189229,32.465586],[-81.188129,32.465386],[-81.186829,32.464086],[-81.187329,32.462886],[-81.192629,32.456286],[-81.197529,32.452086],[-81.200908,32.451593],[-81.202359,32.450448],[-81.203046,32.448844],[-81.203046,32.447164],[-81.202206,32.445484],[-81.201137,32.444033],[-81.201137,32.442964],[-81.201595,32.44136],[-81.202588,32.439833],[-81.20453,32.438687],[-81.207246,32.437542],[-81.20843,32.435987],[-81.20513,32.423788],[-81.194931,32.411489],[-81.189731,32.407289],[-81.180931,32.39649],[-81.177231,32.39169],[-81.178131,32.38459],[-81.181072,32.380398],[-81.1802586580644,32.3795668795168],[-81.173432,32.372591],[-81.169332,32.369436],[-81.168722,32.367544],[-81.169332,32.365591],[-81.170553,32.363821],[-81.170858,32.362722],[-81.170126,32.361318],[-81.161732,32.356092],[-81.155032,32.350093],[-81.154974,32.348794],[-81.155136,32.34717],[-81.154812,32.346412],[-81.154433,32.346087],[-81.154,32.345924],[-81.153296,32.345816],[-81.152105,32.345816],[-81.150589,32.34587],[-81.149073,32.346682],[-81.148477,32.347549],[-81.147632,32.349393],[-81.144032,32.351093],[-81.1439190087336,32.3510779344978],[-81.142532,32.350893],[-81.140932,32.349393],[-81.133632,32.341293],[-81.133032,32.334794],[-81.137032,32.329994],[-81.137633,32.328194],[-81.135733,32.324594],[-81.125433,32.309295],[-81.123933,32.308695],[-81.122933,32.307295],[-81.122333,32.305395],[-81.119833,32.289596],[-81.119633,32.287596],[-81.121433,32.284496],[-81.128034,32.276297],[-81.130834,32.274597],[-81.136534,32.272697],[-81.145834,32.263397],[-81.148334,32.255098],[-81.155595,32.246022],[-81.156587,32.24391],[-81.155995,32.241478],[-81.153531,32.237687],[-81.1484983815839,32.2299598580208],[-81.146530388013,32.226938177361],[-81.143139,32.221731],[-81.136727,32.213669],[-81.136012,32.212858],[-81.128283,32.208634],[-81.12315,32.201329],[-81.118234,32.189201],[-81.117934,32.185301],[-81.119834,32.181202],[-81.120434,32.178702],[-81.119361,32.177142],[-81.119434,32.175402],[-81.121134,32.174902],[-81.124492,32.17212],[-81.128134,32.169102],[-81.129402,32.166922],[-81.129634,32.165602],[-81.128434,32.164402],[-81.123134,32.162902],[-81.122034,32.161803],[-81.120034,32.153303],[-81.118334,32.144403],[-81.119134,32.142104],[-81.119994,32.134268],[-81.1194621632529,32.1310571319867],[-81.117234,32.117605],[-81.113334,32.113205],[-81.111134,32.112005],[-81.100458,32.111181],[-81.093386,32.11123],[-81.091498,32.110782],[-81.090874,32.10699],[-81.088234,32.10395],[-81.0875706967497,32.1035017609435],[-81.083546,32.100782],[-81.066906,32.090351],[-81.060442,32.087503],[-81.050234,32.085308],[-81.038265,32.084469],[-81.032674,32.08545],[-81.021622,32.090897],[-81.0200974360579,32.0926698182523],[-81.016009,32.097424],[-81.011961,32.100176],[-81.006745,32.101152],[-81.002297,32.100048],[-80.999833,32.099014],[-80.994333,32.094608],[-80.991733,32.091208],[-80.987733,32.084209],[-80.983133,32.079609],[-80.978833,32.077309],[-80.959402,32.071259],[-80.954482,32.068622],[-80.943226,32.057824],[-80.933557,32.047554],[-80.926753,32.041672],[-80.922794,32.039151],[-80.917845,32.037575],[-80.891933,32.033884],[-80.884586,32.027746],[-80.8798487006228,32.0194319006111],[-80.879814,32.019371],[-80.867212,32.018823],[-80.852276,32.026676],[-80.84313,32.024226],[-80.8407378703839,32.0122514495778],[-80.840549,32.011306],[-80.841913,32.002643],[-80.848441,31.988279],[-80.8498636791917,31.9864049594283],[-80.8509036656018,31.9850350253364],[-80.8516425278325,31.9840617505425],[-80.862814,31.969346],[-80.882814,31.959075],[-80.897687,31.949065],[-80.911207,31.943769],[-80.929101,31.944964],[-80.930279,31.956705],[-80.941145711549,31.9570182562905],[-80.942941781038,31.9570700318496],[-80.948491,31.95723],[-80.972392,31.94127],[-80.9737559997699,31.9340155906276],[-80.9747307101335,31.9288316102831],[-80.975714,31.923602],[-80.968494,31.915822],[-80.954469,31.911768],[-80.941359,31.912984],[-80.934508,31.90918],[-80.947294,31.89621],[-80.971434,31.877941],[-80.99269,31.857641],[-81.000317,31.856744],[-81.014478,31.867474],[-81.041548,31.876198],[-81.065255,31.877095],[-81.0611942207306,31.8653352661914],[-81.058596,31.857811],[-81.05907,31.850106],[-81.06279,31.84474],[-81.076178,31.836132],[-81.075812,31.829031],[-81.057181,31.822687],[-81.050946,31.822383],[-81.04794,31.824881],[-81.039808,31.823],[-81.036958,31.819558],[-81.036873,31.812721],[-81.047345,31.802865],[-81.068116,31.768735],[-81.077057,31.761256],[-81.097402,31.753126],[-81.130634,31.722692],[-81.138448,31.720934],[-81.154686330339,31.7262025789643],[-81.16067,31.728144],[-81.192784,31.733245],[-81.198394185031,31.7260700164189],[-81.203572,31.719448],[-81.186303,31.701509],[-81.161084,31.691401],[-81.154624,31.693874],[-81.151888,31.698411],[-81.149369,31.699304],[-81.139394,31.699917],[-81.131137,31.695774],[-81.135608,31.683491],[-81.136408,31.674832],[-81.131728,31.654484],[-81.133493,31.623348],[-81.14997,31.593476],[-81.160364,31.570436],[-81.173079,31.555908],[-81.178822,31.55553],[-81.183252,31.560058],[-81.186114,31.568032],[-81.1891019471852,31.5680567887492],[-81.1940234981324,31.5680976191538],[-81.1943802746182,31.5681005790598],[-81.204315,31.568183],[-81.214536,31.557601],[-81.240699,31.552313],[-81.254218,31.55594],[-81.260076,31.54828],[-81.262602334849,31.5379206415605],[-81.263905,31.532579],[-81.263437,31.530932],[-81.258809,31.52906],[-81.2550879591796,31.5288982670885],[-81.2413604489203,31.5283016087047],[-81.217948,31.527284],[-81.213519,31.528152],[-81.199518,31.537596],[-81.193016,31.535833],[-81.181592,31.527697],[-81.17831,31.52241],[-81.177254,31.517074],[-81.189643,31.503588],[-81.204883,31.473124],[-81.246911,31.422784],[-81.258616,31.404425],[-81.2770926961662,31.3703581909107],[-81.278798,31.367214],[-81.279338,31.351127],[-81.282923,31.326491],[-81.274513,31.326237],[-81.268027,31.324218],[-81.25482,31.315452],[-81.260958,31.30391],[-81.2699059255329,31.2944889357972],[-81.274688,31.289454],[-81.276862,31.254734],[-81.282842,31.24433],[-81.289136,31.225487],[-81.2885746909123,31.2144430714016],[-81.288403,31.211065],[-81.293359,31.206332],[-81.304957,31.206173],[-81.314183,31.207938],[-81.339028,31.186918],[-81.3479086475676,31.1758737730162],[-81.35488,31.167204],[-81.360791,31.155903],[-81.359349,31.149166],[-81.3602698887054,31.1478577829367],[-81.368241,31.136534],[-81.38683,31.133214],[-81.3993131107354,31.1340875359657],[-81.399677,31.134113],[-81.4007780590796,31.130139355616],[-81.402096,31.125383],[-81.403732,31.107115],[-81.401209,31.086143],[-81.401267,31.072781],[-81.415123,31.026718],[-81.420474,31.016703],[-81.424732,31.013678],[-81.432475,31.012991],[-81.43471,31.014641],[-81.434923,31.017804],[-81.4431497861428,31.0166641710864],[-81.451444,31.015515],[-81.457795,31.010259],[-81.45924,31.005692],[-81.469298,30.996028],[-81.490586,30.984952],[-81.493651,30.977528],[-81.4901828990314,30.9734160825315],[-81.486966,30.969602],[-81.475789,30.965976],[-81.472321,30.969899],[-81.466814,30.97091],[-81.453568,30.965573],[-81.447388,30.956732],[-81.4365471221365,30.95667000368],[-81.426929,30.956615],[-81.420108,30.974076],[-81.415825,30.977192],[-81.408484,30.977718],[-81.403409,30.957914],[-81.405153,30.908203],[-81.428577,30.836336],[-81.430835,30.831156],[-81.44013,30.821369],[-81.446927,30.81039],[-81.455287,30.79093],[-81.460061,30.769912],[-81.461065,30.753684],[-81.45947,30.741979],[-81.449375,30.715601],[-81.444124,30.709714],[-81.448718,30.709353],[-81.459979,30.710434],[-81.464466,30.711045],[-81.4653858893509,30.7113014423461],[-81.472598,30.713312],[-81.475755,30.714754],[-81.483788,30.723891],[-81.487334,30.726081],[-81.489539,30.7261],[-81.507218,30.722936],[-81.516119,30.722236],[-81.52142,30.722536],[-81.528281,30.723359],[-81.530534,30.722858],[-81.532788,30.721606],[-81.53404,30.719853],[-81.53452,30.717936],[-81.535542,30.716348],[-81.537671,30.714345],[-81.539298,30.713468],[-81.540927,30.713343],[-81.542679,30.713593],[-81.544683,30.713969],[-81.546936,30.714345],[-81.54919,30.715972],[-81.55257,30.716974],[-81.56171,30.715597],[-81.566223,30.717836],[-81.5668832268409,30.7183183806951],[-81.571424,30.721636],[-81.5724397848579,30.7219451519133],[-81.573724,30.722336],[-81.586825,30.723735],[-81.593654,30.725459],[-81.601212,30.728141],[-81.604016,30.727287],[-81.605722,30.725337],[-81.607673,30.721924],[-81.609501,30.720705],[-81.617669,30.722046],[-81.619619,30.724849],[-81.620829,30.729535],[-81.621936,30.731188],[-81.625105,30.733017],[-81.629616,30.732407],[-81.633273,30.729603],[-81.646144,30.727591],[-81.649196,30.728686],[-81.650448,30.729703],[-81.651778,30.732284],[-81.652169,30.735648],[-81.651731,30.740235],[-81.652131,30.742436],[-81.6545180566719,30.7438829302325],[-81.654542677328,30.7438978542065],[-81.656549,30.745114],[-81.662181,30.746522],[-81.664606,30.7466],[-81.667344,30.745661],[-81.668283,30.744644],[-81.669332,30.741335],[-81.670132,30.740235],[-81.672832,30.738935],[-81.688934,30.741434],[-81.690999,30.742841],[-81.691827,30.743991],[-81.692824,30.747101],[-81.694787,30.748415],[-81.7114882881451,30.7459041622077],[-81.719937,30.744634],[-81.727137,30.746935],[-81.732238,30.749635],[-81.742747,30.759202],[-81.743105,30.759913],[-81.743449,30.762272],[-81.744194,30.763869],[-81.745046,30.76504],[-81.746323,30.765892],[-81.747583,30.766456],[-81.751294,30.767083],[-81.755086,30.76832],[-81.7583304080093,30.7706467822918],[-81.75935,30.771378],[-81.763384,30.773821],[-81.768204,30.773955],[-81.77048,30.772482],[-81.772623,30.769536],[-81.775033,30.768331],[-81.779183,30.768063],[-81.782666,30.769938],[-81.784363,30.773591],[-81.792782,30.784434],[-81.806666,30.789685],[-81.808543,30.790016],[-81.827028,30.788935],[-81.84039,30.786386],[-81.842073,30.787122],[-81.8435558560958,30.7883242778374],[-81.846301,30.79055],[-81.852641,30.794441],[-81.868624,30.792756],[-81.876898,30.799518],[-81.882741,30.805126],[-81.891298,30.815948],[-81.892921,30.819271],[-81.895737,30.821101],[-81.899397,30.821665],[-81.902354,30.82082],[-81.903762,30.818989],[-81.906296,30.817018],[-81.910943,30.815891],[-81.924466,30.817568],[-81.934673,30.820427],[-81.935462,30.821134],[-81.9384,30.825748],[-81.943187,30.827437],[-81.949806,30.827496],[-81.959778,30.821171],[-81.9620624871704,30.8181754472865],[-81.962194,30.818003],[-81.962758,30.813638],[-81.96246,30.808443],[-81.962008,30.800445],[-81.962553,30.796528],[-81.973876,30.778488],[-81.9788814075052,30.7764954535349],[-81.979081,30.776416],[-81.981293,30.776768],[-81.988625,30.780057],[-81.990875,30.781612],[-81.994992,30.786074],[-82.004994,30.791745],[-82.007886,30.792938],[-82.0166767397352,30.7917130765446],[-82.017072,30.791658],[-82.022887,30.787992],[-82.023869,30.786686],[-82.024056,30.783157],[-82.017902,30.775845],[-82.011618,30.763122],[-82.012681,30.761289],[-82.017938,30.755263],[-82.028421,30.750981],[-82.032667,30.750674],[-82.035986,30.750998],[-82.038989,30.749262],[-82.039656,30.747727],[-82.040048,30.737547],[-82.04119,30.734247],[-82.043817,30.72964],[-82.041032,30.725079],[-82.039176,30.723177],[-82.037585,30.718639],[-82.036448,30.706583],[-82.041834,30.692374],[-82.050454,30.676263],[-82.049529,30.655544],[-82.046136,30.651763],[-82.042293,30.649448],[-82.039616,30.643305],[-82.039113,30.641128],[-82.039962,30.63714],[-82.03763,30.633266],[-82.033948,30.629598],[-82.02852,30.621824],[-82.026562,30.613298],[-82.027359,30.60672],[-82.026962,30.606147],[-82.0204488878846,30.6038578335711],[-82.016523,30.602478],[-82.015728,30.601698],[-82.012129,30.593767],[-82.008111,30.577011],[-82.005497,30.563488],[-82.013236,30.550083],[-82.018381,30.531176],[-82.018888,30.523819],[-82.0176988330505,30.5209885547049],[-82.01701,30.519349],[-82.015846,30.518157],[-82.01479,30.513],[-82.015912,30.495489],[-82.018242,30.492075],[-82.017317,30.487628],[-82.017002,30.478769],[-82.017799,30.475071],[-82.023754,30.467278],[-82.025477,30.457744],[-82.028232,30.447385],[-82.030084,30.444842],[-82.036224,30.438448],[-82.03723,30.434506],[-82.034484,30.428036],[-82.034025,30.422345],[-82.039992,30.414267],[-82.041185,30.409953],[-82.042011,30.403253],[-82.041185,30.396828],[-82.035891,30.385273],[-82.036845,30.37787],[-82.040766,30.370144],[-82.047938,30.363251],[-82.0499665504695,30.3623762347418],[-82.05009,30.362323],[-82.060055,30.360313],[-82.068554,30.359169],[-82.081128,30.358791],[-82.094709,30.360766],[-82.1001429509055,30.3642462652382],[-82.101821,30.365321],[-82.101439,30.366541],[-82.102523,30.367809],[-82.104857,30.368305],[-82.116408,30.36732],[-82.143306,30.363378],[-82.158134,30.359898],[-82.161782,30.357836],[-82.165217,30.35802],[-82.170079,30.358914],[-82.171533,30.359854],[-82.1719966251191,30.3603310272083],[-82.180043,30.36861],[-82.183823,30.373698],[-82.189873,30.375924],[-82.192966,30.378765],[-82.204177,30.401316],[-82.210318,30.424577],[-82.209897,30.432806],[-82.206513,30.437069],[-82.204002,30.444495],[-82.20485,30.451828],[-82.206067,30.455495],[-82.207549,30.456916],[-82.207735,30.460492],[-82.204641,30.468857],[-82.200965,30.474427],[-82.201443,30.485154],[-82.206472,30.491867],[-82.212879,30.498741],[-82.218541,30.504177],[-82.225054,30.50782],[-82.226961,30.510271],[-82.230405,30.51733],[-82.229427,30.520814],[-82.23078,30.526749],[-82.23498,30.533057],[-82.235848,30.537178],[-82.235631,30.544877],[-82.231944,30.556262],[-82.227282,30.561033],[-82.223053,30.563202],[-82.218607,30.564395],[-82.214413,30.56695],[-82.2148461613534,30.5685089992323],[-82.214867,30.568584],[-82.24987,30.570856],[-82.258129,30.571552],[-82.287373,30.573451],[-82.374877,30.578996],[-82.4189159951919,30.5817349193742],[-82.459581,30.584264],[-82.4597924203985,30.5842766709258],[-82.524938,30.588181],[-82.536272,30.588877],[-82.545095,30.589353],[-82.553199,30.589926],[-82.565516,30.590614],[-82.569278,30.590957],[-82.584002138186,30.5917854612315],[-82.689316,30.597711],[-82.6895370493431,30.5977231320544],[-82.698663,30.598224],[-82.698947,30.598263],[-82.877311,30.609016],[-82.878831,30.609074],[-82.9399180790312,30.6125808239629],[-83.0557139891585,30.6192283160166],[-83.0559626094486,30.6192425885535],[-83.131431,30.623575],[-83.1366140447318,30.623976460785],[-83.156232,30.625496],[-83.163371,30.625887],[-83.1724160043374,30.6263342401496],[-83.174474,30.626436],[-83.187454,30.627215],[-83.27172279078,30.6321812869432],[-83.309256456485,30.634393291556],[-83.309523,30.634409],[-83.311715,30.634569],[-83.34108,30.636338],[-83.3577037830355,30.6373471003798],[-83.37953,30.638672],[-83.390133,30.639325],[-83.429549,30.641511],[-83.429656,30.641488],[-83.440094,30.642015],[-83.448968,30.642402],[-83.499951,30.645663],[-83.5368729710246,30.6475068692627],[-83.6117204626719,30.6512447246755],[-83.611746,30.651246],[-83.674139,30.654738],[-83.676854,30.654896],[-83.7437296744174,30.6583830658832],[-83.810622,30.661871],[-83.820973,30.662603],[-83.855304,30.664403],[-83.8798916078165,30.6657992968646],[-83.880309,30.665823],[-83.880406,30.665798],[-84.007454,30.6720865150852],[-84.007484,30.672088],[-84.0190940574482,30.6727066186932],[-84.039802,30.67381],[-84.041905,30.673869],[-84.0467,30.674191],[-84.057323,30.674696],[-84.0727743369514,30.6753428542583],[-84.0837570571655,30.6758026344935],[-84.107796,30.676809],[-84.124993,30.678037],[-84.155210353116,30.6795112589466],[-84.250002,30.684136],[-84.2541182528783,30.6842820559212],[-84.281313,30.685247],[-84.2825636638089,30.6853075717496],[-84.375012,30.689785],[-84.3807060980397,30.6899565548245],[-84.3807324332368,30.6899573482654],[-84.474519,30.692783],[-84.5258897248691,30.6959430501973],[-84.535155,30.696513],[-84.539483,30.696765],[-84.5508035833097,30.6972892123549],[-84.606364,30.699862],[-84.606501,30.699855],[-84.644932,30.701982],[-84.7251551548901,30.7056334194176],[-84.836448,30.710699],[-84.8634606987134,30.7115052207476],[-84.864693,30.711542],[-84.869877,30.721887],[-84.875546,30.727481],[-84.883947,30.732582],[-84.885347,30.734982],[-84.887648,30.741782],[-84.896248,30.750582],[-84.897748,30.751382],[-84.900348,30.751882],[-84.903248,30.751782],[-84.906448,30.750582],[-84.911249,30.751182],[-84.913649,30.752282],[-84.914449,30.753582],[-84.915149,30.761183],[-84.92025,30.765982],[-84.91815,30.772082],[-84.91755,30.775882],[-84.91815,30.778082],[-84.92685,30.790183],[-84.92845,30.793083],[-84.9289108378378,30.795848027027],[-84.92915,30.797283],[-84.92805,30.802783],[-84.928451,30.805083],[-84.931051,30.810482],[-84.935541,30.817203],[-84.93617,30.820665],[-84.935698,30.824597],[-84.935384,30.830888],[-84.934283,30.834033],[-84.932081,30.837493],[-84.929564,30.840325],[-84.928463,30.842526],[-84.928463,30.844258],[-84.928935,30.846774],[-84.930193,30.848819],[-84.933352,30.851483],[-84.935384,30.854323],[-84.935541,30.858413],[-84.934755,30.860615],[-84.934125,30.863288],[-84.934755,30.86549],[-84.935856,30.867535],[-84.9379,30.870523],[-84.938529,30.873041],[-84.937743,30.875872],[-84.935698,30.878703],[-84.935541,30.882477],[-84.936956,30.884679],[-84.938215,30.885623],[-84.940102,30.886724],[-84.941453,30.887684],[-84.942653,30.888484],[-84.949754,30.897383],[-84.952454,30.902284],[-84.956254,30.907584],[-84.966855,30.917284],[-84.969555,30.921984],[-84.971156,30.928184],[-84.975356,30.930785],[-84.980757,30.932685],[-84.983257,30.934784],[-84.983757,30.936984],[-84.983157,30.942584],[-84.982357,30.946884],[-84.979757,30.954684],[-84.979757,30.958985],[-84.980257,30.961285],[-84.982657,30.965585],[-84.984957,30.967485],[-84.988157,30.968785],[-84.997759,30.971185],[-84.999959,30.971485],[-85.000059,30.971185],[-85.004157,30.973467],[-85.005236,30.974703],[-85.006062,30.977039],[-85.0060623211123,30.9773348514335],[-85.006065,30.979803],[-85.002671,30.986898],[-85.001846,30.997073],[-85.0019,31.000681],[-85.002499,31.000682],[-85.001497,31.005044],[-85.011392,31.053546],[-85.0235761810791,31.0755033185024],[-85.026603,31.080958],[-85.035615,31.108192],[-85.052867,31.119489],[-85.076628,31.156927],[-85.093405,31.162326],[-85.107516,31.186451],[-85.1065039534155,31.1894952403071],[-85.09977,31.209751],[-85.098844,31.232524],[-85.114548,31.276302],[-85.1014637716911,31.2861909598311],[-85.089774,31.295026],[-85.0888298156031,31.3086477607129],[-85.086657,31.339995],[-85.092487,31.362881],[-85.0876864446454,31.3742282942012],[-85.077581,31.398115],[-85.079978,31.410472],[-85.066005,31.431363],[-85.071621,31.468384],[-85.0472789794968,31.5139388096115],[-85.0455566982816,31.5171619682167],[-85.044986,31.51823],[-85.041881,31.544684],[-85.05796,31.57084],[-85.062157,31.622908],[-85.082729,31.649766],[-85.12553,31.694965],[-85.11893,31.732664],[-85.1286886811869,31.7638783623738],[-85.1338384298465,31.7803504775825],[-85.136531,31.788963],[-85.131231,31.815262],[-85.1324687604114,31.8180643596333],[-85.141831,31.839261],[-85.129842,31.883513],[-85.1281769970455,31.8851504516998],[-85.119931,31.89326],[-85.08213,31.944658],[-85.07533,31.963858],[-85.0631956336113,31.991857],[-85.053815,32.013502],[-85.0493425460761,32.0624439732037],[-85.047063,32.087389],[-85.058749,32.136018],[-85.011267,32.180493],[-84.961728,32.19865],[-84.964628,32.20355],[-84.979329,32.207251],[-84.967428,32.219351],[-84.9594186382075,32.2198797187486],[-84.925027,32.22215],[-84.9214294706804,32.2308494799911],[-84.914027,32.24875],[-84.8894565917336,32.2619272749814],[-84.889431,32.261941],[-84.9338,32.29826],[-84.9564457353792,32.3061624215403],[-85.001874,32.322015],[-85.008096,32.336677],[-84.983466,32.363186],[-84.981914,32.380193],[-84.9811484580944,32.3818761782296],[-84.9800206478632,32.3843558669498],[-84.977082,32.390817],[-84.975169,32.414935],[-84.96343,32.422544],[-84.9684790106538,32.4347437223261],[-84.971831,32.442843],[-84.9800394356687,32.4464756694023],[-84.9949451478104,32.453072239882],[-84.995331,32.453243],[-84.9952915639008,32.4619185474517],[-84.9952774263606,32.4650286649228],[-84.995243041021,32.4725930957802],[-84.995231,32.475242],[-84.9957451241473,32.4773483106233],[-84.9986140708186,32.4891020725947],[-85.0008942516519,32.4984437250677],[-85.00283808653,32.5064074048035],[-85.0037400682779,32.5101027257633],[-85.005228921191,32.5162023939535],[-85.0071,32.523868],[-85.022509,32.542923],[-85.0344686980483,32.5527460349807],[-85.067663,32.58001],[-85.0796830693766,32.6080965688111],[-85.089743,32.631603],[-85.105337,32.644835],[-85.088533,32.657958],[-85.093536,32.669734],[-85.114737,32.685634],[-85.1151921586655,32.687345922225],[-85.122738,32.715727],[-85.1201322420793,32.7202459392782],[-85.11425,32.730447],[-85.11855,32.740817],[-85.1300975128125,32.7517487666425],[-85.138879,32.760062],[-85.122189,32.773353],[-85.133322,32.782078],[-85.167939,32.811612],[-85.1679087523718,32.8116772810085],[-85.1666198895489,32.8144589293485],[-85.153497,32.842781],[-85.1770416200713,32.8569033530933],[-85.1844,32.861317],[-85.1857897629128,32.8702674386367],[-85.1863370960722,32.8737924081202],[-85.188811,32.889725],[-85.2026164555261,32.9588381423037],[-85.204188360739,32.9667074450196],[-85.2109554425336,33.0005849426627],[-85.221932,33.055536],[-85.223325,33.062578],[-85.232441,33.108075],[-85.2365689218027,33.129549211458],[-85.2521910352333,33.2108183302201],[-85.26272029732,33.2655934958726],[-85.2814572156644,33.3630664049599],[-85.2939525862265,33.4280696299523],[-85.304489,33.482882],[-85.314048,33.529805],[-85.31414,33.530216],[-85.315043,33.535896],[-85.3153876843937,33.5376373634415],[-85.33824506153,33.6531140187301],[-85.355294019238,33.7392462376866],[-85.3570179273869,33.7479555111028],[-85.357443,33.750103],[-85.360532,33.767957],[-85.3618818476789,33.7739360370583],[-85.361885,33.77395],[-85.377464,33.856046],[-85.3865100249673,33.9017185590001],[-85.398871,33.964128],[-85.405951,34.000099],[-85.406781,34.002313],[-85.420263,34.072277],[-85.4218824893099,34.0808162176071],[-85.428251,34.114396],[-85.429499,34.125095],[-85.4447339897142,34.1998871691427],[-85.4447454521672,34.1999434410366],[-85.455082,34.250688],[-85.455396,34.252853],[-85.458095,34.265735],[-85.458717,34.269436],[-85.4621053614252,34.2863855898362],[-85.4676981849461,34.3143625535689],[-85.470472,34.328238],[-85.4846074397937,34.3928858644596],[-85.502333,34.473953],[-85.502471,34.474526],[-85.5084,34.501212],[-85.512124,34.518252],[-85.513725,34.52417],[-85.5137295115038,34.524190957986],[-85.513945,34.525192],[-85.517089,34.542598],[-85.527274,34.588683],[-85.5341009721027,34.62385567623],[-85.534339,34.625082],[-85.541275,34.656701],[-85.541278,34.656783],[-85.5425100592973,34.6624398980968],[-85.552463,34.708138],[-85.552491,34.708321],[-85.5580739844933,34.7344190931904],[-85.561424,34.750079],[-85.5743575479345,34.815739155065],[-85.575932207313,34.8237332785254],[-85.583149,34.860371],[-85.595165,34.924171],[-85.595193,34.924331],[-85.598782,34.944915],[-85.599386,34.951766],[-85.605165,34.984678]]]}},{"type":"Feature","properties":{"STATEFP":"51","STUSPS":"VA","NAME":"Virginia"},"geometry":{"type":"MultiPolygon","coordinates":[[[[-75.999658,37.848198],[-75.996859,37.85042],[-75.992556,37.848889],[-75.988018,37.841085],[-75.982098,37.837253],[-75.973607,37.835817],[-75.971705,37.830928],[-75.977301,37.825821],[-75.982158,37.806226],[-75.987301,37.804917],[-75.9983,37.812626],[-76.001116,37.834947],[-75.999658,37.848198]]],[[[-76.023664,37.268971],[-76.015507,37.280874],[-76.0216348594627,37.2871748976629],[-76.023475,37.289067],[-76.018645,37.31782],[-76.014251,37.331943],[-75.997778,37.351739],[-75.987122,37.368548],[-75.97997,37.404608],[-75.983105,37.415802],[-75.981624,37.434116],[-75.976491,37.444878],[-75.960877,37.467562],[-75.9621126302945,37.4712372806391],[-75.963496,37.475352],[-75.963326,37.481785],[-75.958966,37.500133],[-75.949974,37.521876],[-75.940318,37.534582],[-75.9376646225106,37.5496523755582],[-75.937299,37.551729],[-75.941153,37.558436],[-75.941182,37.563839],[-75.924756,37.600215],[-75.909586,37.622671],[-75.9028347873752,37.6305519463942],[-75.8955812307866,37.6390192979381],[-75.877059,37.660641],[-75.868481,37.668224],[-75.8652420325418,37.6739775405765],[-75.864278,37.67569],[-75.868355,37.687609],[-75.859262,37.703111],[-75.845579,37.707993],[-75.837685,37.712985],[-75.830773,37.725486],[-75.831438,37.73169],[-75.827922,37.737986],[-75.82481,37.741671],[-75.802976,37.752915],[-75.80063,37.759414],[-75.812125,37.776589],[-75.818125,37.791698],[-75.793399,37.804493],[-75.784599,37.806826],[-75.770607,37.804602],[-75.743097,37.806656],[-75.73588,37.816561],[-75.7297499183195,37.8182867807386],[-75.723224,37.820124],[-75.71659,37.826696],[-75.714487,37.837777],[-75.709114,37.8477],[-75.702914,37.849659],[-75.697208861969,37.8549632034244],[-75.689837,37.861817],[-75.685293,37.873341],[-75.687584,37.88634],[-75.709626,37.900622],[-75.72049,37.901926],[-75.724505,37.900184],[-75.726699,37.897299],[-75.753048,37.896605],[-75.758796,37.897615],[-75.759835,37.899333],[-75.757694,37.903912],[-75.712065,37.936082],[-75.704318,37.92901],[-75.693942,37.930362],[-75.66983,37.950564],[-75.665273,37.949493],[-75.655681,37.945433],[-75.647606,37.947027],[-75.6481846993491,37.9653707475848],[-75.648229,37.966775],[-75.644725,37.969779],[-75.641823,37.975967],[-75.638221,37.979397],[-75.633979,37.983553],[-75.632532,37.986693],[-75.630869,37.987818],[-75.626655,37.988892],[-75.625084,37.990577],[-75.624449,37.994195],[-75.624343,37.994208],[-75.563261,37.999593],[-75.5419798362911,38.0014012544367],[-75.5272787962799,38.0026503976315],[-75.4862300839808,38.0061382950582],[-75.448679,38.009329],[-75.375125,38.015414],[-75.3231659225932,38.0201461997272],[-75.283355,38.023772],[-75.254403,38.026326],[-75.242469,38.027028],[-75.296871,37.959043],[-75.2987927337136,37.955915477616],[-75.3159537205092,37.9279868577682],[-75.319335,37.922484],[-75.338623,37.894986],[-75.35246,37.87483],[-75.364777,37.863166],[-75.373321,37.856155],[-75.380638,37.851702],[-75.386056,37.852424],[-75.389056,37.856169],[-75.391346,37.864175],[-75.400092,37.875498],[-75.410914134136,37.8795211058458],[-75.421117,37.883314],[-75.432076,37.878594],[-75.453987,37.864164],[-75.469114,37.851506],[-75.48927,37.832457],[-75.5015533993456,37.8185574968337],[-75.520881,37.796687],[-75.5426509337019,37.7626006334837],[-75.551898,37.748122],[-75.562951,37.736469],[-75.568696,37.723987],[-75.576379,37.699431],[-75.583629,37.69313],[-75.591953,37.663178],[-75.603831,37.628028],[-75.614527,37.609296],[-75.613339,37.585944],[-75.613059949493,37.5808648117808],[-75.612863,37.57728],[-75.600504,37.573889],[-75.602168,37.567107],[-75.615816,37.551659],[-75.642474,37.517112],[-75.672877,37.483696],[-75.686306,37.478604],[-75.684048,37.46323],[-75.6765221891521,37.4637005550846],[-75.66444,37.464456],[-75.658379,37.451815],[-75.665957,37.439209],[-75.677542,37.428612],[-75.697914,37.405301],[-75.720739,37.373129],[-75.723670452852,37.3674478657053],[-75.727335,37.360346],[-75.725634,37.358416],[-75.726691,37.350127],[-75.735829,37.335426],[-75.763101,37.307874],[-75.777244,37.298511],[-75.779193,37.298557],[-75.784634,37.300976],[-75.791913,37.300589],[-75.798448,37.296285],[-75.792408,37.278812],[-75.796985,37.25602],[-75.805808,37.241847],[-75.80138,37.229936],[-75.8099,37.216249],[-75.819882,37.212463],[-75.815604,37.202241],[-75.817387,37.193437],[-75.830934,37.183591],[-75.834692,37.173261],[-75.856366,37.158497],[-75.87767,37.135604],[-75.886369,37.126085],[-75.8969856647082,37.1182670004052],[-75.897298,37.118037],[-75.906734,37.114193],[-75.9088558281837,37.1137185655939],[-75.915786,37.112169],[-75.911508,37.122877],[-75.927789,37.130268],[-75.942539,37.125142],[-75.945872,37.120514],[-75.955122,37.11975],[-75.952983,37.105724],[-75.943417,37.10066],[-75.942399,37.089607],[-75.955241,37.083827],[-75.971876,37.085376],[-75.97996,37.09217],[-75.979608,37.100448],[-75.97043,37.118608],[-75.970004,37.128861],[-75.978083,37.157338],[-75.998647,37.188739],[-76.006094,37.19481],[-76.013071,37.205366],[-76.013778,37.219263],[-76.010535,37.231579],[-76.0107030308277,37.2317620000593],[-76.014026,37.235381],[-76.025753,37.257407],[-76.023664,37.268971]]],[[[-76.041527,37.954011],[-76.037933,37.953972],[-76.030122,37.953655],[-76.029463,37.953775],[-76.022274,37.953716],[-75.993905,37.953489],[-75.997349,37.946302],[-76.011849,37.940603],[-76.019839,37.927479],[-76.028235,37.923965],[-76.03632,37.927652],[-76.04653,37.953586],[-76.041527,37.954011]]],[[[-83.674614,36.603082],[-83.6738978357588,36.6038459085239],[-83.673114,36.604682],[-83.665614,36.605782],[-83.663614,36.606782],[-83.657714,36.611782],[-83.649513,36.616683],[-83.648314,36.622683],[-83.645213,36.624183],[-83.639813,36.624783],[-83.635013,36.622883],[-83.628913,36.624083],[-83.625013,36.625183],[-83.619913,36.627983],[-83.616413,36.631383],[-83.614513,36.633983],[-83.607913,36.637083],[-83.605613,36.637783],[-83.604313,36.637683],[-83.603013,36.636883],[-83.600713,36.637084],[-83.584512,36.641384],[-83.5842272676923,36.6413998184615],[-83.577312,36.641784],[-83.569812,36.645684],[-83.565712,36.648384],[-83.562612,36.651284],[-83.554112,36.653784],[-83.547312,36.654484],[-83.541812,36.656584],[-83.533112,36.661884],[-83.533012,36.663284],[-83.531912,36.664984],[-83.529612,36.666184],[-83.527112,36.665985],[-83.516011,36.667585],[-83.511711,36.669085],[-83.506911,36.668685],[-83.501411,36.669085],[-83.499911,36.670185],[-83.498011,36.670485],[-83.493911,36.670085],[-83.48891,36.667685],[-83.48261,36.666185],[-83.466483,36.6647],[-83.4610151191699,36.6648782480975],[-83.460808,36.664885],[-83.458009,36.665785],[-83.454709,36.664785],[-83.448108,36.665285],[-83.440808,36.666885],[-83.436508,36.666185],[-83.431708,36.666485],[-83.423707,36.667385],[-83.419507,36.668486],[-83.411807,36.670786],[-83.395806,36.676786],[-83.394906,36.677586],[-83.395607,36.678987],[-83.395306,36.679486],[-83.389306,36.684986],[-83.386099,36.686589],[-83.367505,36.692686],[-83.364005,36.694586],[-83.362105,36.694786],[-83.360205,36.693586],[-83.359205,36.693586],[-83.356405,36.694686],[-83.354606,36.696153],[-83.353613,36.696699],[-83.350805,36.697386],[-83.350468678733,36.6976917466063],[-83.349705,36.698386],[-83.342804,36.701286],[-83.315703,36.708187],[-83.313003,36.709087],[-83.311403,36.710287],[-83.307103,36.711387],[-83.287802,36.713787],[-83.286902,36.713987],[-83.285702,36.715187],[-83.275501,36.717987],[-83.272501,36.717787],[-83.269301,36.718487],[-83.263601,36.720987],[-83.2555,36.721787],[-83.2463,36.725287],[-83.238499,36.727087],[-83.236399,36.726887],[-83.219999,36.731287],[-83.199698,36.737487],[-83.194597,36.739487],[-83.175696,36.739587],[-83.167396,36.739187],[-83.161496,36.739887],[-83.156696,36.742187],[-83.146095,36.741788],[-83.136395,36.743088],[-83.134294,36.746588],[-83.130994,36.749788],[-83.127833,36.750828],[-83.128272,36.75637],[-83.128813,36.757864],[-83.126719,36.761],[-83.125728,36.761276],[-83.125655,36.761407],[-83.1256656539027,36.7614116710383],[-83.132477,36.764398],[-83.132286,36.76561],[-83.131245,36.767105],[-83.128894,36.769888],[-83.128494,36.775588],[-83.131694,36.781488],[-83.128794,36.785388],[-83.123341,36.786654],[-83.119144,36.789531],[-83.114693,36.796088],[-83.110793,36.800388],[-83.108029,36.802181],[-83.103092,36.806689],[-83.098492,36.814289],[-83.098892,36.822989],[-83.099792,36.824889],[-83.101692,36.826689],[-83.10205006042,36.8280317265751],[-83.102092,36.828189],[-83.101792,36.829089],[-83.098892,36.831789],[-83.091291,36.834389],[-83.088991,36.835989],[-83.086991,36.838189],[-83.07969,36.840589],[-83.07519,36.840889],[-83.07379,36.844889],[-83.07559,36.850589],[-83.07274192,36.85438644],[-83.07259,36.854589],[-83.06929,36.853589],[-83.066189,36.851889],[-83.063989,36.851689],[-83.060489,36.853789],[-83.052489,36.851989],[-83.047589,36.851789],[-83.044288,36.852989],[-83.042188,36.854389],[-83.026887,36.855489],[-83.025887,36.855289],[-83.024387,36.851689],[-83.021887,36.849989],[-83.012587,36.847289],[-83.009222,36.847295],[-83.006086,36.847889],[-83.003786,36.851789],[-82.998376,36.85663],[-82.988707,36.859137],[-82.979227,36.859693],[-82.973395,36.859097],[-82.971934,36.857767],[-82.970253,36.857686],[-82.960955,36.862536],[-82.951685,36.866152],[-82.937573,36.867275],[-82.92241,36.873925],[-82.911824,36.874243],[-82.91169,36.874248],[-82.910315,36.874055],[-82.907774,36.874706],[-82.907276,36.875643],[-82.908004,36.877233],[-82.907981,36.878749],[-82.906325,36.87974],[-82.895445,36.882145],[-82.890028,36.884287],[-82.887627,36.88689],[-82.884626,36.888477],[-82.879492,36.889085],[-82.878569,36.889585],[-82.877862,36.891843],[-82.8782081655467,36.8927955121479],[-82.878639,36.893981],[-82.876438,36.896238],[-82.873213,36.897263],[-82.870068,36.901735],[-82.872561,36.903376],[-82.877473,36.90796],[-82.876215,36.910218],[-82.8744623576499,36.9117140002996],[-82.873777,36.912299],[-82.872136,36.913456],[-82.867116,36.917965],[-82.865192,36.920923],[-82.863468,36.922308],[-82.861943,36.924236],[-82.860032,36.925241],[-82.858635,36.927785],[-82.857965,36.929529],[-82.858461,36.932717],[-82.858784,36.933065],[-82.860537,36.937439],[-82.861684,36.939316],[-82.861282,36.944848],[-82.860633,36.94584],[-82.859969,36.949074],[-82.856099,36.952471],[-82.855705,36.953808],[-82.858443,36.954036],[-82.860534,36.956015],[-82.862866,36.957765],[-82.864211,36.957983],[-82.865404,36.958084],[-82.867358,36.963182],[-82.87023,36.965498],[-82.870274,36.965993],[-82.8694630847178,36.9720796959173],[-82.869183,36.974182],[-82.868455,36.976481],[-82.867535,36.977518],[-82.866689,36.978052],[-82.866019,36.978272],[-82.864909,36.97901],[-82.862926,36.979975],[-82.860561,36.978265],[-82.857936,36.978276],[-82.856768,36.979095],[-82.856417,36.982216],[-82.853729,36.985178],[-82.852614,36.984963],[-82.851397,36.984497],[-82.849429,36.983479],[-82.845002,36.983812],[-82.841252,36.986858],[-82.840051,36.987113],[-82.838549,36.987027],[-82.836008,36.988837],[-82.833843,36.991973],[-82.830802,36.993445],[-82.829125,36.997541],[-82.830588,37.000945],[-82.829961,37.003555],[-82.828592,37.005707],[-82.825224,37.006279],[-82.822684,37.004128],[-82.821798,37.00438],[-82.819715,37.006212],[-82.818006,37.006161],[-82.815748,37.007196],[-82.813579,37.00532],[-82.800531,37.007944],[-82.797487,37.009654],[-82.796187,37.008502],[-82.795695,37.006702],[-82.794824,37.005899],[-82.793441,37.005491],[-82.79089,37.00676],[-82.790462,37.007263],[-82.789092,37.007995],[-82.788897,37.00816],[-82.782144,37.008242],[-82.778386,37.012521],[-82.777368,37.015279],[-82.7743562471201,37.0155151629299],[-82.771795,37.015716],[-82.767083,37.020935],[-82.766408,37.023106],[-82.759175,37.027333],[-82.754051,37.026587],[-82.751852,37.025624],[-82.750715,37.024107],[-82.747981,37.025214],[-82.745562,37.029839],[-82.743684,37.041397],[-82.742454,37.04298],[-82.733603,37.044525],[-82.731722,37.043447],[-82.726279,37.042098],[-82.7250951724975,37.0425972499372],[-82.724714,37.042758],[-82.722472,37.045101],[-82.723279,37.047616],[-82.723128,37.052436],[-82.722254,37.057948],[-82.723904,37.062542],[-82.726312,37.06687],[-82.727022,37.073019],[-82.723747,37.075525],[-82.721676,37.07519],[-82.718353,37.075706],[-82.71674,37.07722],[-82.717204,37.079544],[-82.718183,37.080679],[-82.720597,37.081833],[-82.72304,37.084992],[-82.724954,37.091905],[-82.724358,37.09299],[-82.722179,37.094309],[-82.721617,37.101276],[-82.721941,37.105689],[-82.726294,37.111852],[-82.7264401572135,37.1148062616125],[-82.726449,37.114985],[-82.726201,37.115882],[-82.722097,37.120168],[-82.718334,37.122267],[-82.716334,37.122093],[-82.70787,37.125488],[-82.695667,37.131514],[-82.684601,37.135835],[-82.679428,37.135575],[-82.676765,37.134965],[-82.6743550722579,37.1365665546542],[-82.67153,37.138444],[-82.667717,37.141949],[-82.662449,37.143865],[-82.657468,37.145024],[-82.65476,37.150601],[-82.653268,37.151314],[-82.651646,37.151908],[-82.633493,37.154264],[-82.6328527306302,37.1549082083456],[-82.624878,37.162932],[-82.617423,37.168129],[-82.60829,37.173047],[-82.597447,37.177088],[-82.592766,37.180391],[-82.593232,37.18206],[-82.592451,37.182847],[-82.586718,37.185623],[-82.578988,37.188498],[-82.5653752160821,37.1960922172527],[-82.565329,37.196118],[-82.558178,37.199606],[-82.5538643292855,37.2028191532953],[-82.553835,37.202841],[-82.550372,37.204458],[-82.5359190760644,37.2103985911188],[-82.531787,37.212097],[-82.528746,37.213742],[-82.524464,37.214957],[-82.508342,37.222385],[-82.507895,37.222727],[-82.498858,37.227044],[-82.496308,37.227562],[-82.487317,37.230578],[-82.486439,37.231204],[-82.473275,37.235569],[-82.463073,37.238292],[-82.457016,37.238288],[-82.451998,37.242559],[-82.449164,37.243908],[-82.435728,37.246491],[-82.431022,37.246773],[-82.418085,37.251331],[-82.3860983414952,37.2595195530069],[-82.385663,37.259631],[-82.383285,37.260154],[-82.3794587766288,37.2600087293369],[-82.376595,37.2599],[-82.364535,37.264415],[-82.355343,37.26522],[-82.350948,37.267077],[-82.342068,37.274109],[-82.341849,37.280886],[-82.336942,37.279737],[-82.33157,37.282211],[-82.324619,37.28318],[-82.318957,37.287524],[-82.317395,37.290975],[-82.317083,37.293635],[-82.316028,37.294879],[-82.3143123901533,37.296224662827],[-82.309415,37.300066],[-82.291908,37.311642],[-82.2864525052966,37.3154337983343],[-82.2544624321979,37.3376682449765],[-82.254352,37.337745],[-82.202688,37.374041],[-82.201745,37.375108],[-82.1498258152267,37.4103307484948],[-82.124854,37.427272],[-82.062809,37.470911],[-82.050888,37.480527],[-81.968297,37.537798],[-81.969279,37.534325],[-81.967583,37.532815],[-81.959362,37.53522],[-81.957379,37.535198],[-81.956947,37.534259],[-81.957436,37.533206],[-81.957693,37.529841],[-81.95663,37.52849],[-81.953524,37.528056],[-81.946022,37.531742],[-81.94401,37.530964],[-81.943981,37.5303],[-81.947545,37.52753],[-81.94766,37.52508],[-81.947085,37.523913],[-81.943693,37.521212],[-81.933088,37.518968],[-81.926391,37.514207],[-81.926736,37.51304],[-81.9277586640962,37.5122085217842],[-81.92787,37.512118],[-81.932279,37.511961],[-81.941151,37.509483],[-81.943045,37.508609],[-81.944188,37.506976],[-81.943912,37.502929],[-81.945957,37.501901],[-81.949188,37.502376],[-81.951831,37.50205],[-81.953147,37.501314],[-81.954077,37.499822],[-81.954364,37.496084],[-81.954167,37.495302],[-81.952735,37.494162],[-81.952681,37.492274],[-81.953264,37.491763],[-81.957213,37.491504],[-81.964986,37.493488],[-81.97073,37.489904],[-81.977593,37.484603],[-81.979169,37.484604],[-81.980327,37.485447],[-81.985703,37.485681],[-81.989849,37.484879],[-81.992916,37.482969],[-81.996578,37.476705],[-81.995649,37.469833],[-81.99227,37.460916],[-81.987006,37.454878],[-81.984891,37.454315],[-81.980013,37.45721],[-81.976176,37.457186],[-81.968795,37.451496],[-81.969342,37.450324],[-81.965582,37.446918],[-81.958672,37.448045],[-81.9541415827977,37.4468969372635],[-81.949367,37.445687],[-81.945765,37.440214],[-81.942856,37.439929],[-81.941175,37.440485],[-81.938843,37.440463],[-81.935621,37.438397],[-81.935316,37.43639],[-81.937838,37.432111],[-81.940553,37.429058],[-81.93695,37.41992],[-81.932468,37.415217],[-81.923481,37.411379],[-81.924506,37.407613],[-81.925764,37.406874],[-81.927338,37.406844],[-81.930042,37.405291],[-81.930786,37.401656],[-81.92828,37.398059],[-81.928778,37.393845],[-81.933601,37.389217],[-81.936744,37.38073],[-81.935872,37.378554],[-81.93388,37.377796],[-81.932763,37.374229],[-81.933895,37.372747],[-81.930194,37.366728],[-81.9299369841502,37.366599952677],[-81.929915,37.366589],[-81.926697,37.364618],[-81.928497,37.360645],[-81.926589,37.358942],[-81.925643,37.357316],[-81.921571,37.356423],[-81.920711,37.355416],[-81.920279,37.353402],[-81.916678,37.349346],[-81.911951,37.349339],[-81.911487,37.348839],[-81.910875,37.348729],[-81.907895,37.343783],[-81.907322,37.343119],[-81.906368,37.34276],[-81.905945,37.342775],[-81.903795,37.34305],[-81.902992,37.34234],[-81.899495,37.341102],[-81.899459,37.340277],[-81.8963764047878,37.3328691439523],[-81.896001,37.331967],[-81.895489,37.332022],[-81.894797,37.332012],[-81.894768,37.331381],[-81.893773,37.330105],[-81.892876,37.330134],[-81.887722,37.331156],[-81.886952,37.330725],[-81.885075,37.330665],[-81.880886,37.331146],[-81.879601,37.332074],[-81.878713,37.331753],[-81.878343,37.328837],[-81.873213,37.325065],[-81.872662,37.323314],[-81.87018,37.320667],[-81.867425,37.320838],[-81.860267,37.315715],[-81.859928,37.313965],[-81.863712,37.31223],[-81.865429,37.31012],[-81.865683,37.309484],[-81.865219,37.308839],[-81.86476,37.308404],[-81.862031,37.305648],[-81.859624,37.304765],[-81.856032,37.306742],[-81.85446,37.30657],[-81.853645,37.300779],[-81.853978,37.300418],[-81.854465,37.299937],[-81.853488,37.294763],[-81.854059,37.291352],[-81.853551,37.287701],[-81.849949,37.285227],[-81.846807,37.284649],[-81.843167,37.285586],[-81.84231,37.285556],[-81.838762,37.286343],[-81.834432,37.285416],[-81.833406,37.284535],[-81.834387,37.283086],[-81.83447,37.281763],[-81.825065,37.279536],[-81.819625,37.279411],[-81.816702,37.279865],[-81.813222,37.281091],[-81.810559,37.28298],[-81.809184,37.283003],[-81.807232,37.283175],[-81.805382,37.285622],[-81.803275,37.285916],[-81.793595,37.284838],[-81.793115,37.283538],[-81.793639,37.282188],[-81.793425,37.281674],[-81.789294,37.284416],[-81.7884619911651,37.2841685002883],[-81.783122,37.28258],[-81.779362,37.279982],[-81.77935,37.277394],[-81.777319,37.275873],[-81.774747,37.274847],[-81.774684,37.274807],[-81.767837,37.274216],[-81.765195,37.275099],[-81.763836,37.275218],[-81.762776,37.275391],[-81.761752,37.275713],[-81.76022,37.275254],[-81.757631,37.274003],[-81.75773,37.271934],[-81.757714,37.271124],[-81.757531,37.27001],[-81.755012,37.26772],[-81.752912,37.266614],[-81.752123,37.265568],[-81.75129,37.265131],[-81.747656,37.264329],[-81.746109,37.263597],[-81.745505,37.26133],[-81.745445,37.258125],[-81.743008,37.255127],[-81.7417015805407,37.2547940862745],[-81.741662,37.254784],[-81.740974,37.254052],[-81.743505,37.247601],[-81.74342,37.245858],[-81.744291,37.244178],[-81.744003,37.242528],[-81.7392766866866,37.2388369743647],[-81.738543,37.238264],[-81.73332,37.238127],[-81.728194,37.239823],[-81.726171,37.240522],[-81.723061,37.240493],[-81.719554,37.237785],[-81.716248,37.234321],[-81.71573,37.228771],[-81.698954,37.218201],[-81.695113,37.21357],[-81.686717,37.213105],[-81.683544,37.211452],[-81.684012,37.211098],[-81.683268,37.205649],[-81.681379,37.203634],[-81.678603,37.202467],[-81.67821,37.201483],[-81.6366288229209,37.2033147854936],[-81.560625,37.206663],[-81.558353,37.208145],[-81.557315,37.207697],[-81.556892,37.207275],[-81.556119,37.207413],[-81.5536,37.208443],[-81.549248,37.213732],[-81.545211,37.220165],[-81.544437,37.220761],[-81.53307,37.223414],[-81.527458,37.225817],[-81.520729,37.226914],[-81.508786,37.232564],[-81.507325,37.2338],[-81.50626,37.239272],[-81.506428,37.244469],[-81.50488,37.247697],[-81.504168,37.250115],[-81.50319,37.252579],[-81.4989951769625,37.2578720969097],[-81.498874,37.258025],[-81.497775,37.257899],[-81.497773,37.25719],[-81.498445,37.256568],[-81.498045,37.254659],[-81.495738,37.252393],[-81.492287,37.25096],[-81.483559,37.250604],[-81.480144,37.251121],[-81.476431,37.255127],[-81.462107,37.259899],[-81.46,37.262547],[-81.459874,37.263901],[-81.460585,37.265527],[-81.458895,37.266466],[-81.4544345864767,37.2669722607342],[-81.454199,37.266999],[-81.449068,37.269583],[-81.448285,37.270575],[-81.43285,37.272697],[-81.427946,37.271015],[-81.416663,37.273214],[-81.411593,37.28033],[-81.409577,37.284025],[-81.409729,37.284837],[-81.409196,37.286071],[-81.403764,37.296597],[-81.40506,37.298794],[-81.402195,37.30166],[-81.398185,37.302965],[-81.396817,37.304498],[-81.397357,37.306358],[-81.398702,37.307806],[-81.398548,37.310635],[-81.394287,37.316411],[-81.388132,37.319903],[-81.386727,37.320474],[-81.38581,37.320085],[-81.384914,37.318832],[-81.384127,37.318596],[-81.380159,37.317838],[-81.377349,37.318447],[-81.374455,37.318614],[-81.37261,37.320195],[-81.371315,37.324115],[-81.367599,37.327569],[-81.36803,37.329447],[-81.369264,37.330568],[-81.369379,37.331827],[-81.36809,37.332423],[-81.367052,37.334504],[-81.366315,37.335927],[-81.362156,37.337687],[-81.320105,37.299323],[-81.3178643846482,37.2978029589603],[-81.2921503143867,37.280358446647],[-81.2744856162342,37.2683746556213],[-81.2569873300908,37.2565037590659],[-81.2420528468917,37.246372155107],[-81.2327302271123,37.2400476582895],[-81.225104,37.234874],[-81.204774,37.243013],[-81.1844879477754,37.2544167132402],[-81.178151,37.257979],[-81.167029,37.262881],[-81.1602707804801,37.2649767603248],[-81.158964,37.265382],[-81.142404,37.269165],[-81.1236616608042,37.2750326700676],[-81.1234048818848,37.2751130599252],[-81.112596,37.278497],[-81.09482,37.28264],[-81.084012,37.284401],[-81.037191,37.290251],[-81.021937,37.294143],[-81.008457,37.296073],[-81.000576,37.297868],[-80.996013,37.299545],[-80.979589,37.302279],[-80.979106,37.300581],[-80.982173,37.296023],[-80.981322,37.293465],[-80.980146,37.292743],[-80.973889,37.291444],[-80.966556,37.292158],[-80.947896,37.295872],[-80.938135,37.300278],[-80.931118,37.302872],[-80.92704,37.303683],[-80.919259,37.306163],[-80.900535,37.315],[-80.880103,37.328903],[-80.868986,37.338573],[-80.865321,37.340523],[-80.849451,37.346909],[-80.876558219407,37.3766044667966],[-80.883248,37.383933],[-80.862761,37.411829],[-80.864455,37.41418],[-80.865174,37.416996],[-80.865148,37.419927],[-80.863142,37.424644],[-80.85956311282,37.429558233261],[-80.859556,37.429568],[-80.859476204487,37.4294745938811],[-80.8584733682993,37.4283007053671],[-80.85836,37.428168],[-80.856997,37.427052],[-80.853163,37.426902],[-80.850656,37.426062],[-80.846324,37.423394],[-80.844213,37.423555],[-80.841672,37.425971],[-80.837678,37.425658],[-80.836446,37.424355],[-80.811639,37.407507],[-80.808769,37.406271],[-80.806358,37.404119],[-80.807134,37.401348],[-80.806129,37.398074],[-80.800447,37.395738],[-80.798869,37.395807],[-80.790317,37.395668],[-80.784188,37.394587],[-80.783324,37.392793],[-80.783382,37.390649],[-80.782295,37.389016],[-80.776766,37.384131],[-80.776649,37.383679],[-80.770082,37.372363],[-80.759886,37.374882],[-80.748722,37.38005],[-80.745527,37.380111],[-80.73804,37.382547],[-80.731589,37.38471],[-80.723596,37.388261],[-80.715479,37.390707],[-80.7135189072823,37.3914530025904],[-80.705203,37.394618],[-80.691709,37.401749],[-80.684576,37.40463],[-80.664971,37.414215],[-80.664112,37.41422],[-80.656687,37.417585],[-80.653589,37.419514],[-80.645893,37.422147],[-80.636947,37.427471],[-80.637554,37.428556],[-80.637379,37.429372],[-80.63439,37.431227],[-80.632365,37.432125],[-80.6318538926435,37.432227477025],[-80.626365,37.433328],[-80.622664,37.433307],[-80.622117,37.435969],[-80.616802,37.439443],[-80.600204,37.446173],[-80.591377,37.45144],[-80.59024,37.453296],[-80.585856,37.456654],[-80.566297,37.466575],[-80.561442,37.469775],[-80.552036,37.473563],[-80.544836,37.474695],[-80.539786,37.474527],[-80.533449,37.476406],[-80.532372,37.477124],[-80.528349,37.477368],[-80.523481,37.476905],[-80.5215568481343,37.4772881235014],[-80.515139,37.478566],[-80.513409,37.479446],[-80.511391,37.481672],[-80.492981,37.457749],[-80.4968041237195,37.4462147095505],[-80.49728,37.444779],[-80.494867,37.43507],[-80.475601,37.422949],[-80.4727968266129,37.4237800299575],[-80.46482,37.426144],[-80.457313,37.432267],[-80.451367,37.434039],[-80.443025,37.438126],[-80.425656,37.449876],[-80.402816,37.460322],[-80.39988,37.462314],[-80.382535,37.470367],[-80.378308,37.471381],[-80.371952,37.474069],[-80.369449,37.476599],[-80.36317,37.480001],[-80.366838,37.484879],[-80.343789,37.492148],[-80.332038,37.493744],[-80.327103,37.495376],[-80.320627,37.49888],[-80.314806,37.500943],[-80.309331,37.50288],[-80.309833,37.503827],[-80.299789,37.508271],[-80.282385,37.533517],[-80.291644,37.536505],[-80.309346,37.527381],[-80.330306,37.536244],[-80.327489,37.540022],[-80.324384,37.541052],[-80.321249,37.541419],[-80.314464,37.54412],[-80.312393,37.546239],[-80.328504,37.564315],[-80.294882,37.57877],[-80.28244,37.585481],[-80.270342,37.591149],[-80.26356,37.593374],[-80.258919,37.595499],[-80.24978,37.602117],[-80.240272,37.606961],[-80.226017,37.620059],[-80.223386,37.623185],[-80.220984,37.627767],[-80.239288,37.637672],[-80.254431,37.642352],[-80.254469,37.642333],[-80.263281,37.645082],[-80.263291,37.645101],[-80.26483,37.645526],[-80.264874,37.645511],[-80.267228,37.646011],[-80.267455,37.646108],[-80.270352,37.648929],[-80.270323,37.648982],[-80.279372,37.657077],[-80.292258,37.683732],[-80.292337,37.683976],[-80.296138,37.691783],[-80.294108,37.693852],[-80.287107,37.696403],[-80.275007,37.707844],[-80.27199,37.711532],[-80.264406,37.718786],[-80.258143,37.720612],[-80.253077,37.725899],[-80.252227,37.727261],[-80.252024,37.729825],[-80.260313,37.733517],[-80.262765,37.738336],[-80.257411,37.756084],[-80.25641,37.756372],[-80.251622,37.755866],[-80.24979,37.757111],[-80.2503686552047,37.7609172249725],[-80.250427,37.761301],[-80.251319,37.762958],[-80.246902,37.768309],[-80.24139,37.769443],[-80.232011,37.775621],[-80.230458,37.778305],[-80.227498,37.778889],[-80.221827,37.778293],[-80.217634,37.776775],[-80.216899,37.776056],[-80.216498,37.776445],[-80.215658,37.777481],[-80.215892,37.781989],[-80.218616,37.783291],[-80.220092,37.78316],[-80.2243386129028,37.7877739370978],[-80.227965,37.791714],[-80.229489,37.792331],[-80.229228,37.79466],[-80.227092,37.798886],[-80.218611,37.809783],[-80.216939,37.809505],[-80.216229,37.80982],[-80.210965,37.812598],[-80.206482,37.81597],[-80.205841,37.818921],[-80.202853,37.82424],[-80.199633,37.827507],[-80.19465,37.831759],[-80.18638,37.837741],[-80.181768,37.838343],[-80.179391,37.839751],[-80.183555,37.84681],[-80.183062,37.850646],[-80.181815,37.852724],[-80.176712,37.854029],[-80.172076,37.860066],[-80.172033,37.862144],[-80.168957,37.867116],[-80.162202,37.875122],[-80.153832,37.881824],[-80.148951,37.886892],[-80.147316,37.885936],[-80.14613,37.884453],[-80.141947,37.882616],[-80.131931,37.8895],[-80.13104,37.890697],[-80.130464,37.893194],[-80.129555,37.894134],[-80.12362,37.897943],[-80.123021,37.898046],[-80.120613,37.896735],[-80.117747,37.89772],[-80.11748,37.900581],[-80.119106,37.902018],[-80.118967,37.903614],[-80.116884,37.906292],[-80.106819,37.914698],[-80.102931,37.918911],[-80.096563,37.918112],[-80.086954,37.929547],[-80.080823,37.935526],[-80.075441,37.939629],[-80.074514,37.942221],[-80.066569,37.947171],[-80.063682,37.947968],[-80.056839,37.951833],[-80.0563291815345,37.9522744732365],[-80.051043,37.956852],[-80.04841,37.957481],[-80.036236,37.96792],[-80.024168,37.976907],[-80.013145,37.984253],[-80.012555,37.985999],[-80.012891,37.987443],[-80.012193,37.988633],[-80.008888,37.99083],[-80.002507,37.992767],[-79.999384,37.995842],[-79.996134,38.000996],[-79.995398,38.003309],[-79.995901,38.005791],[-79.994985,38.007853],[-79.990114,38.013246],[-79.986142,38.014182],[-79.984842,38.01661],[-79.985792,38.018089],[-79.985619,38.01916],[-79.98029,38.027596],[-79.978427,38.029082],[-79.976732,38.029278],[-79.975269,38.030075],[-79.973701,38.032556],[-79.972165,38.036102],[-79.973777,38.038744],[-79.973895,38.040004],[-79.971231,38.044326],[-79.968189,38.047709],[-79.959844,38.063697],[-79.960093,38.068677],[-79.954369,38.080397],[-79.953509,38.081484],[-79.949113,38.084238],[-79.942364,38.091588],[-79.938274,38.094741],[-79.935101,38.096541],[-79.93425,38.097669],[-79.933911,38.099168],[-79.931034,38.101402],[-79.927645,38.104826],[-79.92633,38.107151],[-79.929687,38.109197],[-79.934364,38.109718],[-79.938051,38.110759],[-79.938952,38.111619],[-79.9422501492873,38.1227972123017],[-79.944843,38.131585],[-79.942747,38.134333],[-79.933751,38.135508],[-79.929031,38.139771],[-79.928747,38.144436],[-79.928683,38.144928],[-79.925512,38.150237],[-79.925251,38.150465],[-79.923125,38.150874],[-79.918662,38.15479],[-79.914884,38.167524],[-79.915065,38.168088],[-79.916072,38.168428],[-79.917924,38.168399],[-79.918913,38.170439],[-79.918629,38.172671],[-79.916765,38.175504],[-79.916622,38.177994],[-79.921026,38.179954],[-79.921196,38.180378],[-79.917061,38.183741],[-79.916174,38.184386],[-79.916344,38.186278],[-79.91441,38.188418],[-79.910961,38.18792],[-79.90609,38.188999],[-79.898426,38.193045],[-79.892916,38.199868],[-79.892345,38.202397],[-79.891999,38.203378],[-79.891591,38.204652],[-79.888045,38.20736],[-79.886413,38.207953],[-79.884234,38.207868],[-79.879087,38.211016],[-79.863625,38.223945],[-79.856962,38.231075],[-79.850324,38.233329],[-79.846445,38.240003],[-79.845207,38.241082],[-79.842981,38.241594],[-79.837494,38.241276],[-79.835124,38.241892],[-79.834171,38.242899],[-79.834031,38.244957],[-79.832971,38.247553],[-79.830882,38.249687],[-79.825283,38.250488],[-79.82101,38.248277],[-79.819623,38.248234],[-79.817149,38.249511],[-79.814865,38.251568],[-79.815719,38.253645],[-79.815708,38.255065],[-79.814202,38.258174],[-79.811987,38.260401],[-79.806333,38.259193],[-79.801274,38.261474],[-79.798295,38.265957],[-79.7961001204602,38.266413403698],[-79.790134,38.267654],[-79.788945,38.268703],[-79.787542,38.273298],[-79.789791,38.281167],[-79.795448,38.290228],[-79.797848,38.292053],[-79.802778,38.292073],[-79.8028623940791,38.2927578104064],[-79.803346,38.296682],[-79.804026,38.298622],[-79.807542,38.301694],[-79.810115,38.305037],[-79.810154,38.306707],[-79.808711,38.309429],[-79.804093,38.313922],[-79.799617,38.317149],[-79.798159,38.319161],[-79.79655,38.32348],[-79.785972,38.330878],[-79.779272,38.331609],[-79.77309,38.335529],[-79.769906,38.341843],[-79.766403,38.350873],[-79.767263,38.353395],[-79.764432,38.356514],[-79.757626,38.357566],[-79.75556,38.357372],[-79.744105,38.353968],[-79.740615,38.354101],[-79.7346,38.356728],[-79.732059,38.360168],[-79.729344,38.36183],[-79.727053,38.362233],[-79.725973,38.363229],[-79.725597,38.363828],[-79.725804,38.366128],[-79.72679,38.370832],[-79.727676,38.371701],[-79.730494,38.372217],[-79.731698,38.373376],[-79.729895,38.380351],[-79.72635,38.38707],[-79.722653,38.389517],[-79.717365,38.401562],[-79.712904,38.405034],[-79.708965,38.409553],[-79.70914,38.412064],[-79.706634,38.41573],[-79.689675,38.431439],[-79.689909,38.432864],[-79.69093,38.433995],[-79.691656,38.436436],[-79.691377,38.439558],[-79.689544,38.442511],[-79.691478,38.446282],[-79.688962,38.449538],[-79.688205,38.450476],[-79.688365,38.45687],[-79.688882,38.458714],[-79.691088,38.463744],[-79.695588,38.469058],[-79.698929,38.469869],[-79.699622,38.473967],[-79.699006,38.475148],[-79.695565,38.477842],[-79.69418,38.478311],[-79.693424,38.481011],[-79.695462,38.481454],[-79.696959,38.484574],[-79.697572,38.487223],[-79.694506,38.494232],[-79.692273,38.496474],[-79.691301,38.496768],[-79.688345,38.496183],[-79.682974,38.501317],[-79.681606,38.504504],[-79.681574,38.508217],[-79.680374,38.510617],[-79.674074,38.510417],[-79.670474,38.507717],[-79.669128,38.510883],[-79.669128,38.510975],[-79.668774,38.512017],[-79.667574,38.512917],[-79.665674,38.513817],[-79.663474,38.514117],[-79.662074,38.515517],[-79.662974,38.518717],[-79.666774,38.524317],[-79.669774,38.526917],[-79.671574,38.527517],[-79.672974,38.528717],[-79.668774,38.534217],[-79.666874,38.538317],[-79.669675,38.543416],[-79.669275,38.549516],[-79.665075,38.560916],[-79.662575,38.560516],[-79.659275,38.562416],[-79.660675,38.566216],[-79.661575,38.567316],[-79.659375,38.572616],[-79.658175,38.573016],[-79.656109,38.5762],[-79.6543188029416,38.5800977634275],[-79.649075,38.591515],[-79.571771,38.563117],[-79.566271,38.562517],[-79.555471,38.560217],[-79.54257,38.553217],[-79.53827,38.551817],[-79.537523299639,38.5513369783393],[-79.53687,38.550917],[-79.53337,38.546217],[-79.53317,38.544717],[-79.53187,38.542817],[-79.521469,38.533918],[-79.499768,38.49772],[-79.476638,38.457228],[-79.4763956583835,38.457159665936],[-79.370302,38.427244],[-79.312276,38.411876],[-79.300081,38.414888],[-79.297758,38.416438],[-79.295712,38.418129],[-79.291813,38.419627],[-79.290529,38.420757],[-79.288432,38.42096],[-79.286874,38.420555],[-79.285613,38.419249],[-79.282971,38.418095],[-79.280149,38.42076],[-79.279678,38.424173],[-79.280263,38.425475],[-79.280581,38.426833],[-79.28247,38.429168],[-79.282663,38.431021],[-79.282762,38.431647],[-79.282225,38.432078],[-79.274529,38.436337],[-79.272064,38.437376],[-79.267414,38.438322],[-79.265327,38.441772],[-79.263376,38.443762],[-79.26291,38.444586],[-79.261107,38.448082],[-79.254435,38.455949],[-79.253067,38.455818],[-79.247342,38.453294],[-79.242641,38.454168],[-79.241854,38.457055],[-79.242024,38.464332],[-79.240059,38.469841],[-79.234408,38.473011],[-79.23162,38.474041],[-79.225669,38.476471],[-79.2243090862597,38.4776607800969],[-79.220961,38.48059],[-79.221406,38.484837],[-79.219067,38.487441],[-79.215212,38.489261],[-79.210591,38.492913],[-79.210026,38.494231],[-79.210008,38.494283],[-79.209703,38.495574],[-79.207873,38.500122],[-79.207884,38.500428],[-79.206959,38.503522],[-79.210959,38.507422],[-79.205859,38.524521],[-79.201459,38.527821],[-79.196959,38.536721],[-79.193458,38.542421],[-79.188958,38.54742],[-79.184058,38.55152],[-79.180858,38.55992],[-79.176658,38.56552],[-79.174881,38.566314],[-79.174512,38.566531],[-79.170958,38.56812],[-79.170658,38.56922],[-79.171658,38.57162],[-79.170858,38.574119],[-79.168058,38.578619],[-79.1673213887043,38.5793395980066],[-79.163458,38.583119],[-79.158657,38.592319],[-79.158257,38.593919],[-79.158957,38.594519],[-79.159158,38.601219],[-79.154357,38.606518],[-79.155557,38.609218],[-79.155355,38.611225],[-79.151257,38.620618],[-79.146974,38.625641],[-79.146741,38.625819],[-79.142657,38.634417],[-79.139657,38.637217],[-79.137557,38.638017],[-79.137012,38.640655],[-79.136374,38.6424],[-79.135546,38.643715],[-79.135472,38.644057],[-79.133557,38.646017],[-79.131057,38.653217],[-79.129757,38.655017],[-79.122256,38.659817],[-79.120256,38.660216],[-79.111556,38.659717],[-79.106356,38.656217],[-79.092955,38.659517],[-79.092755,38.662816],[-79.092364674221,38.6643084220963],[-79.091055,38.669316],[-79.087855,38.673816],[-79.084355,38.686516],[-79.085555,38.688816],[-79.088055,38.690115],[-79.090755,38.692515],[-79.092271,38.699208],[-79.092555,38.700149],[-79.092755,38.702315],[-79.086555,38.716015],[-79.087255,38.720114],[-79.085455,38.724614],[-79.081955,38.729714],[-79.079655,38.734714],[-79.076555,38.739214],[-79.073855,38.742114],[-79.072755,38.744614],[-79.072555,38.747513],[-79.064854,38.754413],[-79.060954,38.756713],[-79.057554,38.760213],[-79.057253,38.761413],[-79.056754,38.766513],[-79.055654,38.770913],[-79.053754,38.772313],[-79.051554,38.772613],[-79.051254,38.773913],[-79.051654,38.778013],[-79.052454,38.779213],[-79.054354,38.780613],[-79.055654,38.783013],[-79.054954,38.785713],[-79.048954,38.790713],[-79.046554,38.792113],[-79.033153,38.791013],[-79.029253,38.791013],[-79.027253,38.792113],[-79.023053,38.798613],[-79.023453,38.802612],[-79.024453,38.803712],[-79.024053,38.809212],[-79.019553,38.817912],[-79.016752,38.820012],[-79.011952,38.820412],[-79.007952,38.822312],[-79.006552,38.823712],[-79.006152,38.824512],[-79.006352,38.826112],[-79.005152,38.829912],[-79.002352,38.836512],[-78.999014,38.840074],[-78.998863,38.840962],[-79.000252,38.845412],[-78.998171,38.847353],[-78.993997,38.850102],[-78.869276,38.762991],[-78.865905,38.767034],[-78.863684,38.7718],[-78.848187,38.794978],[-78.835191,38.811499],[-78.832267,38.814388],[-78.827262,38.82161],[-78.821167,38.830982],[-78.815116,38.841594],[-78.810943,38.849616],[-78.808181,38.856175],[-78.8060012001695,38.859531942737],[-78.796213,38.874606],[-78.79161,38.877593],[-78.790078,38.880076],[-78.788031,38.885123],[-78.786025,38.887187],[-78.779198,38.892298],[-78.772793,38.893742],[-78.759085,38.900529],[-78.757278,38.903203],[-78.754516,38.905728],[-78.754658,38.907582],[-78.750517,38.916029],[-78.738921,38.927283],[-78.7386774121291,38.9273529938689],[-78.726222,38.930932],[-78.724062,38.930846],[-78.722451,38.931405],[-78.718482,38.934267],[-78.717076,38.936028],[-78.71962,38.92651],[-78.720095,38.923863],[-78.719806,38.922638],[-78.719755,38.922135],[-78.719451,38.92026],[-78.7209,38.909844],[-78.71981,38.905907],[-78.718647,38.904561],[-78.717178,38.904296],[-78.716168,38.90483],[-78.712622,38.908665],[-78.704323,38.915231],[-78.69738,38.915602],[-78.69145,38.922195],[-78.6896204623449,38.9236803501377],[-78.688266,38.92478],[-78.681617,38.92584],[-78.680456,38.925313],[-78.670679,38.9338],[-78.666594,38.9392],[-78.665886,38.941579],[-78.662083,38.945702],[-78.65905,38.947375],[-78.655043,38.953766],[-78.652352,38.960677],[-78.646589,38.968138],[-78.638423,38.966819],[-78.632471,38.974739],[-78.632452,38.976983],[-78.630846,38.979586],[-78.629553,38.980866],[-78.625672,38.982575],[-78.620453,38.982601],[-78.619914,38.981288],[-78.619982,38.977338],[-78.618676,38.974082],[-78.614312,38.97585],[-78.611184,38.976134],[-78.608369,38.969743],[-78.601655,38.964603],[-78.601399,38.96653],[-78.598894,38.969546],[-78.596015,38.970192],[-78.593261,38.971918],[-78.588704,38.978579],[-78.582928,38.985416],[-78.581981,38.988398],[-78.580465,38.990567],[-78.570462,39.001552],[-78.561711,39.009007],[-78.5594,39.011877],[-78.554919,39.015124],[-78.552321,39.016374],[-78.550467,39.018065],[-78.55738,39.021393],[-78.55964,39.024456],[-78.563294,39.026328],[-78.565073,39.025935],[-78.565837,39.026303],[-78.571901,39.031995],[-78.559997,39.041573],[-78.556748,39.044527],[-78.554263,39.048058],[-78.547734,39.054069],[-78.545679,39.055052],[-78.5441928910609,39.0565696646112],[-78.540216,39.060631],[-78.531695,39.066519],[-78.526543,39.068221],[-78.522714,39.071062],[-78.516789,39.077569],[-78.515955,39.080046],[-78.516479,39.081802],[-78.512103,39.084878],[-78.508132,39.08863],[-78.504384,39.091398],[-78.495984,39.09898],[-78.49516,39.100992],[-78.484283,39.107372],[-78.478426,39.109843],[-78.47732,39.109398],[-78.475376,39.107469],[-78.473209,39.108143],[-78.470261,39.110063],[-78.46953,39.111204],[-78.466662,39.112858],[-78.459869,39.113351],[-78.439429,39.132146],[-78.437771,39.135426],[-78.436658,39.141691],[-78.427294,39.152726],[-78.413943,39.158415],[-78.412599,39.160038],[-78.403697,39.167451],[-78.4039395737215,39.1677071531009],[-78.406966,39.170903],[-78.411972,39.172734],[-78.426315,39.182762],[-78.428697,39.187217],[-78.424292,39.192156],[-78.424905,39.193301],[-78.430846,39.196227],[-78.436662,39.196658],[-78.438651,39.198049],[-78.437053,39.199766],[-78.43213,39.204717],[-78.431167,39.205744],[-78.429803,39.207014],[-78.427911,39.208611],[-78.423968,39.212049],[-78.41789,39.217504],[-78.405585,39.231176],[-78.40498,39.238006],[-78.404214,39.241214],[-78.399669,39.243874],[-78.399785,39.244129],[-78.409116,39.252564],[-78.414631,39.255733],[-78.41612,39.25541],[-78.418584,39.256065],[-78.419422,39.257476],[-78.414204,39.26391],[-78.402783,39.275471],[-78.401813,39.276754],[-78.402275,39.277238],[-78.398682,39.281332],[-78.393371,39.282988],[-78.3920994623151,39.2845362482409],[-78.388785,39.288572],[-78.387194,39.291444],[-78.387242,39.29343],[-78.385888,39.294888],[-78.374728,39.305136],[-78.371604,39.307692],[-78.367242,39.310148],[-78.364686,39.317312],[-78.361567,39.318037],[-78.360035,39.317771],[-78.35894,39.319484],[-78.346301,39.339108],[-78.34546,39.341024],[-78.3456298036274,39.3411564686992],[-78.347634,39.34272],[-78.347409,39.343402],[-78.343685,39.346713],[-78.342514,39.346769],[-78.341308,39.345555],[-78.339284,39.348605],[-78.338958,39.349889],[-78.34048,39.353492],[-78.348698,39.354744],[-78.362267,39.357784],[-78.3624277996426,39.3578366444047],[-78.366867,39.35929],[-78.362632,39.362888],[-78.354837,39.371616],[-78.343214,39.388807],[-78.350014,39.392861],[-78.349436,39.397252],[-78.357949,39.404192],[-78.359918,39.409028],[-78.359352,39.412534],[-78.356627,39.415902],[-78.351236,39.420595],[-78.348354,39.424431],[-78.346718,39.427618],[-78.347942,39.430879],[-78.353227,39.436792],[-78.347773,39.440583],[-78.346546,39.442616],[-78.346061,39.445613],[-78.347333,39.447659],[-78.346962,39.450679],[-78.345823,39.453499],[-78.345143,39.459484],[-78.349476,39.462205],[-78.347087,39.466012],[-78.3470356953256,39.4659796610511],[-78.307396270479,39.4409936855911],[-78.28798,39.428755],[-78.262785,39.414323],[-78.228766,39.391233],[-78.205401,39.375099],[-78.18737,39.363989],[-78.1715209919069,39.3528002825715],[-78.158194,39.343392],[-78.14092,39.333745],[-78.1359202829741,39.33043739209],[-78.108746,39.31246],[-78.1083085187363,39.3121830217102],[-78.108304826211,39.3121806838973],[-78.0331865984578,39.2646218054158],[-78.0331853088999,39.2646209889705],[-78.032841,39.264403],[-77.8609286356256,39.1534751619062],[-77.86088412513,39.1534464411503],[-77.8283018332673,39.1324224548325],[-77.828157,39.132329],[-77.822182,39.139985],[-77.82223,39.142734],[-77.82299,39.145451],[-77.822874,39.147755],[-77.821413,39.15241],[-77.818446,39.155279],[-77.813206,39.165023],[-77.811295,39.167563],[-77.809125,39.168567],[-77.805991,39.172421],[-77.805099,39.174222],[-77.804415,39.178045],[-77.804712,39.179419],[-77.8000146886198,39.1887227160104],[-77.797943,39.192826],[-77.797714,39.19424],[-77.798478,39.199574],[-77.79819,39.200658],[-77.794596,39.206299],[-77.793631,39.210125],[-77.788763,39.215243],[-77.78364,39.224081],[-77.781268,39.226909],[-77.778068,39.229305],[-77.7737089403333,39.2342000149963],[-77.771415,39.236776],[-77.767277,39.24938],[-77.770589,39.249393],[-77.770876,39.24976],[-77.770669,39.255262],[-77.770281,39.255977],[-77.768992,39.256417],[-77.768,39.257657],[-77.766525,39.25734],[-77.762844,39.258445],[-77.7622312213775,39.2610567126049],[-77.7621944059562,39.2612136229413],[-77.761768,39.263031],[-77.761217,39.263721],[-77.758733,39.268114],[-77.758412,39.269197],[-77.755698,39.274575],[-77.755193,39.275191],[-77.753105,39.27734],[-77.75306,39.277971],[-77.753357,39.280331],[-77.752726,39.283373],[-77.750267,39.289284],[-77.747287,39.295001],[-77.734899,39.312409],[-77.730047,39.315666],[-77.721638,39.318494],[-77.719946,39.319693],[-77.719519,39.321314],[-77.715865,39.320641],[-77.707709,39.321559],[-77.697461,39.318633],[-77.692984,39.31845],[-77.687124,39.319914],[-77.681706,39.323666],[-77.6771230127463,39.3240773739412],[-77.675846,39.324192],[-77.671341,39.321675],[-77.66613,39.317008],[-77.650997,39.310784],[-77.640282,39.308241],[-77.636101,39.307782],[-77.6316976325714,39.3066768993558],[-77.6316568943776,39.3066666754067],[-77.615939,39.302722],[-77.6059,39.303688],[-77.598892,39.301883],[-77.592739,39.30129],[-77.588235,39.301955],[-77.5830918701483,39.30368257225],[-77.578491,39.305228],[-77.570041,39.30635],[-77.566596,39.306121],[-77.5658310251171,39.3056199030448],[-77.56321,39.303903],[-77.561826,39.301913],[-77.562768,39.294501],[-77.560854,39.286152],[-77.553114,39.279268],[-77.5512682504984,39.276234161256],[-77.551054,39.275882],[-77.5465552833747,39.2721270228168],[-77.545846,39.271535],[-77.544258,39.26966],[-77.543228,39.266937],[-77.540581,39.264947],[-77.534461,39.262361],[-77.522486,39.259086],[-77.520986,39.258491],[-77.519634,39.257232],[-77.508427,39.25263],[-77.496606,39.251045],[-77.486813,39.247586],[-77.484664,39.246123],[-77.480807,39.241664],[-77.4802430566701,39.2412434231264],[-77.471213,39.234509],[-77.46021,39.228359],[-77.45812,39.22614],[-77.45768,39.22502],[-77.457943,39.222023],[-77.4589223494682,39.2203363986735],[-77.459883,39.218682],[-77.470113,39.21184],[-77.47361,39.208407],[-77.475929,39.202024],[-77.475013,39.194934],[-77.477362,39.190495],[-77.478596,39.189168],[-77.485971,39.185665],[-77.505162,39.18205],[-77.510631,39.178484],[-77.516426,39.170891],[-77.521222,39.161057],[-77.5244156331222,39.1500306535325],[-77.524872,39.148455],[-77.527282,39.146236],[-77.526728,39.137315],[-77.524559,39.127821],[-77.519929,39.120925],[-77.51532,39.118591],[-77.5020761733592,39.1146532333628],[-77.499711,39.11395],[-77.494955,39.113038],[-77.4858,39.109303],[-77.481279,39.105658],[-77.4775532767993,39.1010089188358],[-77.47701,39.100331],[-77.472414,39.092524],[-77.469443,39.086387],[-77.4686982662398,39.0852808096111],[-77.4649653848213,39.0797361737039],[-77.462617,39.076248],[-77.46145,39.075151],[-77.458202,39.073723],[-77.452827,39.072468],[-77.4436083499535,39.0713583200145],[-77.4374,39.070611],[-77.42318,39.066878],[-77.4207106867182,39.0667368508666],[-77.41543,39.066435],[-77.404593,39.064496],[-77.4019135386037,39.064639196304],[-77.399204,39.064784],[-77.38568,39.061987],[-77.380108,39.062808],[-77.3784960318384,39.0623236723221],[-77.375079,39.061297],[-77.367529,39.061087],[-77.3668224561035,39.0611697776611],[-77.359702,39.062004],[-77.350311,39.062133],[-77.3421002787855,39.0628357931766],[-77.340287,39.062991],[-77.335511,39.061771],[-77.33401,39.060989],[-77.3337299212557,39.059624537433],[-77.333706,39.059508],[-77.328281093199,39.0577948715365],[-77.324206,39.056508],[-77.314905,39.052208],[-77.310705,39.052008],[-77.3084577592187,39.0514288142316],[-77.301005,39.049508],[-77.293105,39.046508],[-77.274706,39.034091],[-77.266004,39.031909],[-77.255303,39.030009],[-77.248403,39.026909],[-77.2483830315804,39.0268923596504],[-77.246003,39.024909],[-77.244603,39.020109],[-77.246903,39.014809],[-77.251803,39.011409],[-77.255703,39.002409],[-77.253003,38.995709],[-77.249203,38.993709],[-77.248303,38.992309],[-77.249803,38.985909],[-77.234803,38.97631],[-77.232268,38.979502],[-77.231601,38.979917],[-77.229992,38.979858],[-77.228395,38.978404],[-77.224969,38.973349],[-77.221502,38.97131],[-77.211502,38.96941],[-77.209302,38.97041],[-77.203602,38.96891],[-77.202502,38.96791],[-77.197502,38.96681],[-77.188302,38.96751],[-77.183002,38.96881],[-77.1798557763067,38.9684415565443],[-77.1796039928508,38.9684120710482],[-77.171901,38.96751],[-77.168001,38.96741],[-77.166901,38.96811],[-77.165301,38.96801],[-77.151084,38.965832],[-77.148179,38.965002],[-77.146601,38.96421],[-77.137701,38.95531],[-77.131901,38.94741],[-77.127601,38.94001],[-77.1197966910841,38.9343702373596],[-77.119759,38.934343],[-77.1179,38.932411],[-77.1168162618117,38.9294932433392],[-77.1166,38.928911],[-77.1134,38.925211],[-77.1063,38.919111],[-77.1054024360726,38.9171920702241],[-77.1034,38.912911],[-77.1012,38.911111],[-77.1010155931084,38.9109831445552],[-77.0937,38.905911],[-77.0902,38.904211],[-77.0828392117323,38.902094773373],[-77.0822,38.901911],[-77.0792973903799,38.9016231616772],[-77.0706217017928,38.9007628339105],[-77.070099,38.900711],[-77.0693711968326,38.9003662511312],[-77.068199,38.899811],[-77.067299,38.899211],[-77.0646579445255,38.8918438452555],[-77.063499,38.888611],[-77.058254,38.880069],[-77.055199,38.880012],[-77.054099,38.879112],[-77.051099,38.875212],[-77.051299,38.873212],[-77.049099,38.870712],[-77.046299,38.871312],[-77.045599,38.873012],[-77.046599,38.874912],[-77.045399,38.875212],[-77.043299,38.874012],[-77.0410926577838,38.8717239414054],[-77.040599,38.871212],[-77.039099,38.868112],[-77.038899,38.865812],[-77.039299,38.864312],[-77.0318917188571,38.8508637063844],[-77.031698,38.850512],[-77.032798,38.841712],[-77.041699,38.840212],[-77.044199,38.840212],[-77.044487611898,38.8395986997167],[-77.044999,38.838512],[-77.044899,38.834712],[-77.043499,38.833212],[-77.042599,38.833812],[-77.041199,38.833712],[-77.039199,38.832212],[-77.038098,38.828612],[-77.0388839758188,38.8229537600804],[-77.039098,38.821413],[-77.0387883445095,38.8196169981551],[-77.038098,38.815613],[-77.035798,38.814913],[-77.0372124445351,38.8084795587276],[-77.0379710580559,38.8050290907782],[-77.0387199366664,38.8016229009692],[-77.038898,38.800813],[-77.0389430537894,38.7969884338797],[-77.039006,38.791645],[-77.039498,38.791113],[-77.040098,38.789913],[-77.040372554527,38.785355394851],[-77.041098,38.773313],[-77.04140688254,38.7610353051364],[-77.0414383309299,38.7597852709485],[-77.0417671402927,38.7467155097909],[-77.041898,38.741514],[-77.040998,38.737914],[-77.0412397340543,38.7298165135175],[-77.0412793492709,38.7284895027976],[-77.0413126345888,38.7273745278629],[-77.041398,38.724515],[-77.042298,38.718515],[-77.045498,38.714315],[-77.0485241794801,38.712585979131],[-77.053199,38.709915],[-77.059725183957,38.7097260458988],[-77.0621909521188,38.7096546539476],[-77.065322,38.709564],[-77.071861,38.710581],[-77.072807,38.711526],[-77.073714031001,38.7112534298651],[-77.079499,38.709515],[-77.0863289190155,38.70612807975],[-77.0918,38.703415],[-77.0951676153846,38.7011699230769],[-77.099,38.698615],[-77.1027,38.698315],[-77.1059,38.696815],[-77.122001,38.685816],[-77.1225521415929,38.6851861238938],[-77.132501,38.673816],[-77.1344628993383,38.6599678758177],[-77.135901,38.649817],[-77.131901,38.644217],[-77.132201,38.641217],[-77.1302,38.635017],[-77.166459,38.627645],[-77.203694,38.618164],[-77.2272883208399,38.6044877437611],[-77.2380171386603,38.5982688717432],[-77.24636,38.593433],[-77.2528965659776,38.5756955931922],[-77.25808,38.56163],[-77.2585639794228,38.5612970272449],[-77.277105,38.548541],[-77.276972,38.540958],[-77.2825048116151,38.5291426489793],[-77.283754,38.526475],[-77.2997177341975,38.5071212046287],[-77.30187096508,38.504510713288],[-77.309498,38.495264],[-77.3164701719976,38.4793004481674],[-77.31918,38.473096],[-77.323371,38.433327],[-77.319621,38.418221],[-77.31097,38.396582],[-77.3095720696198,38.3909805578581],[-77.305649,38.375261],[-77.297629,38.370026],[-77.288591,38.357842],[-77.28835,38.351286],[-77.2870333378232,38.3488341875994],[-77.284121,38.343411],[-77.279633,38.339444],[-77.2675279734811,38.3341428797941],[-77.265295,38.333165],[-77.240072,38.331598],[-77.199433,38.34089],[-77.17934,38.341915],[-77.162692,38.345994],[-77.155191,38.351047],[-77.138224,38.367917],[-77.104717,38.369655],[-77.094665,38.367715],[-77.08481,38.368297],[-77.069956,38.377895],[-77.056032,38.3962],[-77.051437,38.399083],[-77.043526,38.400548],[-77.024866,38.386791],[-77.011827,38.374554],[-77.016932,38.341697],[-77.018542,38.329199],[-77.029608,38.313012],[-77.026304,38.302685],[-76.99767,38.278047],[-76.990255,38.273935],[-76.981372,38.274214],[-76.96215,38.256486],[-76.957796,38.243183],[-76.957417,38.236341],[-76.962375,38.230093],[-76.9622493568424,38.2298890120771],[-76.953123255473,38.2150723320551],[-76.949101,38.208542],[-76.937134,38.202384],[-76.916922,38.199751],[-76.910832,38.197073],[-76.9019261402754,38.1908454097887],[-76.875272,38.172207],[-76.838795,38.163476],[-76.824274,38.163639],[-76.802968,38.167988],[-76.788445,38.169199],[-76.767465,38.167916],[-76.751833,38.164096],[-76.7267773121697,38.1623548223724],[-76.712951,38.161394],[-76.673781,38.156986],[-76.63573,38.151907],[-76.628554,38.152304],[-76.613939,38.148587],[-76.604131,38.128771],[-76.600937,38.110084],[-76.5958637774829,38.106483999656],[-76.579497,38.09487],[-76.543155,38.076971],[-76.530526,38.058502],[-76.518475,38.044232],[-76.5174406959996,38.0347548140709],[-76.516547,38.026566],[-76.491998,38.017222],[-76.466088,38.013298],[-76.451596,37.996555],[-76.4337980211891,37.982146971776],[-76.427487,37.977038],[-76.412932,37.966324],[-76.391439,37.958742],[-76.360211,37.952329],[-76.343848,37.947345],[-76.3136966648586,37.9334157415753],[-76.265998,37.91138],[-76.236725,37.889174],[-76.236728,37.889164],[-76.245072,37.861918],[-76.251358,37.833072],[-76.266057,37.8174],[-76.275178,37.812664],[-76.280544,37.812597],[-76.282592,37.814109],[-76.281985,37.818068],[-76.2830715727555,37.8196463036943],[-76.284904,37.822308],[-76.293525,37.822717],[-76.307482,37.81235],[-76.310307,37.794849],[-76.306489,37.788646],[-76.312108,37.750522],[-76.304917,37.729913],[-76.312858,37.720338],[-76.302803,37.704474],[-76.300067,37.695364],[-76.302545,37.689],[-76.312079,37.684651],[-76.321471,37.685528],[-76.3260935925906,37.6827885096607],[-76.326329,37.682649],[-76.326857,37.674116],[-76.3326776753595,37.6660112621576],[-76.339892,37.655966],[-76.332562,37.645817],[-76.306464,37.642005],[-76.292534,37.636098],[-76.287959,37.631771],[-76.279447,37.618225],[-76.28037,37.613715],[-76.309174,37.621892],[-76.36232,37.610368],[-76.381106,37.627003],[-76.390054,37.630326],[-76.399236,37.628636],[-76.4401533737628,37.6506767980665],[-76.443254,37.652347],[-76.472392,37.665772],[-76.4770740824448,37.6658888885806],[-76.489576,37.666201],[-76.491799,37.663614],[-76.497564,37.647056],[-76.501522,37.643762],[-76.510187,37.642324],[-76.536548,37.663574],[-76.537698,37.66893],[-76.535302,37.687516],[-76.537228,37.698892],[-76.54005,37.704432],[-76.560476,37.727827],[-76.576387,37.757493],[-76.584289,37.76889],[-76.593835,37.772848],[-76.595939,37.77168],[-76.602024,37.772731],[-76.615351,37.780759],[-76.6422756727082,37.7923167043293],[-76.651413,37.796239],[-76.658302,37.806815],[-76.680197,37.825654],[-76.692747,37.82277],[-76.701606,37.822677],[-76.722156,37.83668],[-76.72718,37.842263],[-76.733046,37.852009],[-76.738395,37.865373],[-76.747552,37.875864],[-76.765711,37.879274],[-76.768772,37.899129],[-76.798482,37.925194],[-76.820705,37.933162],[-76.836629,37.934193],[-76.846255,37.94872],[-76.851603,37.973175],[-76.868003,37.983666],[-76.900328,37.998652],[-76.9064359784404,37.9987793062827],[-76.918272,37.999026],[-76.927423,37.981793],[-76.904962,37.972519],[-76.888206,37.951906],[-76.8877501704098,37.9515438071312],[-76.84618,37.918513],[-76.8208531512486,37.9045859339547],[-76.806325,37.896597],[-76.784618,37.869569],[-76.782826,37.863184],[-76.766328,37.840437],[-76.7512,37.824141],[-76.734309,37.79866],[-76.723863,37.788503],[-76.715498,37.785873],[-76.689773,37.78519],[-76.683775,37.781391],[-76.681901,37.778118],[-76.683343,37.775783],[-76.6833585929492,37.7702577191032],[-76.683372,37.765507],[-76.680922,37.759647],[-76.677002,37.7561],[-76.663887,37.751887],[-76.639962,37.750941],[-76.61971,37.744795],[-76.617373,37.742347],[-76.621433,37.737973],[-76.61997,37.731271],[-76.606466,37.724819],[-76.597213,37.717269],[-76.595943,37.712989],[-76.598073,37.70912],[-76.597868,37.702918],[-76.579591,37.671508],[-76.5813479816967,37.6667979831881],[-76.583143,37.661986],[-76.574049,37.646781],[-76.542666,37.616857],[-76.533777,37.61253],[-76.527188,37.611315],[-76.5064619182684,37.6116521711401],[-76.435474,37.612807],[-76.420252,37.598686],[-76.410781,37.581815],[-76.4088707430113,37.581208616462],[-76.383188,37.573056],[-76.357835,37.573699],[-76.332641,37.570042],[-76.300144,37.561734],[-76.29796,37.557636],[-76.302762,37.551295],[-76.330598,37.536391],[-76.339989,37.53833],[-76.348992,37.536548],[-76.3550844814706,37.5273641758149],[-76.360474,37.51924],[-76.359378,37.513426],[-76.352678,37.504913],[-76.32947,37.49492],[-76.317006121589,37.4963414068638],[-76.306952,37.497488],[-76.297739,37.506863],[-76.296445,37.511235],[-76.298456,37.512677],[-76.297651,37.515424],[-76.293599,37.516499],[-76.288167,37.514118],[-76.281043,37.507821],[-76.265056,37.481365],[-76.252415,37.447274],[-76.2516851452452,37.437824967611],[-76.250454,37.421886],[-76.2481263525395,37.4111097869458],[-76.246617,37.404122],[-76.245283,37.386839],[-76.24846,37.375135],[-76.252855001544,37.369263507156],[-76.258277,37.36202],[-76.262407,37.360786],[-76.264847,37.357399],[-76.272888,37.335174],[-76.272005,37.322194],[-76.275552,37.309964],[-76.282555,37.319107],[-76.291324,37.324145],[-76.308581,37.329366],[-76.31205,37.338088],[-76.337476,37.364014],[-76.366751,37.374495],[-76.387112,37.385061],[-76.391437,37.390284],[-76.393958,37.39594],[-76.393125,37.398068],[-76.4047560317518,37.4002130024531],[-76.415167,37.402133],[-76.418719,37.3978],[-76.418176,37.385064],[-76.422503,37.381355],[-76.437525,37.37975],[-76.4434723901015,37.3696269448707],[-76.445333,37.36646],[-76.434965,37.354524],[-76.406388,37.332924],[-76.3966376771824,37.3196983768162],[-76.38777,37.30767],[-76.385603,37.294108],[-76.381075,37.28534],[-76.369029,37.279311],[-76.352556,37.278334],[-76.349489,37.273963],[-76.36229,37.270226],[-76.392788,37.264973],[-76.417173,37.26395],[-76.421765,37.255198],[-76.429141,37.25331],[-76.475927,37.250543],[-76.4815143009264,37.2540086945425],[-76.48284,37.254831],[-76.493302,37.24947],[-76.4988999709057,37.2410151037221],[-76.50364,37.233856],[-76.494008,37.225408],[-76.471799,37.216016],[-76.469360607044,37.2163027663391],[-76.394132,37.22515],[-76.389793,37.222981],[-76.3936,37.214049],[-76.3942538325579,37.2105926469759],[-76.3944186550664,37.20972134626],[-76.3951977335006,37.2056029063482],[-76.396052,37.201087],[-76.389284,37.193503],[-76.391252,37.179887],[-76.3963502229975,37.1715785440963],[-76.402237,37.161985],[-76.402177711648,37.1619499944324],[-76.394756,37.157568],[-76.381379,37.155711],[-76.3784810113786,37.1581381364531],[-76.3776319778057,37.1588492228665],[-76.376714140078,37.1596179344448],[-76.375255,37.16084],[-76.35969,37.16858],[-76.348658,37.170655],[-76.343234,37.166207],[-76.344898,37.164479],[-76.34405,37.160367],[-76.340129,37.151823],[-76.334017,37.144223],[-76.330481,37.141727],[-76.324353,37.142895],[-76.311088,37.138495],[-76.298549,37.12983],[-76.294196,37.113761],[-76.2939248459267,37.1135313838259],[-76.278738,37.100671],[-76.271329,37.086606],[-76.2811893588552,37.0630421508754],[-76.2921500326614,37.0368488177862],[-76.292863,37.035145],[-76.2929497505441,37.0348404058541],[-76.300352,37.00885],[-76.304272,37.001378],[-76.312048,37.000371],[-76.315008,37.001683],[-76.314624,37.00933],[-76.3176874292411,37.0133504726687],[-76.318065,37.013846],[-76.3214673740768,37.0140567572102],[-76.3295308204956,37.0145562406395],[-76.3401099401393,37.015211555338],[-76.340666,37.015246],[-76.348066,37.006747],[-76.356366,37.002947],[-76.373567,36.998347],[-76.383367,36.993347],[-76.3877113044092,36.989671332859],[-76.3944412989288,36.9839771601249],[-76.396368,36.982347],[-76.4056600583655,36.9722932975062],[-76.408568,36.969147],[-76.411768,36.962847],[-76.418969,36.964047],[-76.428869,36.969947],[-76.4379538827198,36.9809728097476],[-76.452118,36.998163],[-76.452461,37.004603],[-76.449891,37.004868],[-76.448231,37.007705],[-76.4577026098777,37.0192773942853],[-76.464471,37.027547],[-76.4888377919778,37.041463965488],[-76.512289,37.054858],[-76.518242,37.055351],[-76.526273,37.062947],[-76.527973,37.068247],[-76.526573,37.070047],[-76.526203,37.077773],[-76.5289974281673,37.0793883323992],[-76.536875,37.083942],[-76.5423663977523,37.081501948984],[-76.555066,37.075859],[-76.564219,37.077507],[-76.567931,37.080467],[-76.579499,37.096627],[-76.618252,37.119347],[-76.62478,37.127091],[-76.622252,37.142146],[-76.617084,37.144498],[-76.604476,37.160034],[-76.606684,37.166674],[-76.610972,37.166994],[-76.611017579599,37.1670970016316],[-76.616268,37.178962],[-76.61934,37.192146],[-76.623292,37.198738],[-76.629868,37.206738],[-76.641085,37.216002],[-76.649869,37.220914],[-76.689166,37.222866],[-76.6933723186333,37.2212281299952],[-76.698943,37.219059],[-76.730951,37.213813],[-76.7326381417154,37.2090044708367],[-76.73432,37.204211],[-76.74,37.195379],[-76.74304,37.192611],[-76.75047,37.190098],[-76.757765,37.191658],[-76.773752,37.206061],[-76.780532,37.209336],[-76.7885770855513,37.2228910876279],[-76.793537,37.231248],[-76.822178,37.243642],[-76.858424,37.241385],[-76.872209,37.26275],[-76.8753156074675,37.2609825276334],[-76.907624,37.242601],[-76.936145,37.238817],[-76.9431873557451,37.2342444451873],[-76.948386,37.230869],[-76.928302,37.216864],[-76.908455,37.202667],[-76.890927,37.199506],[-76.865704,37.209024],[-76.836201,37.20598],[-76.802511,37.198308],[-76.796905,37.189404],[-76.756899,37.161582],[-76.747632,37.150548],[-76.73728,37.146164],[-76.73032,37.145395],[-76.715295,37.148035],[-76.696735,37.174403],[-76.692926,37.186147],[-76.691918,37.195731],[-76.685614,37.198851],[-76.669886,37.183571],[-76.663774,37.173875],[-76.66427,37.171027],[-76.66867,37.166771],[-76.67147,37.158739],[-76.671588,37.14206],[-76.666542,37.138179],[-76.656894,37.109843],[-76.65811,37.096787],[-76.667646,37.076228],[-76.669822,37.06426],[-76.66835,37.05506],[-76.662558,37.045748],[-76.653998,37.039172],[-76.646013,37.036228],[-76.612124,37.035604],[-76.586491,37.02874],[-76.577531,37.022548],[-76.5658027113464,37.0074926283658],[-76.562923,37.003796],[-76.551246,36.998946],[-76.524853,36.983833],[-76.522971,36.981085],[-76.524142,36.978316],[-76.521006,36.973187],[-76.513363,36.968057],[-76.5116455791115,36.9676813801947],[-76.500355,36.965212],[-76.487559,36.952372],[-76.4841070658135,36.928916],[-76.482407,36.917364],[-76.482135,36.901108],[-76.483369,36.896239],[-76.4786792132429,36.891588948337],[-76.469914,36.882898],[-76.4553520178657,36.8840258791838],[-76.454692,36.884077],[-76.45329,36.887031],[-76.453941,36.89274],[-76.447413,36.90322],[-76.441605,36.906116],[-76.43122,36.904532],[-76.4232445599545,36.9021480789844],[-76.407507,36.897444],[-76.4069080052877,36.8975071738154],[-76.395685184874,36.8986908042733],[-76.387567,36.899547],[-76.385867,36.923247],[-76.353765,36.922747],[-76.349433,36.895168],[-76.3304922262524,36.8891435854775],[-76.318059,36.885189],[-76.3179906688127,36.8854114664707],[-76.3174106463965,36.8872998507492],[-76.314731,36.896024],[-76.314137,36.902486],[-76.3187362851182,36.9029643504213],[-76.3211454848823,36.9032149201712],[-76.326021,36.903722],[-76.328279,36.915029],[-76.330765,36.938647],[-76.327365,36.959447],[-76.322764,36.959147],[-76.315867,36.955351],[-76.3130943017262,36.9570640480276],[-76.299364,36.965547],[-76.297663,36.968147],[-76.285063,36.968747],[-76.267962,36.964547],[-76.2592206202597,36.9594082839925],[-76.2424102992473,36.9495261523105],[-76.234961,36.945147],[-76.228029374837,36.9422286404095],[-76.22166,36.939547],[-76.2147675024174,36.9377858810946],[-76.1990128310266,36.9337603664968],[-76.189959,36.931447],[-76.1800286059524,36.929792],[-76.177019231978,36.9292904575734],[-76.139557,36.923047],[-76.1366415575978,36.9221051682811],[-76.1295204284118,36.9198046922586],[-76.1201507311726,36.9167778178298],[-76.095508,36.908817],[-76.0916075232336,36.9087292095789],[-76.087955,36.908647],[-76.0778530752029,36.9114605289358],[-76.0694578183494,36.9137987267105],[-76.058154,36.916947],[-76.0579536334571,36.9170876546593],[-76.043054,36.927547],[-76.033454,36.931946],[-76.013753,36.930746],[-76.007553,36.929047],[-75.996252,36.922047],[-75.9932880598317,36.9149839936415],[-75.991552,36.910847],[-75.9853442838543,36.8889038545148],[-75.9820262160534,36.8771750894145],[-75.9770333959515,36.8595263800813],[-75.9730919562015,36.8455941087234],[-75.972151,36.842268],[-75.9668352743951,36.8186098474906],[-75.965451,36.812449],[-75.94955,36.76115],[-75.9493946111252,36.760763796998],[-75.921748,36.692051],[-75.9200911371676,36.6887537343062],[-75.890946,36.630753],[-75.874145,36.583853],[-75.8683,36.550394],[-75.880247,36.550736],[-75.880644,36.550754],[-75.885945,36.550754],[-75.886545,36.550754],[-75.891945,36.550754],[-75.893245,36.550654],[-75.894145,36.550754],[-75.903445,36.550654],[-75.904745,36.550654],[-75.90688,36.550654],[-75.909046,36.550654],[-75.911446,36.550654],[-75.922046,36.550654],[-75.952847,36.550553],[-75.953447,36.550553],[-75.955748,36.550553],[-75.957648,36.550553],[-76.026721,36.550553],[-76.02675,36.550553],[-76.034751,36.550653],[-76.1223521611215,36.5506209121235],[-76.1927870447291,36.5505951121705],[-76.1931223845596,36.5505949893372],[-76.313215,36.550551],[-76.3133029178411,36.5505512312821],[-76.3766927385896,36.5507179884543],[-76.465268,36.550951],[-76.491482764957,36.5507317975136],[-76.5415364676522,36.5503132587206],[-76.541687,36.550312],[-76.575496,36.550744],[-76.632872902435,36.5508289203385],[-76.7151510790619,36.5509506956578],[-76.738329,36.550985],[-76.749678,36.550381],[-76.7552893942129,36.5504303379591],[-76.781296,36.550659],[-76.7813994753598,36.5506587872859],[-76.807078,36.550606],[-76.915897,36.552093],[-76.916989,36.550742],[-76.917318,36.546046],[-76.916060288835,36.5438365877093],[-76.916048,36.543815],[-76.9216282207176,36.5438402804753],[-77.095062,36.544626],[-77.1030250031878,36.5444546950575],[-77.124812,36.543986],[-77.152691,36.544078],[-77.164370064468,36.5463052210333],[-77.1645,36.54633],[-77.16966,36.547315],[-77.190175,36.546164],[-77.205156,36.544581],[-77.2532080706078,36.5446638590475],[-77.2968141999365,36.5447390516936],[-77.372709824248,36.5448699230392],[-77.5764069410784,36.5452211701105],[-77.749706,36.54552],[-77.7671232503754,36.5454137549669],[-77.7722852822259,36.5453822666301],[-77.87528,36.544754],[-77.8822265251281,36.5447373134199],[-77.882357,36.544737],[-77.899771,36.544663],[-78.038938,36.544173],[-78.03942,36.544196],[-78.0462112119251,36.5441680334942],[-78.0462187396896,36.5441680024946],[-78.0691745799136,36.5440734693471],[-78.1215181836615,36.5438579161127],[-78.1296851159471,36.5438242843307],[-78.132911,36.543811],[-78.133323,36.543847],[-78.245462,36.544411],[-78.246681,36.544341],[-78.2644230174927,36.5442187854319],[-78.323912,36.543809],[-78.3239883198679,36.5438082240465],[-78.3240036520265,36.543808068161],[-78.436333,36.542666],[-78.441199,36.542687],[-78.4569670005471,36.54247404051],[-78.45697,36.542474],[-78.470792,36.542316],[-78.471022,36.542307],[-78.509965,36.541065],[-78.529722,36.540981],[-78.533013,36.541004],[-78.605304,36.541092],[-78.6259589897076,36.5414192014125],[-78.663317,36.542011],[-78.670051,36.542035],[-78.7341219239254,36.5419022759072],[-78.758392,36.541852],[-78.76543,36.541727],[-78.7775800783612,36.5417214897604],[-78.7962710014091,36.5417130131513],[-78.7963,36.541713],[-78.8481994803976,36.5418266808557],[-78.901712996422,36.5419438971023],[-78.914543,36.541972],[-78.91542,36.541974],[-78.942009,36.542113],[-78.942254,36.542079],[-78.970577,36.542154],[-78.971814,36.542123],[-79.124736,36.541568],[-79.126078,36.541533],[-79.137936,36.541739],[-79.1383311871639,36.541738061605],[-79.146772655729,36.5417180168457],[-79.208686,36.541571],[-79.20948,36.541594],[-79.2184541869829,36.5414925778669],[-79.24974,36.541139],[-79.3428159854101,36.5411765254678],[-79.3431171666517,36.5411766468951],[-79.445687,36.541218],[-79.445961,36.541195],[-79.4569018293564,36.5411177041552],[-79.4700322670177,36.5410249389508],[-79.510647,36.540738],[-79.5136470557863,36.5407578620674],[-79.5178257644934,36.5407855274842],[-79.6060285382053,36.5413694797702],[-79.666827,36.541772],[-79.667309,36.541772],[-79.7148401962592,36.5420023594642],[-79.731891718906,36.542084999497],[-79.8077156244974,36.542452479292],[-79.8413238677603,36.5426153613046],[-79.8655964281237,36.542732998024],[-79.887262,36.542838],[-79.904662,36.542438],[-79.9106061510891,36.5424415292711],[-79.966979,36.542475],[-79.967511,36.542502],[-79.988026006864,36.54249959689],[-80.027269,36.542495],[-80.0273389759592,36.5424951113257],[-80.0534585356035,36.5425366652957],[-80.122183,36.542646],[-80.169535,36.54319],[-80.171636,36.543219],[-80.1729665072297,36.543232089309],[-80.225339,36.5437473211895],[-80.225408,36.543748],[-80.228263,36.543867],[-80.2765530911762,36.5439434220613],[-80.295243,36.543973],[-80.431605,36.550219],[-80.432628,36.550302],[-80.4401,36.55063],[-80.4403411541913,36.5506401560323],[-80.4802648117057,36.5523215116599],[-80.4804875636461,36.5523308926949],[-80.5638456739035,36.5558414585226],[-80.6120580996221,36.5578718895589],[-80.624788,36.558408],[-80.6329592503052,36.5586405978256],[-80.653349,36.559221],[-80.6533824177394,36.5592230109583],[-80.6960472824307,36.5617904277412],[-80.704831,36.562319],[-80.730351,36.562349],[-80.7450526069525,36.5616558738133],[-80.7450534648508,36.5616558333666],[-80.773663,36.560307],[-80.80392,36.560813],[-80.837089,36.559154],[-80.837641,36.559118],[-80.8379544979468,36.5591308803947],[-80.9016647889236,36.5617484850782],[-80.901726,36.561751],[-80.944338,36.563058],[-80.945988,36.563196],[-81.003802,36.563629],[-81.011402,36.564429],[-81.058844,36.566976],[-81.061866,36.56702],[-81.0690845606748,36.5671241854118],[-81.083206,36.567328],[-81.0852022741728,36.5674191214252],[-81.103399337148,36.5682497399525],[-81.124809,36.569227],[-81.14181,36.569527],[-81.1535808021292,36.5701271099378],[-81.1536053405208,36.5701283609768],[-81.171212,36.571026],[-81.176712,36.571926],[-81.249816,36.573225],[-81.262303,36.573924],[-81.307511,36.575024],[-81.32358106681,36.5749184120384],[-81.3532592063955,36.5747234125838],[-81.353322,36.574723],[-81.374824,36.574673],[-81.442228,36.576822],[-81.47643,36.580421],[-81.489387,36.579026],[-81.4966613252149,36.5795790270223],[-81.499831,36.57982],[-81.521032,36.58052],[-81.600934,36.587019],[-81.6178926183888,36.5872620851163],[-81.677535,36.588117],[-81.6469,36.611918],[-81.73694,36.612379],[-81.7546361214299,36.6127407968302],[-81.7705260627446,36.6130656663459],[-81.826742,36.614215],[-81.8693876360908,36.6151034692802],[-81.922644,36.616213],[-81.934144,36.594213],[-82.0537298775231,36.5944946409847],[-82.1022994618737,36.594609028953],[-82.1455730331036,36.594710944091],[-82.148569,36.594718],[-82.150727,36.594673],[-82.1512694710039,36.5946714604134],[-82.173982,36.594607],[-82.177247,36.594768],[-82.1800833242883,36.5948979203796],[-82.1800850352466,36.5948979987516],[-82.18074,36.594928],[-82.1808198838466,36.5949305868721],[-82.188491,36.595179],[-82.1897574570275,36.595213127466],[-82.2089950157338,36.5957315257353],[-82.210497,36.595772],[-82.211005,36.59586],[-82.221713,36.595814],[-82.223445,36.595721],[-82.225716,36.595744],[-82.226653,36.595743],[-82.2350650373334,36.5957383360801],[-82.2426815243427,36.5957341132403],[-82.24409004842,36.5957333323066],[-82.2941391924011,36.595705583357],[-82.296995,36.595704],[-82.3869092861722,36.5950556892547],[-82.466613,36.594481],[-82.478668,36.595588],[-82.487238,36.595822],[-82.4938325003088,36.5957289673513],[-82.5172711030511,36.5953983046485],[-82.5455829729465,36.5949988917858],[-82.554294,36.594876],[-82.559774,36.5948],[-82.561074,36.5948],[-82.5721345801877,36.5946388119681],[-82.609176,36.594099],[-82.6540774589595,36.5938443363359],[-82.679879,36.593698],[-82.6881447837838,36.593698],[-82.69578,36.593698],[-82.830433,36.593761],[-82.888013,36.593461],[-82.9851235492625,36.5937302148783],[-83.02725,36.593847],[-83.028357,36.593893],[-83.1017155812756,36.593871049895],[-83.248933,36.593827],[-83.249899,36.593898],[-83.250304,36.593935],[-83.261099,36.593887],[-83.2763,36.598187],[-83.2876129183054,36.5980951006089],[-83.3082877900125,36.5979271503002],[-83.374904,36.597386],[-83.472108,36.597284],[-83.55681,36.597384],[-83.622050248072,36.5980550980634],[-83.622624,36.598061],[-83.645586,36.600002],[-83.670128,36.600764],[-83.670141,36.600797],[-83.675413,36.600814],[-83.674614,36.603082]]]]}},{"type":"Feature","properties":{"STATEFP":"45","STUSPS":"SC","NAME":"South Carolina"},"geometry":{"type":"Polygon","coordinates":[[[-83.353238,34.728648],[-83.348829,34.737194],[-83.338666,34.742295],[-83.320062,34.759616],[-83.321008,34.765371],[-83.319945,34.773725],[-83.3238289970818,34.7895611288823],[-83.323866,34.789712],[-83.313782,34.799911],[-83.303643,34.802403],[-83.301182,34.804008],[-83.301482,34.808677],[-83.302965,34.811073],[-83.302965,34.812214],[-83.302395,34.813241],[-83.301368,34.814154],[-83.299428,34.814268],[-83.297259,34.814268],[-83.294292,34.814725],[-83.291325,34.818833],[-83.29112,34.822508],[-83.289914,34.824477],[-83.284812,34.823043],[-83.283151,34.821328],[-83.275656,34.816862],[-83.271214,34.81844],[-83.268159,34.821393],[-83.267293,34.832748],[-83.269982,34.837196],[-83.267656,34.845289],[-83.26452,34.846402],[-83.262193,34.846402],[-83.25986,34.845629],[-83.258146,34.844985],[-83.255718,34.845592],[-83.254605,34.846402],[-83.253762,34.848057],[-83.252582,34.853483],[-83.250053,34.856012],[-83.24722,34.85844],[-83.247018,34.863094],[-83.245602,34.865522],[-83.240847,34.866736],[-83.238419,34.869771],[-83.238557,34.872868],[-83.239081,34.875661],[-83.23751,34.877057],[-83.232379,34.878051],[-83.22924,34.879907],[-83.220099,34.878124],[-83.213323,34.882796],[-83.209683,34.880279],[-83.205627,34.880142],[-83.201183,34.884653],[-83.204572,34.890284],[-83.203351,34.893717],[-83.197627,34.895046],[-83.194786,34.897843],[-83.190409,34.89794],[-83.186541,34.899534],[-83.180871,34.904708],[-83.178932,34.90825],[-83.174034,34.910911],[-83.170754,34.914231],[-83.168524,34.91788],[-83.165022,34.918853],[-83.160937,34.918269],[-83.158019,34.920117],[-83.155879,34.9243],[-83.153253,34.926342],[-83.149946,34.927218],[-83.143261,34.924756],[-83.140621,34.924915],[-83.130554,34.930932],[-83.129885,34.932351],[-83.130356,34.935167],[-83.129493,34.937402],[-83.12807,34.938113],[-83.125175,34.937047],[-83.122585,34.938062],[-83.121112,34.939129],[-83.120502,34.941262],[-83.121214,34.942684],[-83.12294,34.944513],[-83.126761,34.948742],[-83.127035,34.953778],[-83.124378,34.95524],[-83.12114,34.958966],[-83.121803,34.96362],[-83.120387,34.968406],[-83.112021,34.975896],[-83.110025,34.980635],[-83.106991,34.98272],[-83.10449,34.989332],[-83.1046,34.992783],[-83.105531,34.996344],[-83.108606,35.000659],[-83.1083960238887,35.0007155612179],[-83.0191632184336,35.0247521819757],[-83.0086662684035,35.027579743047],[-82.999867,35.02995],[-82.8975590881488,35.0560056967985],[-82.897499,35.056021],[-82.897456167665,35.0560320956023],[-82.809766,35.078748],[-82.787867,35.085024],[-82.783283,35.0856],[-82.78113,35.084585],[-82.781062,35.084492],[-82.778651,35.083575],[-82.776357,35.081349],[-82.777407,35.076885],[-82.7776474400096,35.0764332429076],[-82.779116,35.073674],[-82.779928,35.072206],[-82.779928,35.070435],[-82.780546,35.069043],[-82.781973,35.066817],[-82.777376,35.064143],[-82.770046,35.065476],[-82.764464,35.068177],[-82.7641000172578,35.0681684927111],[-82.757704,35.068019],[-82.754162,35.069629],[-82.751265,35.073463],[-82.751102,35.075749],[-82.749491,35.078487],[-82.746431,35.079131],[-82.741761,35.078326],[-82.738379,35.079453],[-82.735904,35.082701],[-82.730971,35.086378],[-82.729683,35.087827],[-82.729517,35.09059],[-82.728961,35.091978],[-82.72701,35.094142],[-82.723462,35.094341],[-82.720442,35.093265],[-82.715297,35.092943],[-82.707152,35.096542],[-82.703916,35.097651],[-82.701017,35.09749],[-82.698602,35.097168],[-82.694898,35.098456],[-82.689634,35.104117],[-82.688456,35.106347],[-82.688778,35.108602],[-82.690711,35.111501],[-82.691355,35.113272],[-82.691194,35.114721],[-82.690549,35.116171],[-82.688939,35.118103],[-82.687641,35.119287],[-82.686738,35.11979],[-82.686496,35.121822],[-82.68604,35.124545],[-82.683625,35.125833],[-82.680887,35.126155],[-82.676861,35.12535],[-82.675089,35.123257],[-82.673318,35.121002],[-82.672513,35.119392],[-82.669614,35.118103],[-82.662381,35.118123],[-82.657858,35.119392],[-82.65351,35.121968],[-82.651416,35.124867],[-82.648694,35.12677],[-82.645296,35.12841],[-82.642237,35.129215],[-82.6395103789926,35.1284519252855],[-82.63821,35.128088],[-82.634668,35.126317],[-82.632574,35.125833],[-82.629031,35.126155],[-82.626436,35.127903],[-82.624847,35.130432],[-82.621185,35.134635],[-82.617993,35.13527],[-82.614402,35.136701],[-82.613866,35.137529],[-82.612444,35.138234],[-82.609706,35.139039],[-82.602358,35.139036],[-82.59814,35.137729],[-82.59243,35.139002],[-82.588158,35.142928],[-82.586035,35.143142],[-82.581836,35.142352],[-82.580687,35.141742],[-82.578316,35.142104],[-82.5741676484568,35.1436658020327],[-82.569912,35.145268],[-82.567486,35.147694],[-82.566193,35.150119],[-82.563767,35.151575],[-82.560807,35.151644],[-82.558593,35.150928],[-82.556168,35.151736],[-82.554874,35.152868],[-82.554871,35.154639],[-82.554227,35.156911],[-82.552934,35.158042],[-82.550508,35.159498],[-82.547436,35.160306],[-82.544525,35.160306],[-82.540483,35.160306],[-82.536218,35.159259],[-82.535967,35.158664],[-82.534662,35.156911],[-82.53256,35.155617],[-82.529973,35.155617],[-82.52593,35.156749],[-82.521403,35.158851],[-82.51921,35.161044],[-82.517284,35.162643],[-82.51691,35.163029],[-82.516044,35.163442],[-82.506137,35.163894],[-82.499843,35.163675],[-82.495506,35.164312],[-82.490766,35.169715],[-82.487357,35.172494],[-82.483937,35.173798],[-82.476136,35.175486],[-82.472313,35.174619],[-82.467991,35.174633],[-82.460092,35.178143],[-82.455609,35.177425],[-82.452987,35.17469],[-82.4528793873526,35.1736939798014],[-82.452764,35.172626],[-82.452931,35.168999],[-82.451201,35.16526],[-82.448969,35.165037],[-82.439595,35.165863],[-82.435689,35.167715],[-82.434126,35.170784],[-82.428,35.183224],[-82.424461,35.193092],[-82.419744,35.198613],[-82.417597,35.200131],[-82.411301,35.202483],[-82.403348,35.204473],[-82.395697,35.213214],[-82.39293,35.215402],[-82.390439,35.215395],[-82.384029,35.210542],[-82.383776,35.207646],[-82.380524,35.202276],[-82.378744,35.198053],[-82.379191,35.195894],[-82.380605,35.193586],[-82.381201,35.191203],[-82.380903,35.189565],[-82.379712,35.186884],[-82.376808,35.184427],[-82.373218,35.182201],[-82.371298,35.181449],[-82.36899,35.181747],[-82.364299,35.184725],[-82.363479,35.186214],[-82.363554,35.188001],[-82.363256,35.189639],[-82.361469,35.190831],[-82.3536543147338,35.1922225810449],[-82.350086,35.192858],[-82.344554,35.193115],[-82.341194,35.19151],[-82.340133,35.189188],[-82.339508,35.18893],[-82.338013,35.18901],[-82.333934,35.190661],[-82.332975,35.190645],[-82.330779,35.189032],[-82.330549,35.186767],[-82.326917,35.185056],[-82.32335,35.184789],[-82.320599418134,35.1863297073821],[-82.317871,35.187858],[-82.315871,35.190678],[-82.314863,35.191089],[-82.3135258444572,35.1914230717304],[-82.307166,35.193012],[-82.295354,35.194965],[-82.2926823840865,35.1963741699645],[-82.288453,35.198605],[-82.282516,35.199858],[-82.27492,35.200071],[-82.257515,35.198636],[-82.230915,35.196784],[-82.230517,35.196764],[-82.216217,35.196044],[-82.2159400144574,35.1960293986111],[-82.195483,35.194951],[-82.185513,35.194355],[-82.176874,35.19379],[-82.167872238022,35.1937009414721],[-82.1678474676309,35.1937006964073],[-82.167676,35.193699],[-82.138947,35.193122],[-82.1060847260646,35.1915082127587],[-82.089586,35.190698],[-82.0484144703242,35.1896681964441],[-82.039651,35.189449],[-82.0076715217821,35.1886492830004],[-82.001422,35.188493],[-81.9693458232069,35.1872287391339],[-81.925612,35.185505],[-81.8746867180113,35.1841199007888],[-81.874433,35.184113],[-81.8440423916235,35.1829713360022],[-81.802081,35.181395],[-81.772351,35.180514],[-81.7681085961812,35.1803883279178],[-81.763413164043,35.1802492358467],[-81.738492,35.179511],[-81.716259,35.178852],[-81.680801,35.177331],[-81.6755099232049,35.1771041109792],[-81.646707,35.175869],[-81.614877,35.174504],[-81.6095490975215,35.1742754503817],[-81.6090051987795,35.1742521189017],[-81.581681,35.17308],[-81.54515,35.171744],[-81.5168705059896,35.1707091878187],[-81.494265,35.169882],[-81.493401,35.169951],[-81.461408,35.168657],[-81.452398,35.168293],[-81.4503311872068,35.1682108891388],[-81.445627,35.168024],[-81.4427427300232,35.1679095953013],[-81.366691,35.164893],[-81.3665997502835,35.164889487764],[-81.3280393754573,35.163405284384],[-81.290672,35.161967],[-81.2665313056272,35.1610375640471],[-81.241686,35.160081],[-81.239358,35.159974],[-81.209815295008,35.1586430580751],[-81.1805586040491,35.1573250014993],[-81.138207,35.155417],[-81.129808180835,35.1550389042931],[-81.11084,35.154185],[-81.109295,35.154115],[-81.0930278508632,35.1530651134631],[-81.0927843815354,35.1530493998819],[-81.077253,35.152047],[-81.0567617204493,35.1507247067734],[-81.043625,35.149877],[-81.04287,35.149248],[-81.043407,35.14839],[-81.044391,35.147918],[-81.047091,35.145157],[-81.047826,35.143743],[-81.051204,35.133237],[-81.051037,35.131654],[-81.05042,35.131048],[-81.038968,35.126299],[-81.036759,35.122552],[-81.033005,35.113747],[-81.032471,35.110033],[-81.032806,35.108049],[-81.034958,35.104105],[-81.037369,35.102541],[-81.0401702459805,35.1019522946732],[-81.0401844043794,35.101949319167],[-81.046524,35.100617],[-81.050079,35.098817],[-81.052078,35.096276],[-81.056712681901,35.0871584898703],[-81.057236,35.086129],[-81.058029,35.07319],[-81.057648,35.062433],[-81.055695,35.060121],[-81.050018,35.055246],[-81.041489,35.044703],[-81.022691121645,35.0554792610919],[-81.0130727491916,35.0609931861679],[-80.9967330696895,35.0703602354246],[-80.9891720831187,35.074694722746],[-80.9890357534564,35.0747728764614],[-80.98416,35.077568],[-80.9783610397681,35.0808923107514],[-80.95787,35.092639],[-80.9576310732334,35.0927929680778],[-80.93495,35.107409],[-80.9310643272864,35.1032155878093],[-80.9201233286038,35.0914080783671],[-80.906553,35.076763],[-80.9064451658369,35.0766472671561],[-80.9062325339665,35.0764190603398],[-80.906207449782,35.0763921387788],[-80.898065104052,35.0676533791896],[-80.884887,35.05351],[-80.8848629313759,35.0534819452132],[-80.8705493060549,35.0367977464818],[-80.870547659894,35.0367958276894],[-80.8643778038261,35.0296041412735],[-80.8515067423286,35.0146014188259],[-80.8514395471785,35.0145230950461],[-80.840366453868,35.0016161140946],[-80.831541835926,34.9913299932712],[-80.82156,34.979695],[-80.8214239517349,34.9795435754083],[-80.8135539938927,34.9707841461532],[-80.806784,34.963249],[-80.806461,34.962894],[-80.7882846335211,34.9427130897262],[-80.7882815157383,34.9427096281051],[-80.782042,34.935782],[-80.7840958040742,34.9204129693284],[-80.786517350476,34.9022920485499],[-80.795109,34.837999],[-80.7963317512036,34.8288510335009],[-80.796997,34.823874],[-80.797543,34.819786],[-80.777712,34.819697],[-80.771792,34.819646],[-80.726949,34.8192682100709],[-80.692654972263,34.8189792923288],[-80.684074,34.818907],[-80.646601,34.818592],[-80.644656,34.818568],[-80.6262899995456,34.8182210240508],[-80.626077,34.818217],[-80.625993,34.818239],[-80.621222,34.818174],[-80.5617093879227,34.8174816094994],[-80.561657,34.817481],[-80.5266355965967,34.8173564673787],[-80.499788,34.817261],[-80.491814,34.816798],[-80.485234,34.816732],[-80.45166,34.816396],[-80.448766,34.816332],[-80.434843,34.815968],[-80.425902,34.81581],[-80.419586,34.815581],[-80.418433,34.815622],[-80.4171502586367,34.8155189467827],[-80.417014,34.815508],[-80.399871,34.815128],[-80.350068,34.814469],[-80.3208073604558,34.814081463212],[-80.30469,34.813868],[-80.2935936751594,34.8137210183435],[-80.283627,34.813589],[-80.23396,34.812931],[-80.229705,34.812843],[-80.159252,34.81139],[-80.1486774953253,34.8111719806215],[-80.131169,34.810811],[-80.098994,34.810147],[-80.098022,34.810147],[-80.077223,34.809716],[-80.072912,34.809736],[-80.042764,34.809097],[-80.027464,34.808726],[-80.000541,34.808141],[-79.9940256176835,34.8079992971579],[-79.9280095060058,34.8065635148516],[-79.927618,34.806555],[-79.9274157876858,34.8065508188027],[-79.891443,34.805807],[-79.870693,34.805378],[-79.7737454849186,34.8059302111925],[-79.773607,34.805931],[-79.772829,34.805954],[-79.744925,34.805686],[-79.744116,34.805651],[-79.7123202370721,34.8052299265561],[-79.6929464055027,34.8049733575912],[-79.690201,34.804937],[-79.688088,34.804897],[-79.675299,34.804744],[-79.6441190166891,34.7791430653788],[-79.634216,34.771012],[-79.631577,34.768835],[-79.561691,34.711996],[-79.554454,34.706363],[-79.520269,34.678327],[-79.519043,34.677321],[-79.5049194861132,34.6658124075526],[-79.490201,34.653819],[-79.479305,34.64464],[-79.471599,34.6372],[-79.468717,34.635323],[-79.4615628883712,34.6302980076855],[-79.461318,34.630126],[-79.459766,34.629027],[-79.450034,34.621036],[-79.3656239118233,34.5513871164447],[-79.358317,34.545358],[-79.331328,34.521869],[-79.324854,34.516282],[-79.323249,34.514634],[-79.3166113442545,34.5089514371637],[-79.306653,34.500426],[-79.286703,34.482664],[-79.249763,34.449774],[-79.244886,34.445637],[-79.2356041259213,34.4377638068418],[-79.215993,34.421129],[-79.198982,34.406699],[-79.192041,34.40104],[-79.190739,34.399751],[-79.151485,34.366753],[-79.143242,34.359817],[-79.1088098161385,34.3308769197789],[-79.0712551379366,34.2993123985096],[-79.0712438523822,34.299302913057],[-79.071169,34.29924],[-78.99576,34.235954],[-78.9738175311278,34.2175388302121],[-78.963692,34.209041],[-78.9150752965855,34.1682402282953],[-78.909881,34.163881],[-78.874747,34.134395],[-78.8729167632902,34.1328448475465],[-78.855385,34.117996],[-78.8273740015213,34.0942724319696],[-78.81171,34.081006],[-78.7978654490768,34.0692804092827],[-78.769483,34.045242],[-78.7635629024644,34.0402280514439],[-78.7399196117489,34.0202036780896],[-78.712206,33.996732],[-78.710141,33.994688],[-78.702771,33.989268],[-78.66253,33.95452],[-78.651629,33.945397],[-78.6503641799208,33.944338496904],[-78.6503344847178,33.9443136455715],[-78.6296136650978,33.9269727983786],[-78.6295574138022,33.9269257227736],[-78.621369,33.920073],[-78.615932,33.915523],[-78.586883707242,33.890523853299],[-78.580378,33.884925],[-78.5740913949003,33.8795187117436],[-78.5588529902148,33.8664141494257],[-78.547203351668,33.8563958163083],[-78.542422,33.852284],[-78.5490830089084,33.850769864247],[-78.554753,33.849481],[-78.58532,33.844878],[-78.633226,33.830173],[-78.6427321967576,33.8272808615863],[-78.662302,33.821327],[-78.6795161127804,33.8150490869002],[-78.688905,33.811625],[-78.7117000340533,33.8018607422978],[-78.712799,33.80139],[-78.763387,33.774765],[-78.7718958142803,33.7698020876304],[-78.7947921353712,33.7564474142979],[-78.794894,33.756388],[-78.8247426396082,33.7353925183857],[-78.8260663810946,33.7344614009075],[-78.8452361749078,33.7209774010055],[-78.8531,33.715446],[-78.8685080631803,33.702102939094],[-78.8811237264219,33.6911780382137],[-78.891691,33.682027],[-78.8920658812486,33.6816956474294],[-78.939093,33.640129],[-78.9604585171148,33.6171043321561],[-78.9714463526487,33.6052632303408],[-78.983023208092,33.592787367958],[-78.996870121738,33.5778651647813],[-79.0016858796163,33.5726754366334],[-79.007356,33.566565],[-79.028516,33.533365],[-79.0302786462275,33.5320241083659],[-79.041125,33.523773],[-79.0659613906997,33.5008560680666],[-79.084588,33.483669],[-79.10136,33.461016],[-79.1180041190319,33.4331061746265],[-79.135441,33.403867],[-79.1373073323614,33.3998999406528],[-79.147496,33.378243],[-79.152035,33.350925],[-79.158429,33.332811],[-79.162332,33.327246],[-79.1683044816832,33.3029705483461],[-79.1798563081564,33.2560175696779],[-79.180318,33.254141],[-79.18157,33.241325],[-79.176272,33.211099],[-79.1813434010275,33.1969823975908],[-79.183369,33.191344],[-79.194265,33.172572],[-79.215453,33.155569],[-79.238661,33.138083],[-79.248613,33.125885],[-79.2752724812709,33.1189518049554],[-79.284058,33.116667],[-79.329909,33.089986],[-79.343652,33.051785],[-79.366562,33.011168],[-79.410315,33.008397],[-79.424465,33.016076],[-79.466451,33.011514],[-79.488727,33.015832],[-79.506923,33.032813],[-79.522449,33.03535],[-79.55756,33.021269],[-79.580725,33.006447],[-79.58659,32.991334],[-79.60102,32.979282],[-79.606615,32.972248],[-79.617611,32.952726],[-79.617193,32.938997],[-79.607399,32.925842],[-79.59307,32.925351],[-79.581756,32.929572],[-79.573784,32.92346],[-79.58158,32.907739],[-79.631149,32.888606],[-79.695953,32.852298],[-79.6977155844922,32.8481298034485],[-79.7024,32.837052],[-79.719894,32.826946],[-79.7193716993389,32.8212644311138],[-79.718714,32.81411],[-79.726389,32.805996],[-79.7560287598136,32.7958270323997],[-79.811021,32.77696],[-79.8119891869511,32.7755367007792],[-79.818237,32.766352],[-79.84035,32.756816],[-79.848527,32.755248],[-79.862709,32.761528],[-79.8631166634226,32.7669562700344],[-79.863422,32.771022],[-79.870628,32.778263],[-79.886001,32.787907],[-79.8871885400045,32.7877124448265],[-79.9171604552425,32.7828021334718],[-79.923198,32.781813],[-79.9243799208371,32.7791723632078],[-79.927357,32.772521],[-79.9279741598658,32.763028468776],[-79.928546,32.754233],[-79.8985541768539,32.7521709370335],[-79.879109,32.750834],[-79.8743235775529,32.7437228186467],[-79.868352,32.734849],[-79.870336,32.727777],[-79.887094,32.701947],[-79.8854882516157,32.688738910266],[-79.884961,32.684402],[-79.915682,32.664915],[-79.968468,32.639732],[-79.975248,32.639537],[-79.98544,32.627786],[-79.9907033938632,32.6234689729427],[-80.005907,32.610999],[-80.033668,32.611571],[-80.072813,32.605],[-80.108861,32.596278],[-80.1475402782987,32.5788686568608],[-80.148406,32.578479],[-80.167286,32.559885],[-80.1909182410088,32.5592163025582],[-80.199234,32.558981],[-80.251422,32.534035],[-80.254800623038,32.5320676927035],[-80.278816,32.518084],[-80.29547,32.504066],[-80.332438,32.478104],[-80.338354,32.47873],[-80.3464571705869,32.4974053913296],[-80.346585,32.4977],[-80.3523195194336,32.499862270145],[-80.356708,32.501517],[-80.380716,32.486359],[-80.386827,32.47881],[-80.392561,32.475332],[-80.413487,32.470672],[-80.415943,32.472074],[-80.417896,32.476076],[-80.418502,32.490894],[-80.423454,32.497989],[-80.439407,32.503472],[-80.452078,32.497286],[-80.46571,32.4953],[-80.472068,32.496964],[-80.476910367369,32.4853895464878],[-80.48025,32.477407],[-80.484617,32.460976],[-80.482106824956,32.4531388069912],[-80.480156,32.447048],[-80.467588,32.425259],[-80.457502,32.410264],[-80.4458398932147,32.4104516999503],[-80.43296,32.410659],[-80.429941,32.401782],[-80.4293459720497,32.390691594434],[-80.429291,32.389667],[-80.434303,32.375193],[-80.445451,32.350335],[-80.4472364067285,32.3482215171253],[-80.456814,32.336884],[-80.455192,32.326458],[-80.466342,32.31917],[-80.499991,32.30577],[-80.507627,32.305116],[-80.546429,32.285732],[-80.568321,32.27775],[-80.58099,32.276258],[-80.59601,32.278704],[-80.604255,32.272976],[-80.620319,32.260412],[-80.633435,32.25642],[-80.646458,32.265072],[-80.6456513297875,32.2778822526233],[-80.644794,32.291497],[-80.654344987937,32.2939761991188],[-80.688527,32.302849],[-80.714601,32.325656],[-80.7276655533616,32.3214098142651],[-80.733637,32.319469],[-80.737118,32.306029],[-80.75345,32.306822],[-80.76033483739,32.2990478437669],[-80.766038,32.292608],[-80.761257,32.280044],[-80.7397681997449,32.2653224934474],[-80.738083,32.264168],[-80.727981104568,32.2655652454568],[-80.717796,32.266974],[-80.6975506920682,32.2514835598894],[-80.6786303523414,32.2370069023647],[-80.677845,32.236406],[-80.670891,32.217161],[-80.6800336887466,32.2094782449444],[-80.690461,32.200716],[-80.7014519993725,32.1864325223624],[-80.721463,32.160427],[-80.7296117742315,32.1537645820567],[-80.736556,32.148087],[-80.7485527112645,32.1424775629237],[-80.7704366544952,32.1322450417078],[-80.78955,32.123308],[-80.81693,32.109172],[-80.828394,32.113222],[-80.8315831028542,32.1133211004589],[-80.846222,32.113776],[-80.8791406129285,32.0808534025253],[-80.904053,32.055938],[-80.904542,32.051112],[-80.9044491884998,32.0510534805272],[-80.8976237483043,32.0467499065033],[-80.891475,32.042873],[-80.890162,32.03937],[-80.891933,32.033884],[-80.917845,32.037575],[-80.922794,32.039151],[-80.926753,32.041672],[-80.933557,32.047554],[-80.943226,32.057824],[-80.954482,32.068622],[-80.959402,32.071259],[-80.978833,32.077309],[-80.983133,32.079609],[-80.987733,32.084209],[-80.991733,32.091208],[-80.994333,32.094608],[-80.999833,32.099014],[-81.002297,32.100048],[-81.006745,32.101152],[-81.011961,32.100176],[-81.016009,32.097424],[-81.0200974360579,32.0926698182523],[-81.021622,32.090897],[-81.032674,32.08545],[-81.038265,32.084469],[-81.050234,32.085308],[-81.060442,32.087503],[-81.066906,32.090351],[-81.083546,32.100782],[-81.0875706967497,32.1035017609435],[-81.088234,32.10395],[-81.090874,32.10699],[-81.091498,32.110782],[-81.093386,32.11123],[-81.100458,32.111181],[-81.111134,32.112005],[-81.113334,32.113205],[-81.117234,32.117605],[-81.1194621632529,32.1310571319867],[-81.119994,32.134268],[-81.119134,32.142104],[-81.118334,32.144403],[-81.120034,32.153303],[-81.122034,32.161803],[-81.123134,32.162902],[-81.128434,32.164402],[-81.129634,32.165602],[-81.129402,32.166922],[-81.128134,32.169102],[-81.124492,32.17212],[-81.121134,32.174902],[-81.119434,32.175402],[-81.119361,32.177142],[-81.120434,32.178702],[-81.119834,32.181202],[-81.117934,32.185301],[-81.118234,32.189201],[-81.12315,32.201329],[-81.128283,32.208634],[-81.136012,32.212858],[-81.136727,32.213669],[-81.143139,32.221731],[-81.146530388013,32.226938177361],[-81.1484983815839,32.2299598580208],[-81.153531,32.237687],[-81.155995,32.241478],[-81.156587,32.24391],[-81.155595,32.246022],[-81.148334,32.255098],[-81.145834,32.263397],[-81.136534,32.272697],[-81.130834,32.274597],[-81.128034,32.276297],[-81.121433,32.284496],[-81.119633,32.287596],[-81.119833,32.289596],[-81.122333,32.305395],[-81.122933,32.307295],[-81.123933,32.308695],[-81.125433,32.309295],[-81.135733,32.324594],[-81.137633,32.328194],[-81.137032,32.329994],[-81.133032,32.334794],[-81.133632,32.341293],[-81.140932,32.349393],[-81.142532,32.350893],[-81.1439190087336,32.3510779344978],[-81.144032,32.351093],[-81.147632,32.349393],[-81.148477,32.347549],[-81.149073,32.346682],[-81.150589,32.34587],[-81.152105,32.345816],[-81.153296,32.345816],[-81.154,32.345924],[-81.154433,32.346087],[-81.154812,32.346412],[-81.155136,32.34717],[-81.154974,32.348794],[-81.155032,32.350093],[-81.161732,32.356092],[-81.170126,32.361318],[-81.170858,32.362722],[-81.170553,32.363821],[-81.169332,32.365591],[-81.168722,32.367544],[-81.169332,32.369436],[-81.173432,32.372591],[-81.1802586580644,32.3795668795168],[-81.181072,32.380398],[-81.178131,32.38459],[-81.177231,32.39169],[-81.180931,32.39649],[-81.189731,32.407289],[-81.194931,32.411489],[-81.20513,32.423788],[-81.20843,32.435987],[-81.207246,32.437542],[-81.20453,32.438687],[-81.202588,32.439833],[-81.201595,32.44136],[-81.201137,32.442964],[-81.201137,32.444033],[-81.202206,32.445484],[-81.203046,32.447164],[-81.203046,32.448844],[-81.202359,32.450448],[-81.200908,32.451593],[-81.197529,32.452086],[-81.192629,32.456286],[-81.187329,32.462886],[-81.186829,32.464086],[-81.188129,32.465386],[-81.189229,32.465586],[-81.192429,32.464786],[-81.194829,32.465086],[-81.200029,32.467985],[-81.212428,32.478685],[-81.227528,32.493884],[-81.233585,32.498488],[-81.238281,32.505988],[-81.238728,32.508896],[-81.238411,32.510192],[-81.236707,32.511402],[-81.234834,32.512271],[-81.234023,32.513778],[-81.23466,32.51627],[-81.237095,32.517314],[-81.24501,32.518317],[-81.247874,32.518231],[-81.249827,32.517541],[-81.252882,32.51833],[-81.2625722468333,32.5251582093134],[-81.277131,32.535417],[-81.276242,32.538558],[-81.274802,32.541143],[-81.274927,32.544158],[-81.275213,32.545202],[-81.279238,32.55459],[-81.2812975973478,32.556440280647],[-81.281324,32.556464],[-81.29676,32.562648],[-81.297955,32.563026],[-81.300593,32.562843],[-81.309009,32.56097],[-81.320588,32.559534],[-81.328753,32.561228],[-81.366964,32.577059],[-81.368386,32.584221],[-81.368982,32.590025],[-81.369757,32.591231],[-81.37157,32.592018],[-81.373178,32.592115],[-81.376237,32.589217],[-81.379216,32.589022],[-81.380999,32.589652],[-81.3892612409816,32.5953827593042],[-81.389338,32.595436],[-81.393865,32.60234],[-81.397106,32.605587],[-81.404714,32.611207],[-81.411906,32.61841],[-81.41866,32.629392],[-81.418431,32.634704],[-81.417014,32.636147],[-81.414761,32.63744],[-81.413411,32.637368],[-81.411523,32.632907],[-81.41026,32.631392],[-81.40933,32.631096],[-81.407271,32.631737],[-81.402846,32.63621],[-81.402735,32.637032],[-81.404238,32.638258],[-81.405109,32.64269],[-81.403582,32.643398],[-81.394589,32.64957],[-81.393033,32.651543],[-81.393818,32.653491],[-81.398314,32.656307],[-81.405273,32.656517],[-81.407193,32.660519],[-81.4073,32.66156],[-81.406646,32.662515],[-81.4065801972456,32.6626623658125],[-81.404287,32.667798],[-81.401029,32.677494],[-81.4012324786746,32.6798801684225],[-81.401256,32.680156],[-81.40831,32.694908],[-81.409349,32.695269],[-81.409982,32.695179],[-81.41075,32.694772],[-81.411157,32.693959],[-81.411609,32.693145],[-81.4131,32.692648],[-81.426735,32.700867],[-81.427517,32.701896],[-81.421194,32.711978],[-81.420516,32.720238],[-81.418542,32.732586],[-81.41267,32.739083],[-81.411549,32.740145],[-81.410845,32.741694],[-81.410563,32.743244],[-81.410281,32.744653],[-81.410563,32.74592],[-81.411408,32.747329],[-81.412817,32.748174],[-81.415353,32.748879],[-81.416198,32.750428],[-81.416761,32.752259],[-81.416479,32.754654],[-81.415212,32.757753],[-81.416479,32.760289],[-81.417606,32.762684],[-81.420142,32.765501],[-81.422396,32.767051],[-81.425017,32.768058],[-81.426199,32.768319],[-81.426481,32.769023],[-81.426481,32.770291],[-81.426059,32.771136],[-81.425636,32.77184],[-81.424714,32.772648],[-81.422678,32.773249],[-81.421269,32.774658],[-81.421128,32.775926],[-81.420987,32.776912],[-81.421128,32.778039],[-81.422114,32.779306],[-81.424227,32.780152],[-81.426481,32.78142],[-81.428313,32.78311],[-81.4285884267211,32.7840469985755],[-81.429017,32.785505],[-81.428031,32.787618],[-81.424999,32.790334],[-81.425234,32.79419],[-81.424874,32.801882],[-81.423772,32.810514],[-81.419752,32.813731],[-81.418497,32.815664],[-81.417984,32.818196],[-81.42062,32.831223],[-81.421614,32.835178],[-81.426475,32.840773],[-81.442671,32.850107],[-81.443595,32.850628],[-81.444866,32.850967],[-81.449396,32.849126],[-81.451199,32.847925],[-81.452573,32.84795],[-81.453949,32.849761],[-81.455978,32.854107],[-81.453017,32.859636],[-81.451351,32.868583],[-81.4524560750247,32.87174313948],[-81.452883,32.872964],[-81.45392,32.874074],[-81.468042,32.876675],[-81.470376,32.876267],[-81.475918,32.877641],[-81.479445,32.881082],[-81.4771,32.887469],[-81.471703,32.890439],[-81.470836,32.890521],[-81.464655,32.895999],[-81.464069,32.897814],[-81.465924,32.899889],[-81.468978,32.901083],[-81.479184,32.905638],[-81.480008,32.913444],[-81.483198,32.921802],[-81.495092,32.931596],[-81.499829,32.932614],[-81.502427,32.935353],[-81.502716,32.938688],[-81.499566,32.943722],[-81.499446,32.944988],[-81.504016,32.948091],[-81.507045,32.951194],[-81.508138,32.953976],[-81.508436,32.955765],[-81.508536,32.957156],[-81.508436,32.958349],[-81.507741,32.959243],[-81.507442,32.960237],[-81.507144,32.96133],[-81.506449,32.962423],[-81.505256,32.963019],[-81.503346,32.96295],[-81.501369,32.962914],[-81.49983,32.963816],[-81.499471,32.96478],[-81.494736,32.978998],[-81.491457,32.995437],[-81.491197,32.997824],[-81.491419,33.008078],[-81.492253,33.009342],[-81.50203,33.015113],[-81.511245,33.027786],[-81.513231,33.028546],[-81.519632,33.029181],[-81.538789,33.039185],[-81.540081,33.040613],[-81.542092,33.044859],[-81.542509768548,33.0452536234761],[-81.544258,33.046905],[-81.546785,33.047145],[-81.551838,33.044739],[-81.553643,33.044137],[-81.557013,33.0451],[-81.558336,33.046183],[-81.559179,33.047386],[-81.55966,33.04907],[-81.559173,33.051765],[-81.558938,33.052921],[-81.559179,33.054124],[-81.560502,33.055207],[-81.561344,33.055568],[-81.562066,33.055568],[-81.562548,33.055568],[-81.56327,33.055568],[-81.564714,33.054726],[-81.566759,33.053763],[-81.568925,33.053523],[-81.57288,33.05418],[-81.578332,33.058936],[-81.580994,33.062697],[-81.583804,33.067021],[-81.588539,33.07085],[-81.590705,33.071211],[-81.592645,33.06991],[-81.594555,33.069887],[-81.599248,33.071813],[-81.600091,33.073497],[-81.600211,33.075182],[-81.599369,33.076867],[-81.598286,33.079153],[-81.598165,33.081078],[-81.600211,33.083966],[-81.601655,33.084688],[-81.603587,33.084578],[-81.606836,33.081717],[-81.608995,33.0818],[-81.609837,33.082161],[-81.610078,33.082883],[-81.609837,33.084929],[-81.609533,33.086877],[-81.609476,33.089862],[-81.6108,33.09263],[-81.612725,33.093953],[-81.6142984780503,33.0946609670663],[-81.615132,33.095036],[-81.617779,33.095277],[-81.632232,33.093952],[-81.637232,33.092952],[-81.642333,33.093152],[-81.646433,33.094552],[-81.658433,33.103152],[-81.683533,33.112651],[-81.696934,33.116551],[-81.699834,33.116751],[-81.703134,33.116151],[-81.704634,33.116451],[-81.717134,33.124051],[-81.72067688,33.12670816],[-81.724334,33.129451],[-81.743835,33.14145],[-81.755135,33.15155],[-81.763135,33.159449],[-81.764435,33.165549],[-81.766735,33.170749],[-81.772435,33.180449],[-81.772435,33.181249],[-81.765735,33.187948],[-81.762835,33.188248],[-81.760635,33.189248],[-81.756935,33.197848],[-81.7570833221477,33.1981218255034],[-81.758235,33.200248],[-81.761635,33.201748],[-81.763535,33.203648],[-81.767635,33.215747],[-81.768935,33.217447],[-81.774035,33.221147],[-81.778435,33.221847],[-81.780135,33.221147],[-81.781035,33.219847],[-81.777335,33.214947],[-81.777535,33.211347],[-81.778935,33.209847],[-81.784535,33.208147],[-81.790236,33.208447],[-81.805236,33.211447],[-81.807336,33.212647],[-81.807936,33.213747],[-81.808136,33.219447],[-81.809636,33.222647],[-81.811736,33.223847],[-81.819636,33.226646],[-81.827936,33.228746],[-81.8315651013874,33.2333301280683],[-81.831736,33.233546],[-81.837016,33.237652],[-81.846536,33.241746],[-81.851979119203,33.2473815723462],[-81.852136,33.247544],[-81.853137,33.250745],[-81.847336,33.266345],[-81.842522,33.266584],[-81.840078,33.26704],[-81.838337,33.269098],[-81.838257,33.272975],[-81.844036,33.278644],[-81.851836,33.283544],[-81.861336,33.286244],[-81.863236,33.288844],[-81.861536,33.297944],[-81.857336,33.299544],[-81.852936,33.299644],[-81.851636,33.298544],[-81.849636,33.299544],[-81.846136,33.303843],[-81.847296,33.306783],[-81.853652,33.310326],[-81.8662043597159,33.3135923904413],[-81.867936,33.314043],[-81.870436,33.312943],[-81.875836,33.307443],[-81.884137,33.310443],[-81.886637,33.316943],[-81.897329,33.322331],[-81.897064,33.324445],[-81.896937,33.327642],[-81.898187,33.329664],[-81.900301,33.331117],[-81.902613,33.330258],[-81.904132,33.327286],[-81.906444,33.324181],[-81.909285,33.324181],[-81.910342,33.32537],[-81.911266,33.327616],[-81.913314,33.329532],[-81.918337,33.332842],[-81.919137,33.334442],[-81.917973,33.34159],[-81.924737,33.345341],[-81.932737,33.343541],[-81.937237,33.343641],[-81.939737,33.344941],[-81.939837,33.347741],[-81.935637,33.352041],[-81.934837,33.356041],[-81.944737,33.364041],[-81.946737,33.36734],[-81.946337,33.37064],[-81.943737,33.37234],[-81.939637,33.37254],[-81.934637,33.36894],[-81.930634,33.368165],[-81.925737,33.37114],[-81.924837,33.37414],[-81.930861,33.380076],[-81.935453,33.397851],[-81.9373,33.401259],[-81.936961,33.404197],[-81.934927,33.406006],[-81.930519,33.406797],[-81.92306,33.408266],[-81.920121,33.410753],[-81.919217,33.413126],[-81.91933,33.415613],[-81.921068,33.417419],[-81.924893,33.419307],[-81.927241,33.422846],[-81.926789,33.426576],[-81.924981,33.429288],[-81.920716,33.430986],[-81.916236,33.433114],[-81.9145045213969,33.435701598579],[-81.913356,33.437418],[-81.913457,33.439641],[-81.913532,33.441274],[-81.920836,33.452038],[-81.926336,33.462937],[-81.929436,33.465837],[-81.934136,33.468337],[-81.941737,33.470037],[-81.946437,33.471737],[-81.9554034562685,33.475610422055],[-81.9554095205317,33.4756130417578],[-81.967037,33.480636],[-81.973537,33.482636],[-81.980637,33.484036],[-81.9817263359971,33.4845497408023],[-81.985938,33.486536],[-81.989338,33.490036],[-81.990938,33.494235],[-81.9906090848967,33.4980944282989],[-81.990382,33.500759],[-81.991938,33.504435],[-82.001338,33.520135],[-82.004338,33.521935],[-82.007138,33.522835],[-82.007638,33.523335],[-82.010038,33.530435],[-82.011538,33.531735],[-82.0124735862371,33.5321069800702],[-82.019838,33.535035],[-82.023438,33.537935],[-82.023438,33.540734],[-82.028238,33.544934],[-82.033023,33.546454],[-82.034895,33.549158],[-82.0364949169577,33.5527087834417],[-82.037375,33.554662],[-82.046335,33.56383],[-82.048959,33.56487],[-82.054943,33.565382],[-82.057727,33.566774],[-82.069039,33.575382],[-82.073104,33.57751],[-82.0760685882146,33.5781497442866],[-82.087488,33.580614],[-82.094128,33.582742],[-82.096352,33.58407],[-82.098816,33.586358],[-82.10624,33.595637],[-82.109376,33.596581],[-82.115318492498,33.5965014241484],[-82.116545,33.596485],[-82.120385,33.594885],[-82.1232210073782,33.5927400073782],[-82.125864,33.590741],[-82.12908,33.589925],[-82.133523,33.590535],[-82.142872,33.594278],[-82.148816,33.598092],[-82.15106,33.600956],[-82.153357,33.606319],[-82.156288,33.60863],[-82.158331,33.60971],[-82.161908,33.610643],[-82.1641411027551,33.6110870003388],[-82.174351,33.613117],[-82.179854,33.615945],[-82.186154,33.62088],[-82.196583,33.630582],[-82.201186,33.646898],[-82.199747,33.657611],[-82.199847,33.661758],[-82.200718,33.66464],[-82.208411,33.669872],[-82.209677,33.67176],[-82.212047,33.677317],[-82.216868,33.6844],[-82.218649,33.686299],[-82.222709,33.689124],[-82.234576,33.700216],[-82.237192,33.70788],[-82.235753,33.71439],[-82.239098,33.730872],[-82.240405,33.734901],[-82.246161,33.746347],[-82.247472,33.752591],[-82.255267,33.75969],[-82.258049,33.760429],[-82.259471,33.760245],[-82.263206,33.761962],[-82.26438,33.763481],[-82.265019,33.765742],[-82.266127,33.766745],[-82.267719,33.767651],[-82.270445,33.767913],[-82.277681,33.772032],[-82.28106,33.776056],[-82.285804,33.780058],[-82.289762,33.782032],[-82.292468,33.782406],[-82.294984,33.781868],[-82.298286,33.783518],[-82.299393,33.785037],[-82.299601,33.786483],[-82.298923,33.795839],[-82.29928,33.798939],[-82.300213,33.800627],[-82.302885,33.802907],[-82.308997,33.805892],[-82.313339,33.809205],[-82.314746,33.811499],[-82.3163272781522,33.8128853394032],[-82.32448,33.820033],[-82.337829,33.827156],[-82.346933,33.834298],[-82.351881,33.836432],[-82.3563300030289,33.8379669137932],[-82.3581928034975,33.838609583199],[-82.369107,33.842375],[-82.371775,33.843813],[-82.374286,33.84559],[-82.37975,33.851086],[-82.384973,33.854428],[-82.390527,33.857162],[-82.395736,33.859089],[-82.400517,33.863343],[-82.403881,33.865477],[-82.408354,33.86632],[-82.414259,33.865348],[-82.417871,33.864233],[-82.422803,33.863754],[-82.429164,33.865844],[-82.43115,33.867051],[-82.438644,33.873919],[-82.440503,33.875123],[-82.448109,33.877543],[-82.455105,33.88165],[-82.459391,33.886386],[-82.469913,33.892838],[-82.480111,33.901897],[-82.492929,33.909754],[-82.496109,33.913459],[-82.503584,33.926048],[-82.50764,33.931456],[-82.51295,33.936969],[-82.524515,33.94336],[-82.526741,33.943765],[-82.534111,33.943651],[-82.53977,33.941551],[-82.543128,33.940949],[-82.554497,33.943819],[-82.556835,33.945353],[-82.5645307378126,33.9557408056418],[-82.564582,33.95581],[-82.5657,33.958682],[-82.566145,33.9639],[-82.568288,33.968772],[-82.569864,33.970684],[-82.574724,33.974113],[-82.57754,33.977034],[-82.579576,33.979761],[-82.580551,33.982463],[-82.580571,33.98514],[-82.579996,33.987011],[-82.578244,33.988671],[-82.57633,33.989694],[-82.575351,33.990904],[-82.57554,33.992049],[-82.576222,33.993106],[-82.577735,33.993743],[-82.583394,33.995286],[-82.586234,33.997151],[-82.589245,34.000118],[-82.591855,34.009018],[-82.5944878368938,34.0139372478806],[-82.595655,34.016118],[-82.595855,34.018518],[-82.594055,34.025917],[-82.594555,34.028717],[-82.596155,34.030517],[-82.603055,34.034817],[-82.609655,34.039917],[-82.613355,34.046816],[-82.619155,34.051316],[-82.620955,34.054416],[-82.621255,34.056916],[-82.622155,34.058516],[-82.626963,34.063457],[-82.630972,34.065528],[-82.633565,34.064822],[-82.635991,34.064941],[-82.640543,34.067595],[-82.64398,34.072237],[-82.645661,34.076046],[-82.6455437299794,34.0768437552419],[-82.64522,34.079046],[-82.642797,34.081312],[-82.640345,34.086304],[-82.640151,34.087609],[-82.640701,34.088341],[-82.641252,34.088914],[-82.64103,34.090861],[-82.641553,34.092212],[-82.647028,34.097825],[-82.648184,34.098649],[-82.652175,34.099704],[-82.654019,34.100346],[-82.658561,34.103118],[-82.659077,34.103544],[-82.660322,34.106897],[-82.661851,34.107754],[-82.666879,34.113591],[-82.668113,34.12016],[-82.67522,34.129779],[-82.67732,34.131657],[-82.68629,34.134454],[-82.690386,34.138293],[-82.692152,34.138986],[-82.69553,34.138815],[-82.699758,34.139318],[-82.70414,34.141007],[-82.715373,34.148165],[-82.717507,34.150504],[-82.7211539570055,34.1601733049563],[-82.723312,34.165895],[-82.725409,34.169774],[-82.730824,34.175906],[-82.731881,34.178363],[-82.732359,34.180564],[-82.731975,34.193154],[-82.732761,34.195338],[-82.74192,34.210063],[-82.7421244542381,34.2117088566164],[-82.74238,34.213766],[-82.740544,34.218387],[-82.740447,34.219679],[-82.744415,34.224913],[-82.743461,34.227343],[-82.74198,34.230196],[-82.744834,34.242957],[-82.744982,34.244861],[-82.744056,34.252407],[-82.748756,34.263407],[-82.748656,34.264107],[-82.746656,34.266407],[-82.749856,34.27087],[-82.755028,34.276067],[-82.761995,34.281492],[-82.762945,34.28199],[-82.765266,34.281539],[-82.770928,34.285402],[-82.7737024263561,34.2887440302129],[-82.780308,34.296701],[-82.781752,34.302901],[-82.78684,34.310381],[-82.790966,34.32355],[-82.7911851736109,34.3248739178552],[-82.791608,34.327428],[-82.791235,34.331048],[-82.794054,34.339772],[-82.795223,34.34096],[-82.798198,34.341317],[-82.809949,34.349998],[-82.82342,34.358872],[-82.8332805100878,34.3640218676494],[-82.833702,34.364242],[-82.835004,34.366069],[-82.8351696247435,34.3673275860702],[-82.835413,34.369177],[-82.835203,34.373899],[-82.836611,34.382676],[-82.841524,34.39013],[-82.841997,34.392503],[-82.841326,34.397332],[-82.8418649796327,34.3992871064472],[-82.841997,34.399766],[-82.847446,34.412049],[-82.847781,34.420571],[-82.8484952603989,34.4232580968799],[-82.848651,34.423844],[-82.851367,34.426812],[-82.854434,34.432275],[-82.8555135670338,34.4417878715586],[-82.855762,34.443977],[-82.860127,34.449707],[-82.860874,34.451469],[-82.860707,34.457428],[-82.862156,34.458748],[-82.865345,34.460319],[-82.875463,34.463503],[-82.876464,34.465803],[-82.875864,34.468003],[-82.874864,34.468891],[-82.873831,34.471508],[-82.876864,34.475303],[-82.882864,34.479003],[-82.902665,34.485902],[-82.908365,34.485402],[-82.922866,34.481402],[-82.925766,34.481802],[-82.928466,34.484202],[-82.940867,34.486102],[-82.947367,34.479602],[-82.954667,34.477302],[-82.960668,34.482002],[-82.979568,34.482702],[-82.9922154353933,34.4791982077022],[-82.992671,34.479072],[-82.995279,34.475648],[-82.99509,34.472483],[-82.9990547221144,34.4723053618251],[-83.002924,34.472132],[-83.0285774188715,34.483811202294],[-83.029315,34.484147],[-83.032513,34.483032],[-83.034712,34.483495],[-83.043771,34.488816],[-83.048289,34.493254],[-83.0494672080646,34.495092874783],[-83.054463,34.50289],[-83.057843,34.503711],[-83.065515,34.501126],[-83.069451,34.502131],[-83.087189,34.515939],[-83.086861,34.517798],[-83.077995,34.523746],[-83.078113,34.524837],[-83.084855,34.530967],[-83.087789,34.532078],[-83.092564,34.532944],[-83.096858,34.531524],[-83.102179,34.532179],[-83.103176,34.533406],[-83.1035628109401,34.5366302194271],[-83.103987,34.540166],[-83.122901,34.560129],[-83.127176,34.561999],[-83.129676,34.561699],[-83.1381784266798,34.5669504988316],[-83.139876,34.567999],[-83.152577,34.578299],[-83.154577,34.588198],[-83.168278,34.590998],[-83.170278,34.592398],[-83.170978,34.598798],[-83.169994,34.60201],[-83.169572,34.603866],[-83.169994,34.605444],[-83.1730868769301,34.6069913391281],[-83.173428,34.607162],[-83.179439,34.60802],[-83.1888933848013,34.6069301045571],[-83.196979,34.605998],[-83.199779,34.608398],[-83.211598,34.610905],[-83.221402,34.609947],[-83.2271338234494,34.6106926120309],[-83.23178,34.611297],[-83.2388580391963,34.6153848254129],[-83.243381,34.617997],[-83.240676,34.624307],[-83.240669,34.624507],[-83.244581,34.626297],[-83.248281,34.631696],[-83.255281,34.637696],[-83.262282,34.640296],[-83.271982,34.641896],[-83.27796,34.644853],[-83.2802867106878,34.6464835592817],[-83.286583,34.650896],[-83.292883,34.654196],[-83.300848,34.66247],[-83.301477,34.666582],[-83.304641,34.669561],[-83.308917,34.670273],[-83.314394,34.668944],[-83.316401,34.669316],[-83.318524,34.674773],[-83.31944,34.675974],[-83.321463,34.677543],[-83.325336,34.679517],[-83.330284,34.681342],[-83.336207,34.680534],[-83.33869,34.682002],[-83.339029,34.683807],[-83.339334815182,34.686666100518],[-83.339367,34.686967],[-83.340383,34.688998],[-83.342414,34.691255],[-83.344671,34.693512],[-83.347831,34.696108],[-83.349411,34.697575],[-83.349975,34.699155],[-83.349636,34.70096],[-83.347831,34.703669],[-83.347718,34.705474],[-83.349788,34.708274],[-83.350976,34.713243],[-83.351392,34.714456],[-83.352485,34.715993],[-83.3524926405687,34.7161214082301],[-83.353238,34.728648]]]}},{"type":"Feature","properties":{"STATEFP":"01","STUSPS":"AL","NAME":"Alabama"},"geometry":{"type":"MultiPolygon","coordinates":[[[[-88.043743,30.517423],[-88.036613,30.520494],[-88.024729,30.516399],[-88.024729,30.503089],[-88.025917,30.490801],[-88.05325,30.506161],[-88.043743,30.517423]]],[[[-88.267271,30.353806],[-88.261329,30.372263],[-88.2600861561951,30.3716672576489],[-88.250633,30.367136],[-88.248256,30.346627],[-88.248256,30.326114],[-88.257764,30.318933],[-88.273213,30.333294],[-88.267271,30.353806]]],[[[-88.330758,30.235026],[-88.30433,30.237661],[-88.288574,30.238539],[-88.261638,30.244686],[-88.225553,30.250833],[-88.177779,30.257857],[-88.158974,30.257857],[-88.143727,30.260491],[-88.130631,30.262125],[-88.124722,30.273541],[-88.124658,30.28364],[-88.086812,30.259864],[-88.074854,30.249119],[-88.075856,30.246139],[-88.078786,30.245039],[-88.092903,30.240734],[-88.107331,30.225076],[-88.124999,30.2316412875013],[-88.144743,30.238978],[-88.166597,30.241173],[-88.188136980758,30.2388760578234],[-88.207765,30.236783],[-88.279426,30.222291],[-88.2961662744564,30.2217239490365],[-88.305346,30.221413],[-88.324659,30.22317],[-88.330758,30.235026]]],[[[-88.473227,31.893856],[-88.468879,31.930262],[-88.46866,31.933173],[-88.455039,32.039719],[-88.454959,32.040576],[-88.4418791405619,32.1464303710893],[-88.43871,32.172078],[-88.43865,32.172806],[-88.4338373824385,32.2086904392936],[-88.4312940163839,32.2276546024792],[-88.428278,32.250143],[-88.4279411433212,32.2530321691437],[-88.421453,32.30868],[-88.413819,32.373922],[-88.4125,32.380025],[-88.4039163853966,32.4487500832869],[-88.4039124245627,32.4487817958759],[-88.403789,32.44977],[-88.403789,32.449885],[-88.4033142007722,32.4542976645469],[-88.399966,32.485415],[-88.3888572465182,32.5781229194103],[-88.3861753483959,32.6005046560645],[-88.383039,32.626679],[-88.382985,32.626954],[-88.373338,32.711825],[-88.3690552059374,32.7425840286741],[-88.368349,32.747656],[-88.354292,32.87513],[-88.3478500256084,32.929077584824],[-88.340432,32.991199],[-88.330934,33.073125],[-88.317135,33.184123],[-88.315235,33.203323],[-88.312535,33.220923],[-88.3044169870826,33.2883179507206],[-88.3027437308318,33.3022091607627],[-88.3005000457713,33.3208360150958],[-88.3004988409734,33.32084601721],[-88.2970970227493,33.3490875800044],[-88.2859481129665,33.4416447406107],[-88.2801043139762,33.4901593893276],[-88.277421,33.512436],[-88.276805,33.516463],[-88.274619,33.534008],[-88.27005,33.570819],[-88.269532,33.572894],[-88.269076,33.576929],[-88.26816,33.58504],[-88.267148,33.591989],[-88.267005,33.594229],[-88.2658833926436,33.6034677961419],[-88.2638345327991,33.6203444672152],[-88.2623713027984,33.6323972445167],[-88.262370726858,33.6324019885971],[-88.256343,33.682053],[-88.256131,33.68286],[-88.254622,33.69578],[-88.254445,33.698779],[-88.252257,33.719568],[-88.2489367947941,33.7449779007161],[-88.244142,33.781673],[-88.243025,33.79568],[-88.2416094387383,33.8029217083864],[-88.2415992970684,33.8029735909988],[-88.240054,33.810879],[-88.235492,33.847203],[-88.226517,33.911551],[-88.226517,33.911665],[-88.226428,33.912875],[-88.222135875909,33.9447024394569],[-88.210741,34.029199],[-88.207229,34.058333],[-88.2060052962786,34.0683576964181],[-88.2037840638383,34.0865542422802],[-88.200196,34.115948],[-88.192128,34.175351],[-88.190678,34.190123],[-88.18762,34.204778],[-88.186667,34.220952],[-88.176889,34.293858],[-88.175867,34.302171],[-88.173632,34.321054],[-88.16591,34.380926],[-88.1656733734431,34.3827915774924],[-88.165634,34.383102],[-88.1594297785128,34.4363060881802],[-88.1586659845225,34.4428559772994],[-88.156292,34.463214],[-88.139988,34.581703],[-88.139246,34.587795],[-88.138719,34.589215],[-88.134263,34.62266],[-88.1308067668013,34.6448133736411],[-88.120809790864,34.7088908621916],[-88.118407,34.724292],[-88.116418,34.746303],[-88.10756,34.811628],[-88.104828239252,34.8343853294572],[-88.097888,34.892202],[-88.099999,34.894095],[-88.125038,34.902227],[-88.136692,34.907592],[-88.139721,34.909631],[-88.146335,34.914374],[-88.154617,34.922392],[-88.1601355569244,34.9311432274347],[-88.161594,34.933456],[-88.172102,34.955213],[-88.176106,34.962519],[-88.179973,34.967466],[-88.187429,34.974909],[-88.198811,34.991192],[-88.200064,34.995634],[-88.20082,34.997774],[-88.201987,35.005421],[-88.202959,35.008028],[-88.000032,35.005939],[-87.9849162019114,35.0058806732269],[-87.9269766619543,35.0056571040592],[-87.877969,35.005468],[-87.877742,35.005512],[-87.872626,35.005571],[-87.853528,35.005541],[-87.853411,35.005576],[-87.851886,35.005656],[-87.8211342757523,35.0053771529474],[-87.773586,35.004946],[-87.767602,35.004783],[-87.75889,35.004711],[-87.709491,35.004089],[-87.702321,35.003945],[-87.700543,35.003988],[-87.696834,35.003852],[-87.6887093751075,35.0037513567643],[-87.671405,35.003537],[-87.664123,35.003523],[-87.625025,35.003732],[-87.6192815618009,35.003704600444],[-87.606178379167,35.0036420906069],[-87.5774876474615,35.0035052190532],[-87.4929179481542,35.0031017721749],[-87.4370737168059,35.0028353625626],[-87.428613,35.002795],[-87.4245661499548,35.0027286018946],[-87.421543,35.002679],[-87.4174,35.002669],[-87.391314,35.002374],[-87.381071,35.002118],[-87.359281,35.001823],[-87.3592674303837,35.0018227821826],[-87.3493239330524,35.00166317071],[-87.349251,35.001662],[-87.299185,35.000915],[-87.270014,35.00039],[-87.230544,34.999484],[-87.224053220297,34.9993266591169],[-87.216683,34.999148],[-87.210759,34.999024],[-87.0899784494007,34.9966868780398],[-87.0300940691376,34.9955281062054],[-87.011174,34.995162],[-87.000007,34.995121],[-86.974412,34.994513],[-86.972613,34.99461],[-86.970236,34.994546],[-86.96712,34.9944],[-86.9374605990549,34.9937094645679],[-86.8792364883071,34.9923538804971],[-86.862147,34.991956],[-86.849794,34.991924],[-86.846466,34.99186],[-86.83637,34.991764],[-86.836306,34.991764],[-86.820657,34.991764],[-86.783648,34.991925],[-86.7836280170906,34.9919250273269],[-86.6776727086777,34.9920699224502],[-86.677616,34.99207],[-86.676726,34.99207],[-86.67436,34.992001],[-86.670853,34.992],[-86.65961,34.991792],[-86.6413928487564,34.9917405111499],[-86.641212,34.99174],[-86.600039,34.99124],[-86.588962,34.991197],[-86.5713080004837,34.9910119538512],[-86.571217,34.991011],[-86.555864,34.990971],[-86.5557676701894,34.9909699655954],[-86.528485,34.990677],[-86.5227079907133,34.9906784279028],[-86.4732990364922,34.9906906403093],[-86.467798,34.990692],[-86.433927,34.991085],[-86.397203,34.99166],[-86.3187611440952,34.9911469680432],[-86.311274,34.991098],[-86.1529311285418,34.990135571978],[-86.0671363915752,34.9896141007035],[-86.0670596523409,34.9896136342727],[-85.8639354755464,34.9883790198068],[-85.8609202846465,34.9883606930947],[-85.828724,34.988165],[-85.824411,34.988142],[-85.748942822758,34.9869496326776],[-85.7008436226794,34.9861896843589],[-85.611494932012,34.9847780104197],[-85.605165,34.984678],[-85.599386,34.951766],[-85.598782,34.944915],[-85.595193,34.924331],[-85.595165,34.924171],[-85.583149,34.860371],[-85.575932207313,34.8237332785254],[-85.5743575479345,34.815739155065],[-85.561424,34.750079],[-85.5580739844933,34.7344190931904],[-85.552491,34.708321],[-85.552463,34.708138],[-85.5425100592973,34.6624398980968],[-85.541278,34.656783],[-85.541275,34.656701],[-85.534339,34.625082],[-85.5341009721027,34.62385567623],[-85.527274,34.588683],[-85.517089,34.542598],[-85.513945,34.525192],[-85.5137295115038,34.524190957986],[-85.513725,34.52417],[-85.512124,34.518252],[-85.5084,34.501212],[-85.502471,34.474526],[-85.502333,34.473953],[-85.4846074397937,34.3928858644596],[-85.470472,34.328238],[-85.4676981849461,34.3143625535689],[-85.4621053614252,34.2863855898362],[-85.458717,34.269436],[-85.458095,34.265735],[-85.455396,34.252853],[-85.455082,34.250688],[-85.4447454521672,34.1999434410366],[-85.4447339897142,34.1998871691427],[-85.429499,34.125095],[-85.428251,34.114396],[-85.4218824893099,34.0808162176071],[-85.420263,34.072277],[-85.406781,34.002313],[-85.405951,34.000099],[-85.398871,33.964128],[-85.3865100249673,33.9017185590001],[-85.377464,33.856046],[-85.361885,33.77395],[-85.3618818476789,33.7739360370583],[-85.360532,33.767957],[-85.357443,33.750103],[-85.3570179273869,33.7479555111028],[-85.355294019238,33.7392462376866],[-85.33824506153,33.6531140187301],[-85.3153876843937,33.5376373634415],[-85.315043,33.535896],[-85.31414,33.530216],[-85.314048,33.529805],[-85.304489,33.482882],[-85.2939525862265,33.4280696299523],[-85.2814572156644,33.3630664049599],[-85.26272029732,33.2655934958726],[-85.2521910352333,33.2108183302201],[-85.2365689218027,33.129549211458],[-85.232441,33.108075],[-85.223325,33.062578],[-85.221932,33.055536],[-85.2109554425336,33.0005849426627],[-85.204188360739,32.9667074450196],[-85.2026164555261,32.9588381423037],[-85.188811,32.889725],[-85.1863370960722,32.8737924081202],[-85.1857897629128,32.8702674386367],[-85.1844,32.861317],[-85.1770416200713,32.8569033530933],[-85.153497,32.842781],[-85.1666198895489,32.8144589293485],[-85.1679087523718,32.8116772810085],[-85.167939,32.811612],[-85.133322,32.782078],[-85.122189,32.773353],[-85.138879,32.760062],[-85.1300975128125,32.7517487666425],[-85.11855,32.740817],[-85.11425,32.730447],[-85.1201322420793,32.7202459392782],[-85.122738,32.715727],[-85.1151921586655,32.687345922225],[-85.114737,32.685634],[-85.093536,32.669734],[-85.088533,32.657958],[-85.105337,32.644835],[-85.089743,32.631603],[-85.0796830693766,32.6080965688111],[-85.067663,32.58001],[-85.0344686980483,32.5527460349807],[-85.022509,32.542923],[-85.0071,32.523868],[-85.005228921191,32.5162023939535],[-85.0037400682779,32.5101027257633],[-85.00283808653,32.5064074048035],[-85.0008942516519,32.4984437250677],[-84.9986140708186,32.4891020725947],[-84.9957451241473,32.4773483106233],[-84.995231,32.475242],[-84.995243041021,32.4725930957802],[-84.9952774263606,32.4650286649228],[-84.9952915639008,32.4619185474517],[-84.995331,32.453243],[-84.9949451478104,32.453072239882],[-84.9800394356687,32.4464756694023],[-84.971831,32.442843],[-84.9684790106538,32.4347437223261],[-84.96343,32.422544],[-84.975169,32.414935],[-84.977082,32.390817],[-84.9800206478632,32.3843558669498],[-84.9811484580944,32.3818761782296],[-84.981914,32.380193],[-84.983466,32.363186],[-85.008096,32.336677],[-85.001874,32.322015],[-84.9564457353792,32.3061624215403],[-84.9338,32.29826],[-84.889431,32.261941],[-84.8894565917336,32.2619272749814],[-84.914027,32.24875],[-84.9214294706804,32.2308494799911],[-84.925027,32.22215],[-84.9594186382075,32.2198797187486],[-84.967428,32.219351],[-84.979329,32.207251],[-84.964628,32.20355],[-84.961728,32.19865],[-85.011267,32.180493],[-85.058749,32.136018],[-85.047063,32.087389],[-85.0493425460761,32.0624439732037],[-85.053815,32.013502],[-85.0631956336113,31.991857],[-85.07533,31.963858],[-85.08213,31.944658],[-85.119931,31.89326],[-85.1281769970455,31.8851504516998],[-85.129842,31.883513],[-85.141831,31.839261],[-85.1324687604114,31.8180643596333],[-85.131231,31.815262],[-85.136531,31.788963],[-85.1338384298465,31.7803504775825],[-85.1286886811869,31.7638783623738],[-85.11893,31.732664],[-85.12553,31.694965],[-85.082729,31.649766],[-85.062157,31.622908],[-85.05796,31.57084],[-85.041881,31.544684],[-85.044986,31.51823],[-85.0455566982816,31.5171619682167],[-85.0472789794968,31.5139388096115],[-85.071621,31.468384],[-85.066005,31.431363],[-85.079978,31.410472],[-85.077581,31.398115],[-85.0876864446454,31.3742282942012],[-85.092487,31.362881],[-85.086657,31.339995],[-85.0888298156031,31.3086477607129],[-85.089774,31.295026],[-85.1014637716911,31.2861909598311],[-85.114548,31.276302],[-85.098844,31.232524],[-85.09977,31.209751],[-85.1065039534155,31.1894952403071],[-85.107516,31.186451],[-85.093405,31.162326],[-85.076628,31.156927],[-85.052867,31.119489],[-85.035615,31.108192],[-85.026603,31.080958],[-85.0235761810791,31.0755033185024],[-85.011392,31.053546],[-85.001497,31.005044],[-85.002499,31.000682],[-85.024238,31.000681],[-85.027642,31.00067],[-85.030237,31.000653],[-85.031285,31.000647],[-85.052217,31.000584],[-85.054931,31.000584],[-85.057662,31.000584],[-85.145959,31.000693],[-85.152209,31.000886],[-85.152342,31.000832],[-85.154576,31.000833],[-85.2400920026752,31.0008790299647],[-85.243752,31.000881],[-85.3289203706494,30.9995567875041],[-85.3290556336681,30.9995546844114],[-85.3817482346924,30.9987354107751],[-85.4882980047342,30.9970787565989],[-85.4979938168177,30.9969280044426],[-85.49838,30.996922],[-85.5832941366146,30.9963679220401],[-85.6462550988774,30.9959570919603],[-85.749715,30.995282],[-85.750028,30.994827],[-85.8311223524301,30.9940522203871],[-85.8311253405863,30.9940521918381],[-85.893632,30.993455],[-85.9656666167046,30.9930451165537],[-85.998727,30.992857],[-86.0350402418067,30.9933060014511],[-86.035121,30.993307],[-86.052544,30.993233],[-86.056294,30.993119],[-86.116997,30.992902],[-86.1327416289249,30.9931640394023],[-86.162962,30.993667],[-86.169055,30.993691],[-86.17528,30.993783],[-86.180308,30.99399],[-86.1872465588334,30.9940334704891],[-86.238408,30.994354],[-86.25652,30.993837],[-86.2888491362531,30.9937818005479],[-86.289318,30.993781],[-86.304666,30.994012],[-86.364974,30.994437],[-86.369337,30.994459],[-86.374612,30.994456],[-86.3886458727332,30.9941643948152],[-86.388713,30.994163],[-86.392003,30.994154],[-86.404977,30.994031],[-86.454767,30.993772],[-86.458382,30.993979],[-86.500011,30.99332],[-86.512894,30.99368],[-86.519998,30.993225],[-86.5424881127186,30.9942472308453],[-86.5424890330127,30.9942472726749],[-86.563494,30.995202],[-86.567644,30.995088],[-86.664734,30.994512],[-86.678435,30.994515],[-86.6883140179263,30.9945734725027],[-86.706312,30.99468],[-86.725429,30.996849],[-86.727343,30.996859],[-86.728442,30.996716],[-86.745289,30.996267],[-86.7856944213826,30.9969494300445],[-86.785965,30.996954],[-86.830542,30.997377],[-86.831979,30.997354],[-86.873032,30.997606],[-86.888178,30.997552],[-86.927851,30.997678],[-86.998514,30.998634],[-87.004396,30.999289],[-87.027143,30.999228],[-87.036402,30.999321],[-87.040024,30.999567],[-87.053772,30.999104],[-87.064097,30.999164],[-87.068667,30.999115],[-87.1150789683754,30.999377371094],[-87.118905,30.999399],[-87.125,30.998774],[-87.140786,30.999503],[-87.162644,30.999026],[-87.1636180186997,30.9989964168217],[-87.1636519790466,30.9989953853682],[-87.1747994126539,30.9986568122829],[-87.224773,30.997139],[-87.237711,30.996363],[-87.255005,30.998255],[-87.255617,30.998186],[-87.257027,30.998164],[-87.257985,30.998233],[-87.259714,30.998142],[-87.260565,30.998165],[-87.265589,30.998237],[-87.288929,30.998315],[-87.291019,30.998322],[-87.30159,30.998403],[-87.304053,30.99816],[-87.312206,30.998404],[-87.333995,30.998241],[-87.3478447959439,30.9982231144596],[-87.355677,30.998213],[-87.3638738154375,30.9981874892026],[-87.364031,30.998187],[-87.367862,30.99826],[-87.425791,30.998058],[-87.432309,30.998173],[-87.449827,30.998239],[-87.455721,30.998285],[-87.458674,30.998353],[-87.461654,30.998169],[-87.461799,30.998168],[-87.466842,30.998145],[-87.466894,30.998145],[-87.478721,30.99818],[-87.479718,30.998164],[-87.480258,30.998169],[-87.4884216873106,30.9980407506029],[-87.4983751577094,30.9978843841806],[-87.519533,30.997552],[-87.548555,30.997893],[-87.571292,30.997836],[-87.5988285301321,30.9974236243995],[-87.598937,30.997422],[-87.599181,30.995688],[-87.596731,30.987576],[-87.593404,30.982925],[-87.592685,30.980106],[-87.594173,30.977538],[-87.59412,30.976301],[-87.593055,30.972933],[-87.590926,30.969381],[-87.589196,30.964431],[-87.592064,30.95146],[-87.596898,30.941099],[-87.598307,30.938761],[-87.600699,30.937042],[-87.602692,30.934245],[-87.607818,30.924459],[-87.608269,30.921869],[-87.610207,30.916597],[-87.611854,30.91451],[-87.614216,30.908505],[-87.614958,30.904196],[-87.61602,30.901423],[-87.620721,30.8989],[-87.622209,30.897478],[-87.622525,30.89365],[-87.620928,30.889893],[-87.620794,30.887464],[-87.622068,30.885378],[-87.624406,30.884666],[-87.62946,30.880085],[-87.629993,30.877657],[-87.6348379012602,30.86610753841],[-87.634943,30.865857],[-87.62825,30.860102],[-87.626233,30.857099],[-87.625385,30.854327],[-87.626502,30.851852],[-87.627328,30.847933],[-87.62608,30.846466],[-87.624142,30.845685],[-87.617287,30.840326],[-87.615373,30.837004],[-87.615928,30.834666],[-87.610988,30.832605],[-87.605782,30.831277],[-87.603576,30.828597],[-87.601636,30.825113],[-87.600492,30.820601],[-87.594303,30.816958],[-87.587876,30.815011],[-87.581876,30.812377],[-87.576856,30.808138],[-87.57205,30.800507],[-87.568147,30.799063],[-87.564216,30.796221],[-87.560075,30.792234],[-87.559491,30.790423],[-87.554845,30.787101],[-87.552962,30.786917],[-87.552059,30.78623],[-87.545052,30.778642],[-87.545372,30.774082],[-87.546168,30.771997],[-87.542268,30.767481],[-87.537093,30.762507],[-87.536536,30.76136],[-87.535424,30.754738],[-87.535373,30.749753],[-87.532615,30.743467],[-87.523621,30.738285],[-87.511738,30.733514],[-87.505162,30.726292],[-87.502326,30.72157],[-87.497524,30.720103],[-87.496781,30.720333],[-87.487045,30.71848],[-87.481235,30.716488],[-87.479829,30.71493],[-87.479589,30.712845],[-87.474439,30.706567],[-87.470407,30.705262],[-87.467727,30.701664],[-87.466348,30.700816],[-87.456958,30.697541],[-87.451415,30.699787],[-87.449373,30.698894],[-87.443591,30.694586],[-87.442291,30.692661],[-87.4401135092902,30.6907183886612],[-87.439825,30.690461],[-87.436032,30.68865],[-87.430384,30.688627],[-87.424895,30.683356],[-87.419539,30.679964],[-87.412751,30.678038],[-87.40697,30.675148],[-87.406573,30.674002],[-87.40713,30.671779],[-87.405886,30.666599],[-87.400719,30.657132],[-87.400189,30.657201],[-87.397274,30.654335],[-87.396189,30.650438],[-87.397197,30.648101],[-87.395953,30.643953],[-87.3936,30.630865],[-87.393787,30.626991],[-87.394491,30.625178],[-87.395671,30.623358],[-87.396442,30.61772],[-87.396442,30.616895],[-87.395065,30.615886],[-87.395038,30.615267],[-87.39732,30.608714],[-87.399281,30.605597],[-87.401189,30.604383],[-87.404608,30.603375],[-87.406569,30.599915],[-87.408747,30.583688],[-87.4124693984337,30.5738805336364],[-87.4124759417838,30.5738632937607],[-87.412722,30.573215],[-87.414523,30.573444],[-87.416271,30.572436],[-87.418364,30.570031],[-87.418523,30.569549],[-87.416961,30.567991],[-87.41667,30.566294],[-87.418657,30.561825],[-87.420935,30.560656],[-87.422418,30.560427],[-87.422815,30.561367],[-87.423372,30.561413],[-87.426046,30.560061],[-87.4279,30.554147],[-87.43145,30.550252],[-87.434972,30.549588],[-87.435449,30.549129],[-87.446594,30.527057],[-87.446435,30.520296],[-87.444952,30.514933],[-87.44519,30.51397],[-87.446507,30.513559],[-87.447313,30.512619],[-87.447789,30.511903],[-87.447709,30.510448],[-87.444722,30.507484],[-87.443228,30.506772],[-87.439698,30.506639],[-87.438277,30.505348],[-87.431186,30.495786],[-87.430586,30.491087],[-87.432986,30.484888],[-87.4347673453837,30.4818722556028],[-87.435585,30.480488],[-87.434686,30.479188],[-87.431586,30.477688],[-87.430586,30.476588],[-87.429586,30.470588],[-87.425086,30.465589],[-87.414685,30.457289],[-87.407885,30.456389],[-87.404685,30.45289],[-87.399886,30.450991],[-87.396886,30.450591],[-87.391985,30.451591],[-87.381185,30.450091],[-87.3782711566831,30.4491860762371],[-87.370778,30.446859],[-87.36869,30.444625],[-87.366949,30.440475],[-87.366601,30.436643],[-87.367618221862,30.4345824899658],[-87.368201,30.433402],[-87.371179,30.430485],[-87.382085,30.422892],[-87.3843547793814,30.4216251463918],[-87.386385,30.420492],[-87.395684,30.417592],[-87.398784,30.415093],[-87.401785,30.411393],[-87.403485,30.410193],[-87.408884,30.408793],[-87.413184,30.408993],[-87.419184,30.410193],[-87.422684,30.410093],[-87.426184,30.409193],[-87.429584,30.406493],[-87.4306821040119,30.4048458439822],[-87.431784,30.403193],[-87.434284,30.397494],[-87.437284,30.395894],[-87.440684,30.391494],[-87.441184,30.388594],[-87.440884,30.386694],[-87.438684,30.382094],[-87.438684,30.380794],[-87.441828,30.376301],[-87.449083,30.370396],[-87.451383,30.367196],[-87.451883,30.364996],[-87.451983,30.360296],[-87.450966,30.34626],[-87.452282,30.344097],[-87.459982,30.336298],[-87.462982,30.333998],[-87.464881,30.333298],[-87.481257,30.32657],[-87.4894771692616,30.3236480517148],[-87.490642,30.323234],[-87.496163,30.317992],[-87.493017900276,30.3121091821285],[-87.492851,30.311797],[-87.485674,30.308937],[-87.464143,30.311797],[-87.466903,30.302264],[-87.509407,30.292188],[-87.51838,30.283901],[-87.518324,30.280435],[-87.544533,30.275659],[-87.558097,30.274437],[-87.581362,30.269257],[-87.5822073192866,30.2690382104254],[-87.656888,30.249709],[-87.6890979579742,30.2460105192835],[-87.73553,30.240679],[-87.80056,30.229365],[-87.8314807693541,30.2275865377238],[-87.838462,30.227185],[-87.926119,30.230373],[-87.962253,30.229522],[-87.999996,30.225753],[-88.014572,30.222366],[-88.028401,30.221132],[-88.029272,30.222714],[-88.023991,30.23039],[-87.966847,30.235618],[-87.948979,30.256564],[-87.936041,30.261469],[-87.918247,30.253308],[-87.913762,30.247837],[-87.90046,30.241531],[-87.893201,30.239237],[-87.879343,30.23859],[-87.860085,30.240289],[-87.817743,30.254292],[-87.802087,30.253054],[-87.78775,30.254244],[-87.766626,30.262353],[-87.755263,30.277292],[-87.7553713500294,30.2832555342244],[-87.7554666379542,30.2885001364104],[-87.755516,30.291217],[-87.772758,30.311701],[-87.796717,30.324198],[-87.809266,30.332702],[-87.82988,30.353809],[-87.837239,30.369324],[-87.8432407195014,30.3754998476866],[-87.845132,30.377446],[-87.853806,30.378481],[-87.865017,30.38345],[-87.906343,30.40938],[-87.908908,30.41424],[-87.914136,30.446144],[-87.920031,30.470645],[-87.924211,30.4761],[-87.931902,30.4811],[-87.9330813204338,30.4861784638365],[-87.933355,30.487357],[-87.911141,30.525848],[-87.908589880799,30.5310039183852],[-87.905343,30.537566],[-87.901711,30.550879],[-87.9024221084337,30.555251],[-87.904168,30.565985],[-87.907891,30.573114],[-87.911431,30.576261],[-87.914956,30.585893],[-87.91253,30.615795],[-87.9173858656926,30.6302322239231],[-87.919346,30.63606],[-87.9285175021004,30.6490725184185],[-87.93107,30.652694],[-87.936717,30.657432],[-87.955989,30.658862],[-87.9698761435167,30.6678023961197],[-87.981196,30.67509],[-88.008396,30.684956],[-88.0097313254237,30.6843734444915],[-88.012444,30.68319],[-88.022076,30.673873],[-88.026706,30.66149],[-88.034588,30.653715],[-88.044339,30.652568],[-88.0523576315684,30.6490820135596],[-88.061998,30.644891],[-88.059598,30.619091],[-88.053998,30.612491],[-88.0560243474427,30.6079923227736],[-88.064898,30.588292],[-88.074898,30.578892],[-88.0845853985172,30.56459725829],[-88.085493,30.563258],[-88.081617,30.546317],[-88.082792,30.528713],[-88.0897608275368,30.5242001971768],[-88.090734,30.52357],[-88.100874,30.50975],[-88.103768,30.500903],[-88.102988,30.493029],[-88.096867,30.471053],[-88.100646,30.46122],[-88.106437,30.452738],[-88.1063768712011,30.4520917995834],[-88.10407,30.4273],[-88.107274,30.377246],[-88.115432,30.35657],[-88.124611,30.341623],[-88.128052,30.338509],[-88.136173,30.320729],[-88.155775,30.327184],[-88.171967,30.324679],[-88.191542,30.317002],[-88.195664,30.321242],[-88.198361,30.338819],[-88.196353,30.343586],[-88.188532,30.345053],[-88.188527,30.348124],[-88.196505872522,30.3579810678565],[-88.200065,30.362378],[-88.204495,30.362102],[-88.260695,30.382381],[-88.282635,30.382876],[-88.2888253724526,30.3735023826164],[-88.290649,30.370741],[-88.311608,30.368908],[-88.316525,30.369985],[-88.319599,30.380334],[-88.332277,30.38844],[-88.341345,30.38947],[-88.364022,30.388006],[-88.374671,30.385608],[-88.395023,30.369425],[-88.4004023553571,30.4742164724636],[-88.4004035205078,30.4742391699529],[-88.4019654852472,30.5046667163986],[-88.402283,30.510852],[-88.403547,30.5331],[-88.403931,30.543359],[-88.404013,30.54506],[-88.4060104917735,30.589761],[-88.407484,30.622736],[-88.407462,30.631653],[-88.4080643348131,30.6369204575682],[-88.40807,30.63697],[-88.409571,30.668731],[-88.411339,30.706334],[-88.41155,30.712956],[-88.412209,30.730395],[-88.41227,30.731771],[-88.4124506012791,30.7355976173844],[-88.4148111125415,30.7856126199293],[-88.4182537702715,30.8585563664258],[-88.4184764744795,30.8632750694073],[-88.41863,30.866528],[-88.419562,30.875186],[-88.4256361537673,30.9983011286609],[-88.425729,31.000183],[-88.425807,31.001123],[-88.432007,31.114298],[-88.4335076962076,31.1427912908627],[-88.438104,31.23006],[-88.438211,31.231252],[-88.43898,31.246896],[-88.43878,31.252654],[-88.445182,31.355855],[-88.445209,31.355969],[-88.448686,31.420888],[-88.44866,31.421277],[-88.449569225455,31.4358288007726],[-88.4495695963996,31.4358347375977],[-88.451045,31.459448],[-88.451575,31.481533],[-88.453013,31.500164],[-88.4532906795915,31.5053820569557],[-88.4563306535853,31.5625081761439],[-88.459478,31.621652],[-88.459722,31.624002],[-88.4638529086848,31.6888940694711],[-88.464425,31.697881],[-88.4644269792809,31.6979519029488],[-88.465107,31.722312],[-88.468669,31.790722],[-88.4698254016609,31.8193008275882],[-88.471106,31.850949],[-88.471214,31.851385],[-88.472642,31.875153],[-88.473227,31.893856]]]]}},{"type":"Feature","properties":{"STATEFP":"47","STUSPS":"TN","NAME":"Tennessee"},"geometry":{"type":"Polygon","coordinates":[[[-90.309712,35.008478],[-90.305103,35.013847],[-90.305612,35.019578],[-90.299609,35.028507],[-90.296607,35.038672],[-90.292348,35.041356],[-90.265544,35.040582],[-90.260385,35.035871],[-90.252342,35.031754],[-90.242059,35.03268],[-90.231348,35.030946],[-90.214143,35.025649],[-90.206997,35.025849],[-90.191217,35.040213],[-90.181157,35.053943],[-90.17504,35.0749],[-90.1765254449192,35.0770004952485],[-90.178513,35.079811],[-90.181362,35.087424],[-90.180777,35.096482],[-90.175382,35.114177],[-90.169232,35.121883],[-90.157828,35.128998],[-90.147147,35.133054],[-90.138893,35.132251],[-90.100169,35.118071],[-90.087416,35.118892],[-90.075641,35.126661],[-90.0752327736565,35.1271262342202],[-90.06616,35.137466],[-90.0659840029074,35.1384702798649],[-90.064298,35.148091],[-90.0667230343856,35.1529383735399],[-90.0668225711223,35.1531373363861],[-90.067897,35.155285],[-90.076825,35.158679],[-90.100093,35.170209],[-90.106304,35.175481],[-90.108041,35.181339],[-90.114808,35.184348],[-90.11733,35.189256],[-90.114451,35.198923],[-90.105542,35.198321],[-90.098064,35.195137],[-90.087798,35.212185],[-90.08135,35.208806],[-90.077163,35.211033],[-90.074971,35.218715],[-90.081839,35.227763],[-90.085344,35.234593],[-90.092603,35.246775],[-90.104278,35.254087],[-90.116463,35.255868],[-90.135677,35.252583],[-90.1451891125195,35.2534579749278],[-90.14632,35.253562],[-90.153772,35.257601],[-90.166594,35.274588],[-90.168875,35.281516],[-90.16486,35.294014],[-90.158321,35.301006],[-90.14904,35.303025],[-90.140657,35.299144],[-90.12756,35.302386],[-90.109966,35.304988],[-90.108555,35.311968],[-90.102915,35.326202],[-90.093384,35.354088],[-90.0798,35.372486],[-90.078279,35.378734],[-90.081897715975,35.3854531186829],[-90.083243,35.387951],[-90.097112,35.395539],[-90.10525,35.402194],[-90.112691,35.410298],[-90.129884,35.41382],[-90.138888,35.410802],[-90.145446,35.402522],[-90.144883,35.391118],[-90.137757,35.379393],[-90.141588,35.375154],[-90.165282,35.373982],[-90.178458,35.382144],[-90.179342,35.385313],[-90.1707,35.410065],[-90.170599,35.418352],[-90.169002,35.421853],[-90.1400646101515,35.4366745720845],[-90.129435,35.442119],[-90.119031,35.468039],[-90.108746,35.476011],[-90.090137,35.4785],[-90.080017,35.477067],[-90.069036,35.467773],[-90.067239,35.460945],[-90.072831,35.444583],[-90.074098,35.43414],[-90.070616,35.423497],[-90.064918,35.416387],[-90.069528,35.408132],[-90.059492,35.393815],[-90.0538286717081,35.3930804317931],[-90.051258,35.392747],[-90.049340177528,35.3953109294014],[-90.04658,35.399001],[-90.050564,35.409635],[-90.046316,35.412331],[-90.017108,35.421939],[-90.002675,35.430529],[-90.006801,35.453252],[-90.0151730799995,35.4663520581386],[-90.019152,35.472578],[-90.024683,35.475754],[-90.034183,35.481915],[-90.044138,35.494622],[-90.049524,35.510356],[-90.048328,35.523726],[-90.041962,35.537468],[-90.039681,35.547723],[-90.032927,35.553461],[-90.024772,35.556161],[-90.016165,35.556808],[-90.002235,35.560651],[-89.994272,35.560973],[-89.984046,35.557794],[-89.958266,35.541411],[-89.955888,35.535044],[-89.958464,35.52607],[-89.95519,35.522495],[-89.9361965908948,35.5152770935277],[-89.926539,35.511607],[-89.911923,35.512841],[-89.904638,35.519348],[-89.90231,35.530225],[-89.9098135698954,35.5378411382555],[-89.909909,35.537938],[-89.910051,35.545379],[-89.913818,35.549481],[-89.929585,35.55173],[-89.939888,35.555668],[-89.947262,35.564335],[-89.957198,35.583007],[-89.957158,35.589421],[-89.946419,35.601127],[-89.9325,35.607865],[-89.911275,35.617594],[-89.903467,35.615796],[-89.893669,35.615336],[-89.887718,35.618066],[-89.873406,35.627618],[-89.864558,35.630546],[-89.855125,35.636223],[-89.850767,35.650319],[-89.852153,35.660268],[-89.857942,35.668312],[-89.865137,35.670437],[-89.877322,35.666069],[-89.887266,35.653591],[-89.896869,35.651215],[-89.906635,35.651435],[-89.919285,35.655297],[-89.930209,35.661352],[-89.939267,35.670943],[-89.946135,35.678517],[-89.955946,35.690756],[-89.956589,35.695486],[-89.956933,35.711677],[-89.9578419578286,35.7193902332661],[-89.958623,35.726018],[-89.955011,35.730122],[-89.939974,35.739429],[-89.93792,35.744172],[-89.920452,35.751962],[-89.9108766859732,35.7578730108017],[-89.909111,35.758963],[-89.904886,35.757927],[-89.898306,35.752516],[-89.890254,35.75079],[-89.874067,35.755286],[-89.863064,35.757134],[-89.852753,35.755453],[-89.850349,35.746489],[-89.842887,35.742723],[-89.831817,35.743503],[-89.816857,35.748692],[-89.800728,35.757152],[-89.79895,35.759356],[-89.798006,35.777638],[-89.799565,35.788331],[-89.794652,35.794219],[-89.777906,35.806283],[-89.762802,35.810966],[-89.735734,35.80426],[-89.729713,35.802116],[-89.720117,35.805933],[-89.695987,35.821298],[-89.693569,35.829107],[-89.695531,35.835673],[-89.729517,35.847632],[-89.762693,35.857413],[-89.772904,35.865632],[-89.773617,35.875705],[-89.768303,35.889355],[-89.744547,35.910699],[-89.727787,35.911243],[-89.719416,35.908311],[-89.676378,35.876698],[-89.665939,35.874451],[-89.657917,35.876743],[-89.645617,35.885833],[-89.641572,35.900263],[-89.6423394880732,35.9060661639323],[-89.644307,35.920943],[-89.652157,35.929113],[-89.716527,35.961533],[-89.721677,35.967673],[-89.724027,35.980803],[-89.722916,35.989061],[-89.733095,36.000608],[-89.706932,36.000981],[-89.705677,36.005018],[-89.703571,36.00804],[-89.692437,36.020507],[-89.688577,36.029238],[-89.687254,36.034048],[-89.684439,36.051719],[-89.681946,36.072336],[-89.680029,36.082494],[-89.678821,36.084636],[-89.672463,36.091837],[-89.666598,36.095802],[-89.657709,36.099128],[-89.64302,36.10362],[-89.628305,36.106853],[-89.625078,36.108131],[-89.615128,36.113816],[-89.6128789961007,36.1147799075232],[-89.601936,36.11947],[-89.598946,36.121778],[-89.594,36.12719],[-89.59307,36.129699],[-89.592102,36.135637],[-89.591605,36.144096],[-89.592206,36.15012],[-89.594397,36.155457],[-89.600871,36.164558],[-89.607004,36.171179],[-89.618228,36.179966],[-89.623804,36.183128],[-89.629452,36.185382],[-89.636893,36.188951],[-89.64479,36.194101],[-89.654876,36.20153],[-89.6581725079971,36.2033048786044],[-89.664144,36.20652],[-89.6725378330548,36.2116372738391],[-89.679548,36.215911],[-89.69263,36.224959],[-89.699677,36.230821],[-89.704459,36.235468],[-89.70525,36.236568],[-89.705545,36.238136],[-89.705328,36.239898],[-89.703511,36.243412],[-89.699817,36.248384],[-89.698568,36.250591],[-89.695235,36.252766],[-89.6937894191635,36.2525131061791],[-89.691308,36.252079],[-89.686229,36.249507],[-89.678046,36.248284],[-89.652518,36.250692],[-89.642182,36.249486],[-89.63679,36.248079],[-89.624416,36.243305],[-89.611145,36.239271],[-89.60651,36.238328],[-89.602374,36.238106],[-89.587326,36.239484],[-89.577544,36.242262],[-89.573928,36.243843],[-89.564997,36.250067],[-89.562206,36.250909],[-89.557991,36.251037],[-89.553563,36.250341],[-89.548952,36.2482],[-89.544743,36.247484],[-89.541621,36.247891],[-89.539229,36.248821],[-89.534745,36.252576],[-89.534507,36.261802],[-89.535529,36.270541],[-89.537675,36.275279],[-89.539487,36.277368],[-89.544797,36.280458],[-89.546577,36.280439],[-89.549219,36.27875],[-89.554289,36.277751],[-89.578492,36.288317],[-89.584337,36.29334],[-89.58982,36.296814],[-89.611819,36.309088],[-89.619242,36.320726],[-89.620255,36.323006],[-89.6198,36.329546],[-89.615841,36.336085],[-89.610689,36.340442],[-89.605668,36.342234],[-89.600544,36.342985],[-89.581636,36.342357],[-89.560439,36.337746],[-89.545006,36.336809],[-89.5385029246464,36.337453956369],[-89.538079,36.337496],[-89.531822,36.339246],[-89.527029,36.341679],[-89.522695,36.344789],[-89.519,36.3486],[-89.513178,36.359897],[-89.5111775125918,36.3678439593827],[-89.509722,36.373626],[-89.509558,36.375065],[-89.51038,36.378356],[-89.513956,36.384891],[-89.525293,36.400446],[-89.542337,36.420103],[-89.544221,36.423684],[-89.545255,36.427079],[-89.545503,36.4307],[-89.545061,36.434915],[-89.543406,36.43877],[-89.540868,36.441559],[-89.527274,36.451545],[-89.52519,36.453991],[-89.523427,36.456572],[-89.521021,36.461934],[-89.51972,36.467002],[-89.519501,36.475419],[-89.520642,36.478668],[-89.522674,36.481305],[-89.534524,36.491432],[-89.539232,36.497934],[-89.498036,36.497887],[-89.492537,36.497775],[-89.485427,36.497491],[-89.48671,36.494954],[-89.493495,36.4787],[-89.494248,36.475972],[-89.494074,36.473225],[-89.493198,36.470124],[-89.49067,36.465528],[-89.486215,36.46162],[-89.476532,36.457846],[-89.471718,36.457001],[-89.464153,36.457189],[-89.460436,36.45814],[-89.453081,36.461285],[-89.448468,36.46442],[-89.436763,36.474432],[-89.429311,36.481875],[-89.422942,36.489381],[-89.41977,36.493896],[-89.417293,36.499033],[-89.403913,36.499141],[-89.391044,36.499079],[-89.381792,36.500062],[-89.380085,36.500416],[-89.356593,36.502195],[-89.346053,36.50321],[-89.300284,36.507147],[-89.282298,36.506782],[-89.279091,36.506511],[-89.211409,36.50563],[-89.163429,36.504526],[-89.163224,36.504522],[-89.1602570254511,36.5044622081409],[-89.120002076277,36.5036509715733],[-89.119805,36.503647],[-89.117537,36.503603],[-89.090146,36.503392],[-89.072118,36.503249],[-89.058871,36.503157],[-89.034649,36.502964],[-89.010439,36.50271],[-89.006825,36.502684],[-89.000063,36.502633],[-88.964471,36.502191],[-88.9641660287314,36.5021911267564],[-88.89951,36.502218],[-88.884557,36.501704],[-88.874725,36.502446],[-88.834865800811,36.5029112012574],[-88.834626,36.502914],[-88.8273011555617,36.5028524305169],[-88.827012,36.50285],[-88.8167651860365,36.5028152435007],[-88.799594,36.502757],[-88.747523,36.502834],[-88.715255,36.502662],[-88.6614646923627,36.5022455678855],[-88.661133,36.502243],[-88.577283,36.50194],[-88.545192,36.501814],[-88.516427,36.50143],[-88.5163456859488,36.5014314866172],[-88.51227,36.501506],[-88.51192,36.501457],[-88.48921,36.501068],[-88.4890752146435,36.5010676761135],[-88.472564,36.501028],[-88.452543,36.500872],[-88.450161,36.501101],[-88.41636,36.500756],[-88.330799,36.500531],[-88.325895,36.500483],[-88.320794,36.500432],[-88.3093239605968,36.5003197997965],[-88.1760579266606,36.4990161882225],[-88.1377328246476,36.4986412911457],[-88.127378,36.49854],[-88.0532916180151,36.4971306477427],[-88.053205,36.497129],[-88.050466,36.500053],[-88.045304,36.504081],[-88.039481,36.510408],[-88.037822,36.51385],[-88.037329,36.51783],[-88.03783,36.521015],[-88.03727,36.523783],[-88.035854,36.525912],[-88.034132,36.53112],[-88.032489,36.540662],[-88.033802,36.551733],[-88.035625,36.561736],[-88.039625,36.572783],[-88.041196,36.584123],[-88.045127,36.602939],[-88.055738,36.630475],[-88.0556537762859,36.6337653816661],[-88.055604,36.63571],[-88.057042,36.64054],[-88.05858,36.643315],[-88.064401,36.650854],[-88.068208,36.659747],[-88.070532,36.678118],[-88.044772,36.677983],[-88.011792,36.677025],[-87.9123130699728,36.6685273222729],[-87.9119412773028,36.6684955630422],[-87.872062,36.665089],[-87.849567,36.663701],[-87.853204,36.633247],[-87.8018430728621,36.6346224853776],[-87.7967639070715,36.6347585093683],[-87.744768,36.636151],[-87.694191328389,36.6370710817038],[-87.64115,36.638036],[-87.564928,36.639113],[-87.563052,36.639113],[-87.4756760017987,36.6402412519069],[-87.4754637047213,36.6402439932156],[-87.4516284216772,36.6405517688531],[-87.436509,36.640747],[-87.4363256493118,36.6407517830615],[-87.4363215449599,36.6407518901315],[-87.425009,36.641047],[-87.414309,36.641047],[-87.4142959709118,36.6410470769839],[-87.4094478325022,36.6410757227884],[-87.4079059092589,36.6410848334259],[-87.3836601191704,36.6412280925708],[-87.3627626139486,36.6413515679749],[-87.3558691509244,36.6413922988241],[-87.347796,36.64144],[-87.344131,36.64151],[-87.335979533755,36.6415426709465],[-87.3149492444387,36.6416269600103],[-87.281506,36.641761],[-87.278398,36.641718],[-87.2483624527813,36.6418381695445],[-87.247655,36.641841],[-87.231037,36.641888],[-87.23053,36.641895],[-87.2035604632039,36.642016131156],[-87.1979612531896,36.6420412794849],[-87.114976,36.642414],[-87.0608458150142,36.6432171572868],[-87.011522,36.643949],[-86.906583,36.646255],[-86.906023,36.646302],[-86.854268,36.646884],[-86.8540255298461,36.6468877439147],[-86.833155,36.64721],[-86.818405,36.647639],[-86.816186,36.647722],[-86.813037,36.647647],[-86.7632948135703,36.6489071684793],[-86.75892,36.649018],[-86.713786,36.649341],[-86.606394,36.652107],[-86.605042,36.652125],[-86.589906,36.652486],[-86.5714468167198,36.6388624735904],[-86.564143,36.633472],[-86.5639157484191,36.6335518059594],[-86.551292,36.637985],[-86.550054,36.644817],[-86.543388,36.64389],[-86.543777,36.640536],[-86.507771,36.652445],[-86.473497,36.651671],[-86.473413,36.651676],[-86.47219,36.651763],[-86.468497,36.651841],[-86.4596729894085,36.651648677223],[-86.4113861435174,36.6505962464493],[-86.4110524007623,36.6505889723948],[-86.374991,36.649803],[-86.373784,36.650126],[-86.359073,36.649845],[-86.333051,36.648778],[-86.293357,36.645356],[-86.222151,36.640891],[-86.219081,36.640824],[-86.21641,36.640595],[-86.216183,36.640527],[-86.2054686100012,36.6397833130926],[-86.204859,36.639741],[-86.197573,36.639363],[-86.1650459242246,36.6378116000666],[-86.12811632196,36.6360502187826],[-86.081944,36.633848],[-86.080666,36.63394],[-86.038366,36.630804],[-86.033139,36.630413],[-86.03277,36.630367],[-85.9758456222591,36.6286105237137],[-85.959981,36.628121],[-85.9207280166585,36.6260795932796],[-85.873857,36.623642],[-85.832172,36.622046],[-85.80149,36.622418],[-85.788645,36.621846],[-85.7886129951215,36.6218452013294],[-85.7452192379359,36.6207623252233],[-85.731862,36.620429],[-85.677789,36.618157],[-85.6653476268401,36.6179220648693],[-85.5870608388491,36.6164437459949],[-85.552017,36.615782],[-85.551483,36.615727],[-85.488353,36.614994],[-85.4364330342016,36.6185230953912],[-85.430123,36.618952],[-85.334124,36.622951],[-85.324654,36.62455],[-85.300402,36.624437],[-85.296073,36.625824],[-85.2959488756198,36.6258382676941],[-85.290627,36.62645],[-85.276289,36.626511],[-85.2038271394698,36.6256038498991],[-85.195372,36.625498],[-85.1701387810015,36.624731423126],[-85.096128,36.622483],[-85.086415,36.621913],[-85.024627,36.619354],[-84.986448,36.616668],[-84.9748750576222,36.6155518237457],[-84.943948,36.612569],[-84.9125839367586,36.6103067351843],[-84.859738,36.606495],[-84.859759,36.606428],[-84.843091,36.605127],[-84.803744,36.604265],[-84.7853995566039,36.6033748414415],[-84.785341,36.603372],[-84.7784559169908,36.6032090178664],[-84.624939,36.599575],[-84.6051908837286,36.5987788081752],[-84.5624024129033,36.5970536901842],[-84.543138,36.596277],[-84.5209215590057,36.5964832220564],[-84.499938,36.596678],[-84.442837,36.596079],[-84.271176,36.591882],[-84.261333,36.591981],[-84.227332,36.592181],[-84.2271936534631,36.5921799356786],[-84.2013158553927,36.5919808537593],[-84.1976141739386,36.591952376149],[-84.127503,36.591413],[-84.1046432341299,36.5911162474669],[-83.987842,36.5896],[-83.9876109506828,36.5895922860725],[-83.9307607839439,36.5876942581124],[-83.894421,36.586481],[-83.8404634007862,36.5851500281398],[-83.789017,36.583881],[-83.6907980433735,36.5825821114247],[-83.690714,36.582581],[-83.688814,36.584382],[-83.687514,36.587182],[-83.683014,36.592182],[-83.679514,36.594082],[-83.677114,36.596582],[-83.6761382396998,36.5978830137336],[-83.675614,36.598582],[-83.675413,36.600814],[-83.670141,36.600797],[-83.670128,36.600764],[-83.645586,36.600002],[-83.622624,36.598061],[-83.622050248072,36.5980550980634],[-83.55681,36.597384],[-83.472108,36.597284],[-83.374904,36.597386],[-83.3082877900125,36.5979271503002],[-83.2876129183054,36.5980951006089],[-83.2763,36.598187],[-83.261099,36.593887],[-83.250304,36.593935],[-83.249899,36.593898],[-83.248933,36.593827],[-83.1017155812756,36.593871049895],[-83.028357,36.593893],[-83.02725,36.593847],[-82.9851235492625,36.5937302148783],[-82.888013,36.593461],[-82.830433,36.593761],[-82.69578,36.593698],[-82.6881447837838,36.593698],[-82.679879,36.593698],[-82.6540774589595,36.5938443363359],[-82.609176,36.594099],[-82.5721345801877,36.5946388119681],[-82.561074,36.5948],[-82.559774,36.5948],[-82.554294,36.594876],[-82.5455829729465,36.5949988917858],[-82.5172711030511,36.5953983046485],[-82.4938325003088,36.5957289673513],[-82.487238,36.595822],[-82.478668,36.595588],[-82.466613,36.594481],[-82.3869092861722,36.5950556892547],[-82.296995,36.595704],[-82.2941391924011,36.595705583357],[-82.24409004842,36.5957333323066],[-82.2426815243427,36.5957341132403],[-82.2350650373334,36.5957383360801],[-82.226653,36.595743],[-82.225716,36.595744],[-82.223445,36.595721],[-82.221713,36.595814],[-82.211005,36.59586],[-82.210497,36.595772],[-82.2089950157338,36.5957315257353],[-82.1897574570275,36.595213127466],[-82.188491,36.595179],[-82.1808198838466,36.5949305868721],[-82.18074,36.594928],[-82.1800850352466,36.5948979987516],[-82.1800833242883,36.5948979203796],[-82.177247,36.594768],[-82.173982,36.594607],[-82.1512694710039,36.5946714604134],[-82.150727,36.594673],[-82.148569,36.594718],[-82.1455730331036,36.594710944091],[-82.1022994618737,36.594609028953],[-82.0537298775231,36.5944946409847],[-81.934144,36.594213],[-81.922644,36.616213],[-81.8693876360908,36.6151034692802],[-81.826742,36.614215],[-81.7705260627446,36.6130656663459],[-81.7546361214299,36.6127407968302],[-81.73694,36.612379],[-81.6469,36.611918],[-81.677535,36.588117],[-81.680137,36.585518],[-81.679036,36.578918],[-81.677236,36.574406],[-81.677036,36.570718],[-81.679936,36.568618],[-81.686436,36.567918],[-81.690236,36.568718],[-81.692506,36.565748],[-81.692167,36.562695],[-81.690132,36.559643],[-81.689115,36.555912],[-81.69003,36.552154],[-81.693844,36.549083],[-81.697539,36.544359],[-81.699962,36.539714],[-81.699962,36.536829],[-81.707963,36.536209],[-81.708262,36.532113],[-81.707573,36.526101],[-81.702543,36.520317],[-81.700553,36.51519],[-81.700093,36.514158],[-81.699601,36.512883],[-81.699446,36.511504],[-81.697744,36.508448],[-81.697829,36.507544],[-81.69729,36.504887],[-81.69797,36.504063],[-81.699923,36.500865],[-81.700238,36.500475],[-81.699928,36.498018],[-81.698265,36.497221],[-81.697261,36.496141],[-81.696835,36.493393],[-81.695907,36.49158],[-81.697287,36.484738],[-81.696281,36.475499],[-81.694829,36.474463],[-81.694533,36.473283],[-81.695311,36.467912],[-81.697975,36.464741],[-81.699223,36.463959],[-81.701076,36.464212],[-81.708247,36.462217],[-81.71489,36.45722],[-81.715082,36.453365],[-81.714277,36.450978],[-81.714212,36.447045],[-81.715229,36.444332],[-81.715569,36.44128],[-81.715229,36.438567],[-81.715229,36.436532],[-81.716925,36.43314],[-81.717939,36.428762],[-81.720734,36.422537],[-81.729924,36.415422],[-81.734312,36.413342],[-81.738292,36.410756],[-81.739648,36.406686],[-81.739648,36.401599],[-81.737952,36.39719],[-81.733877,36.39457],[-81.731509,36.392103],[-81.730491,36.390407],[-81.729813,36.388033],[-81.730737,36.382943],[-81.732187,36.379894],[-81.732865,36.376502],[-81.731178,36.374062],[-81.726082,36.368893],[-81.724047,36.364293],[-81.724047,36.360901],[-81.723708,36.358527],[-81.722691,36.354797],[-81.721334,36.353101],[-81.718282,36.350388],[-81.713873,36.34937],[-81.707785,36.346007],[-81.705299,36.341852],[-81.705966,36.338496],[-81.707438,36.335171],[-81.713194,36.334108],[-81.717186,36.336169],[-81.721015,36.338645],[-81.725938,36.340364],[-81.730976,36.341187],[-81.7349,36.340891],[-81.739498,36.339757],[-81.7403376084011,36.3394222055156],[-81.744461,36.337778],[-81.747842,36.337356],[-81.75442,36.337044],[-81.757962,36.3375],[-81.760675,36.338178],[-81.762371,36.338856],[-81.766102,36.338517],[-81.768977,36.341042],[-81.777972,36.346318],[-81.781318,36.347656],[-81.784077,36.347674],[-81.787468,36.348692],[-81.790181,36.351744],[-81.791877,36.354797],[-81.795269,36.357849],[-81.7963949112567,36.3578944995709],[-81.800812,36.358073],[-81.808255,36.354121],[-81.812904,36.351066],[-81.822493,36.348819],[-81.833202,36.347339],[-81.841268,36.343321],[-81.845638,36.34036],[-81.850889,36.3375],[-81.857333,36.334787],[-81.863148,36.330209],[-81.874336,36.31919],[-81.876182,36.316075],[-81.879382,36.313767],[-81.887243,36.309193],[-81.894569,36.307183],[-81.897701,36.307446],[-81.908137,36.302013],[-81.9181112586581,36.2871132062802],[-81.932994,36.264881],[-81.933019683861,36.2648426504234],[-81.938897,36.256067],[-81.960101,36.228131],[-81.9757231867985,36.2051436889906],[-81.9897007174947,36.1845764118609],[-82.02664,36.130222],[-82.02634,36.129222],[-82.02874,36.124322],[-82.033141,36.120422],[-82.037941,36.121122],[-82.043941,36.125421],[-82.054142,36.126821],[-82.056042,36.123921],[-82.056042,36.120721],[-82.061342,36.113121],[-82.067142,36.11202],[-82.079743,36.10652],[-82.080143,36.10572],[-82.080944957901,36.1057614805811],[-82.085943,36.10602],[-82.098544,36.105719],[-82.101644,36.106219],[-82.105444,36.108119],[-82.109145,36.107218],[-82.1104459359574,36.1066635027067],[-82.115245,36.104618],[-82.127146,36.104417],[-82.130646,36.106417],[-82.137974,36.119576],[-82.136546,36.123717],[-82.136547,36.128817],[-82.140847,36.136216],[-82.144147,36.144216],[-82.147948,36.149516],[-82.1484717152983,36.1494242843584],[-82.155948,36.148115],[-82.160883,36.146548],[-82.169249,36.146614],[-82.172149,36.146414],[-82.173849,36.145314],[-82.17561,36.14387],[-82.178861,36.143296],[-82.182549,36.143714],[-82.18365,36.144414],[-82.18475,36.145414],[-82.18785,36.147886],[-82.19195,36.148813],[-82.19535,36.150013],[-82.199251,36.152713],[-82.201812,36.154963],[-82.204872,36.157067],[-82.211251,36.159012],[-82.213852,36.159112],[-82.218451,36.157832],[-82.222052,36.156911],[-82.223232,36.154772],[-82.224852,36.150011],[-82.228288,36.146622],[-82.234807,36.14172],[-82.235479,36.140748],[-82.236415,36.139926],[-82.237737,36.139189],[-82.241553,36.137111],[-82.243353,36.134311],[-82.244461,36.132777],[-82.247521,36.130865],[-82.251853,36.13221],[-82.253253,36.13371],[-82.256319,36.133925],[-82.260353,36.13371],[-82.263354,36.13011],[-82.26569,36.127614],[-82.26875,36.12704],[-82.270954,36.12761],[-82.274054,36.12941],[-82.278654,36.12851],[-82.280354,36.12881],[-82.288455,36.13541],[-82.289455,36.13571],[-82.297655,36.13351],[-82.302855,36.13131],[-82.307255,36.12851],[-82.308655,36.12651],[-82.318156,36.12091],[-82.321448,36.119551],[-82.325169,36.119363],[-82.329177,36.117427],[-82.332289,36.116935],[-82.336756,36.114909],[-82.346857,36.115209],[-82.348422,36.115929],[-82.349957,36.117109],[-82.355157,36.115609],[-82.360357,36.111609],[-82.360919,36.110614],[-82.3609852894429,36.1105792059662],[-82.366566,36.10765],[-82.371383,36.106388],[-82.375558,36.105609],[-82.378758,36.102809],[-82.380458,36.099309],[-82.389958,36.096909],[-82.404458,36.087609],[-82.409458,36.083409],[-82.4166602889166,36.0727743702716],[-82.460658,36.007809],[-82.464558,36.006508],[-82.47419,36.000108],[-82.482292,35.997823],[-82.483498,35.996284],[-82.483666,35.993866],[-82.484678,35.992849],[-82.487411,35.991634],[-82.487451,35.991557],[-82.500206,35.982561],[-82.505384,35.97768],[-82.5054541504531,35.9776714603071],[-82.507068,35.977475],[-82.512598,35.975664],[-82.516444,35.975958],[-82.52066,35.974633],[-82.522702,35.973436],[-82.531292,35.972188],[-82.534763,35.969887],[-82.539273,35.969115],[-82.542463,35.967994],[-82.549682,35.964275],[-82.553192,35.960627],[-82.557874,35.953901],[-82.567503,35.955552],[-82.57517,35.958384],[-82.576678,35.959255],[-82.577719,35.964196],[-82.581003,35.965557],[-82.591977,35.966385],[-82.59486,35.965347],[-82.60037,35.964626],[-82.607761,35.966023],[-82.610889,35.967409],[-82.611602,35.971418],[-82.610885,35.974442],[-82.60674,35.984446],[-82.604239,35.987319],[-82.606944,35.99217],[-82.612604,35.993488],[-82.613028,35.994],[-82.615062,36.000306],[-82.614362,36.003506],[-82.613862,36.004706],[-82.611862,36.006206],[-82.604327,36.018187],[-82.600089,36.021774],[-82.595525,36.026012],[-82.594873,36.029598],[-82.596177,36.03188],[-82.598785,36.034162],[-82.600741,36.037422],[-82.602877,36.039833],[-82.606163,36.041006],[-82.609663,36.044906],[-82.613563,36.046406],[-82.618164,36.047005],[-82.618064,36.051205],[-82.617264,36.054205],[-82.618664,36.056105],[-82.628365,36.062105],[-82.632265,36.065705],[-82.637165,36.065805],[-82.643565,36.062805],[-82.650165,36.057805],[-82.654815,36.056225],[-82.657249,36.056636],[-82.662665,36.055005],[-82.668365,36.052905],[-82.672965,36.050405],[-82.683565,36.046104],[-82.684765,36.045004],[-82.685565,36.042004],[-82.688865,36.038604],[-82.701065,36.034404],[-82.703165,36.032404],[-82.707465,36.030104],[-82.715165,36.028604],[-82.715565,36.026904],[-82.715365,36.024253],[-82.715965,36.022804],[-82.725065,36.018204],[-82.727865,36.018504],[-82.731865,36.017604],[-82.750065,36.006004],[-82.754465,36.004304],[-82.759165,36.004203],[-82.765365,36.003003],[-82.776001,36.000103],[-82.777283,35.998811],[-82.778589,35.997001],[-82.779397,35.992511],[-82.785267,35.987927],[-82.7852918582795,35.98706148767],[-82.785558,35.977795],[-82.781809,35.974562],[-82.780319,35.974365],[-82.778625,35.974792],[-82.776434,35.973886],[-82.774905,35.971978],[-82.777751,35.966912],[-82.783085,35.964982],[-82.784536,35.963905],[-82.785356,35.96253],[-82.785191,35.959231],[-82.787465,35.952163],[-82.7876265911168,35.9520631988537],[-82.800431,35.944155],[-82.805851,35.937938],[-82.806174,35.936908],[-82.805771,35.935316],[-82.802769,35.930129],[-82.802892,35.929013],[-82.804997,35.927168],[-82.809038,35.927241],[-82.811067,35.926801],[-82.81613,35.923986],[-82.821861,35.921839],[-82.82257,35.922531],[-82.826045,35.929721],[-82.828933,35.932932],[-82.830112,35.932972],[-82.833268,35.934993],[-82.839994,35.940166],[-82.841259,35.941721],[-82.849849,35.947772],[-82.852554,35.949089],[-82.860724,35.94743],[-82.869315,35.950565],[-82.870666,35.95199],[-82.874159,35.952698],[-82.883933,35.949192],[-82.892659,35.945182],[-82.896947,35.944624],[-82.8984628586304,35.9450880979247],[-82.898505,35.945101],[-82.901713,35.937713],[-82.901577,35.931446],[-82.902374,35.929852],[-82.903436,35.928524],[-82.906358,35.927196],[-82.910608,35.92693],[-82.911405,35.925868],[-82.911936,35.921618],[-82.911671,35.914711],[-82.906917,35.907397],[-82.904543,35.897011],[-82.901843,35.89293],[-82.901843,35.890274],[-82.903702,35.887617],[-82.903968,35.885492],[-82.901046,35.882305],[-82.899718,35.879914],[-82.899186,35.877524],[-82.899718,35.874602],[-82.901301,35.872593],[-82.916452,35.866102],[-82.918312,35.863977],[-82.919374,35.860523],[-82.920974,35.851073],[-82.919108,35.844851],[-82.920171,35.841664],[-82.923358,35.839273],[-82.927569,35.838586],[-82.931859,35.836351],[-82.933221,35.832915],[-82.937437,35.82732],[-82.94383,35.825638],[-82.945515,35.824662],[-82.952026,35.816183],[-82.955751,35.809802],[-82.956127,35.807874],[-82.95895,35.803323],[-82.961724,35.800491],[-82.962842,35.795126],[-82.962206,35.792755],[-82.9628979027128,35.7917347927587],[-82.964088,35.78998],[-82.969648,35.789663],[-82.974463,35.78679],[-82.978414,35.78261],[-82.98397,35.77801],[-82.992053,35.773948],[-82.995803,35.773128],[-83.001473,35.773752],[-83.006067,35.778404],[-83.012377,35.779818],[-83.0249098431397,35.7838078741566],[-83.036209,35.787405],[-83.03951,35.786777],[-83.042666,35.785407],[-83.044108,35.785347],[-83.046307,35.785853],[-83.04853,35.787706],[-83.052677,35.789548],[-83.05834,35.788241],[-83.061507,35.786774],[-83.063975,35.786643],[-83.072221,35.78831],[-83.07403,35.790016],[-83.078732,35.789472],[-83.085205,35.785794],[-83.086054,35.783627],[-83.097193,35.776067],[-83.0980540104817,35.7756972652879],[-83.100225,35.774765],[-83.100329,35.774804],[-83.100233,35.774745],[-83.10232,35.775071],[-83.104584,35.77423],[-83.104805,35.77348],[-83.110491,35.770913],[-83.1111464364102,35.7707678986566],[-83.1112053033996,35.7707548666079],[-83.113662,35.770211],[-83.120183,35.766234],[-83.127707,35.768093],[-83.14697,35.765124],[-83.14808,35.764295],[-83.15408,35.76428],[-83.159208,35.764892],[-83.161537,35.763363],[-83.164909,35.759965],[-83.165427,35.7587],[-83.16477,35.754618],[-83.170173,35.746107],[-83.171867,35.745978],[-83.177499,35.743913],[-83.180836,35.738882],[-83.182097,35.735492],[-83.185685,35.72989],[-83.18837,35.729798],[-83.198267,35.725494],[-83.200126,35.725331],[-83.203752,35.726553],[-83.214501,35.724434],[-83.216972,35.725752],[-83.219981,35.726601],[-83.222627,35.726138],[-83.232042,35.726098],[-83.240669,35.72676],[-83.242132,35.723638],[-83.243501,35.722533],[-83.251247,35.719916],[-83.255351,35.71623],[-83.255476179897,35.7150906815168],[-83.255489,35.714974],[-83.254481,35.712362],[-83.25423,35.709478],[-83.255108,35.707096],[-83.256111,35.703961],[-83.255126,35.701493],[-83.25561,35.696061],[-83.258117,35.691924],[-83.261252,35.689165],[-83.26539,35.687535],[-83.269277,35.685403],[-83.271378,35.681476],[-83.27548,35.679463],[-83.281178,35.677802],[-83.289165,35.674509],[-83.290682,35.672638],[-83.291075,35.667131],[-83.293676,35.661919],[-83.297154,35.65775],[-83.302279,35.656064],[-83.31049,35.654452],[-83.312757,35.654809],[-83.317905,35.659015],[-83.321101,35.662815],[-83.334965,35.665471],[-83.337683,35.663074],[-83.347262,35.660474],[-83.349255,35.660854],[-83.35156,35.659858],[-83.353776,35.657478],[-83.355537,35.654632],[-83.355367,35.652338],[-83.356202,35.650019],[-83.358209,35.647277],[-83.366941,35.638728],[-83.368162,35.638202],[-83.370369,35.638204],[-83.372174,35.63931],[-83.373712,35.638935],[-83.376785,35.636638],[-83.377984,35.634496],[-83.380251,35.634705],[-83.388722,35.633584],[-83.388602,35.632352],[-83.392652,35.625095],[-83.396626,35.62272],[-83.403569,35.621313],[-83.406061,35.620185],[-83.411852,35.61692],[-83.42037,35.613467],[-83.420964,35.611596],[-83.421576,35.611186],[-83.432298,35.609941],[-83.441197,35.611739],[-83.445802,35.611803],[-83.447137,35.608664],[-83.452431,35.602918],[-83.455722,35.598045],[-83.462678,35.5926],[-83.471362,35.590304],[-83.472668,35.589125],[-83.472684,35.586552],[-83.475367,35.584775],[-83.479082,35.583316],[-83.479317,35.582764],[-83.478523,35.579202],[-83.480617,35.576633],[-83.485527,35.568204],[-83.491647,35.566867],[-83.498335,35.562981],[-83.517564,35.562871],[-83.520469,35.565602],[-83.534169,35.564668],[-83.540826,35.565702],[-83.552167,35.564346],[-83.559264,35.564796],[-83.56609,35.565993],[-83.572424,35.565518],[-83.576345,35.564019],[-83.582,35.562684],[-83.58559,35.562941],[-83.58714,35.564017],[-83.587827,35.566963],[-83.59427,35.572912],[-83.601854,35.578228],[-83.604806,35.57934],[-83.608889,35.579451],[-83.615312,35.574026],[-83.629734,35.567889],[-83.632358,35.569093],[-83.635832,35.568169],[-83.637182,35.567096],[-83.640498,35.566075],[-83.645481,35.565825],[-83.653159,35.568309],[-83.657933,35.569211],[-83.660925,35.568207],[-83.662957,35.569138],[-83.6630236045826,35.5691430430619],[-83.666272,35.569389],[-83.673093,35.568974],[-83.676268,35.570289],[-83.684154,35.568848],[-83.697827,35.568352],[-83.700663,35.567621],[-83.702099,35.567634],[-83.703846,35.568476],[-83.707199,35.568533],[-83.720787,35.563347],[-83.723459,35.561874],[-83.732947,35.563149],[-83.735669,35.565455],[-83.749894,35.561146],[-83.756917,35.563604],[-83.759675,35.562492],[-83.764606,35.561538],[-83.771736,35.562118],[-83.773092,35.557465],[-83.780129,35.550387],[-83.786802,35.5472],[-83.802434,35.541588],[-83.808713,35.536415],[-83.809798,35.53431],[-83.82559,35.523829],[-83.827428,35.524653],[-83.831895,35.524766],[-83.840203,35.52156],[-83.848502,35.519259],[-83.853898,35.521059],[-83.859261,35.521851],[-83.866413,35.52091],[-83.87263,35.521145],[-83.880074,35.518745],[-83.882563,35.517182],[-83.884262,35.512754],[-83.892074,35.503089],[-83.893031,35.502253],[-83.895669,35.501868],[-83.901381,35.496553],[-83.901403,35.495278],[-83.9002,35.494191],[-83.900338,35.493095],[-83.901527,35.491026],[-83.905612,35.48906],[-83.90804,35.484397],[-83.909265,35.479714],[-83.911773,35.476028],[-83.916801,35.473612],[-83.919564,35.473367],[-83.9208783824189,35.4734944687133],[-83.924895,35.473884],[-83.929743,35.47333],[-83.937015,35.471511],[-83.942172,35.467254],[-83.942987,35.465084],[-83.949389,35.461164],[-83.952882,35.460635],[-83.955416,35.463456],[-83.957821,35.464211],[-83.961053,35.464143],[-83.9610558840119,35.4637536584001],[-83.961056,35.463738],[-83.961054,35.462838],[-83.9614,35.459496],[-83.965229,35.455399],[-83.966656,35.454941],[-83.969845,35.455443],[-83.971439,35.455145],[-83.973171,35.452582],[-83.973057,35.448921],[-83.978286,35.44782],[-83.983233,35.44235],[-83.992568,35.438065],[-83.996619,35.433761],[-83.998154,35.430786],[-83.999242,35.42614],[-83.999906,35.425201],[-84.00225,35.422548],[-84.005306,35.420883],[-84.011706,35.415383],[-84.014707,35.411983],[-84.017607,35.411183],[-84.020633,35.409843],[-84.021782,35.407418],[-84.021507,35.404183],[-84.018807,35.399783],[-84.018107,35.399083],[-84.015207,35.398483],[-84.014107,35.397783],[-84.008207,35.390383],[-84.008207,35.389683],[-84.010607,35.386183],[-84.011207,35.384383],[-84.009807,35.382683],[-84.0095061641702,35.3819208825644],[-84.008307,35.378883],[-84.007586,35.371661],[-84.0076580287821,35.371596064165],[-84.015121,35.364868],[-84.019193,35.359569],[-84.020188,35.357503],[-84.023456,35.354217],[-84.024756,35.353896],[-84.035343,35.350833],[-84.037494,35.34985],[-84.038081,35.348363],[-84.038057971844,35.3483160634754],[-84.03243,35.336845],[-84.031272,35.336438],[-84.029377,35.333197],[-84.030409,35.330483],[-84.032209,35.328583],[-84.03245,35.32653],[-84.032479,35.325318],[-84.03551,35.317783],[-84.03571,35.312883],[-84.03501,35.311983],[-84.02871,35.310383],[-84.02651,35.309283],[-84.02141,35.301383],[-84.02351,35.295783],[-84.02791,35.292783],[-84.0290849697824,35.2921883356242],[-84.036011,35.288683],[-84.042711,35.278383],[-84.052612,35.269982],[-84.055712,35.268182],[-84.063712,35.266682],[-84.070612,35.263782],[-84.074713,35.263182],[-84.081117,35.261146],[-84.082813,35.258882],[-84.082913,35.257082],[-84.092213,35.249981],[-84.097508,35.247382],[-84.10227,35.248115],[-84.103135,35.248781],[-84.108449,35.25033],[-84.113314,35.248981],[-84.114414,35.249081],[-84.115048,35.249765],[-84.115279,35.250438],[-84.12115,35.250644],[-84.124915,35.24983],[-84.125615,35.249381],[-84.126815,35.246481],[-84.127315,35.244414],[-84.12889,35.243679],[-84.13057,35.243364],[-84.133299,35.243679],[-84.136415,35.24478],[-84.139715,35.24618],[-84.143124,35.246879],[-84.155316,35.24648],[-84.158916,35.24588],[-84.160416,35.24388],[-84.161316,35.24348],[-84.168616,35.24578],[-84.170416,35.245779],[-84.177016,35.242379],[-84.178516,35.240679],[-84.188417,35.239979],[-84.192217,35.243079],[-84.199117,35.243679],[-84.200117,35.244679],[-84.201717,35.247779],[-84.202879,35.255772],[-84.205317,35.258279],[-84.205517,35.259679],[-84.211818,35.266078],[-84.216318,35.267978],[-84.223718,35.269078],[-84.227818,35.267878],[-84.231818,35.264778],[-84.240219,35.255178],[-84.243019,35.253178],[-84.252819,35.249477],[-84.257719,35.246177],[-84.260319,35.241877],[-84.27542,35.234777],[-84.28252,35.227877],[-84.28322,35.226577],[-84.287982,35.224468],[-84.289621,35.224677],[-84.29024,35.225572],[-84.292319677455,35.2066890084035],[-84.292321,35.206677],[-84.295238,35.182442],[-84.2978436668293,35.1683461708446],[-84.298006,35.167468],[-84.304809,35.121702],[-84.3048456370629,35.121413902214],[-84.308437,35.093173],[-84.3085689929147,35.0927817692025],[-84.308576,35.092761],[-84.310022,35.078883],[-84.3174751604271,35.0219635529126],[-84.321869,34.988408],[-84.3828895619546,34.9881201112443],[-84.393935,34.988068],[-84.394903,34.98803],[-84.509052,34.988033],[-84.509886,34.98801],[-84.5682403464334,34.9881768058865],[-84.621483,34.988329],[-84.624933,34.987978],[-84.727434,34.98802],[-84.731022,34.988088],[-84.7758524571709,34.9877996152421],[-84.808127,34.987592],[-84.809184,34.987569],[-84.8104769358134,34.9876071739714],[-84.810742,34.987615],[-84.817279,34.987753],[-84.820478,34.987913],[-84.82401,34.987707],[-84.831799,34.988004],[-84.858032,34.987746],[-84.861314,34.987791],[-84.8865270634525,34.987831409695],[-84.9307801715066,34.9879023354118],[-84.939306,34.987916],[-84.943897982795,34.9878693079575],[-84.94442,34.987864],[-84.955623,34.98783],[-84.9769733744412,34.9876687952914],[-84.97986,34.987647],[-85.045052,34.986859],[-85.045183,34.986883],[-85.0648372260983,34.9867656873407],[-85.0836083174295,34.9866536459593],[-85.0960883213421,34.9865791549852],[-85.1266971177727,34.9863964563998],[-85.1438855336063,34.9862938617334],[-85.1752494260489,34.986106656111],[-85.180553,34.986075],[-85.185905,34.985995],[-85.1956951984211,34.9858927825216],[-85.2013615575317,34.985833621214],[-85.216540001526,34.9856751461552],[-85.216554,34.985675],[-85.217854,34.985675],[-85.220554,34.985575],[-85.221854,34.985475],[-85.230354,34.985475],[-85.2304104194756,34.985475],[-85.235555,34.985475],[-85.2421827037588,34.9853725097357],[-85.254955,34.985175],[-85.265055,34.985075],[-85.2730202430754,34.9850012545776],[-85.275856,34.984975],[-85.277556,34.984975],[-85.286906607921,34.9847961994236],[-85.2945,34.984651],[-85.2946458897122,34.9846473256169],[-85.301488,34.984475],[-85.305457,34.984475],[-85.3054619936306,34.984474821656],[-85.308257,34.984375],[-85.3274249646424,34.984030636437],[-85.3424738733792,34.983760274094],[-85.3453656990581,34.9837083207743],[-85.363919,34.983375],[-85.3647577149925,34.9833595390813],[-85.3652390998717,34.9833506652057],[-85.384967,34.982987],[-85.466713,34.982972],[-85.4741053158651,34.9830630878201],[-85.5142012711736,34.9835571485758],[-85.605165,34.984678],[-85.611494932012,34.9847780104197],[-85.7008436226794,34.9861896843589],[-85.748942822758,34.9869496326776],[-85.824411,34.988142],[-85.828724,34.988165],[-85.8609202846465,34.9883606930947],[-85.8639354755464,34.9883790198068],[-86.0670596523409,34.9896136342727],[-86.0671363915752,34.9896141007035],[-86.1529311285418,34.990135571978],[-86.311274,34.991098],[-86.3187611440952,34.9911469680432],[-86.397203,34.99166],[-86.433927,34.991085],[-86.467798,34.990692],[-86.4732990364922,34.9906906403093],[-86.5227079907133,34.9906784279028],[-86.528485,34.990677],[-86.5557676701894,34.9909699655954],[-86.555864,34.990971],[-86.571217,34.991011],[-86.5713080004837,34.9910119538512],[-86.588962,34.991197],[-86.600039,34.99124],[-86.641212,34.99174],[-86.6413928487564,34.9917405111499],[-86.65961,34.991792],[-86.670853,34.992],[-86.67436,34.992001],[-86.676726,34.99207],[-86.677616,34.99207],[-86.6776727086777,34.9920699224502],[-86.7836280170906,34.9919250273269],[-86.783648,34.991925],[-86.820657,34.991764],[-86.836306,34.991764],[-86.83637,34.991764],[-86.846466,34.99186],[-86.849794,34.991924],[-86.862147,34.991956],[-86.8792364883071,34.9923538804971],[-86.9374605990549,34.9937094645679],[-86.96712,34.9944],[-86.970236,34.994546],[-86.972613,34.99461],[-86.974412,34.994513],[-87.000007,34.995121],[-87.011174,34.995162],[-87.0300940691376,34.9955281062054],[-87.0899784494007,34.9966868780398],[-87.210759,34.999024],[-87.216683,34.999148],[-87.224053220297,34.9993266591169],[-87.230544,34.999484],[-87.270014,35.00039],[-87.299185,35.000915],[-87.349251,35.001662],[-87.3493239330524,35.00166317071],[-87.3592674303837,35.0018227821826],[-87.359281,35.001823],[-87.381071,35.002118],[-87.391314,35.002374],[-87.4174,35.002669],[-87.421543,35.002679],[-87.4245661499548,35.0027286018946],[-87.428613,35.002795],[-87.4370737168059,35.0028353625626],[-87.4929179481542,35.0031017721749],[-87.5774876474615,35.0035052190532],[-87.606178379167,35.0036420906069],[-87.6192815618009,35.003704600444],[-87.625025,35.003732],[-87.664123,35.003523],[-87.671405,35.003537],[-87.6887093751075,35.0037513567643],[-87.696834,35.003852],[-87.700543,35.003988],[-87.702321,35.003945],[-87.709491,35.004089],[-87.75889,35.004711],[-87.767602,35.004783],[-87.773586,35.004946],[-87.8211342757523,35.0053771529474],[-87.851886,35.005656],[-87.853411,35.005576],[-87.853528,35.005541],[-87.872626,35.005571],[-87.877742,35.005512],[-87.877969,35.005468],[-87.9269766619543,35.0056571040592],[-87.9849162019114,35.0058806732269],[-88.000032,35.005939],[-88.202959,35.008028],[-88.201987,35.005421],[-88.20082,34.997774],[-88.200064,34.995634],[-88.253825,34.995553],[-88.258111,34.995463],[-88.3635308623519,34.9955896102908],[-88.380508,34.99561],[-88.469801,34.996052],[-88.469877,34.996033],[-88.478834,34.9960109139754],[-88.5142131311916,34.9959236766904],[-88.5284971515357,34.9958884553859],[-88.6058652359321,34.9956976824245],[-88.786612,34.995252],[-88.8230487339323,34.9951575501037],[-88.851037,34.995085],[-88.886979,34.995868],[-88.925241,34.994842],[-88.9936842139341,34.9949190247129],[-89.0171270872889,34.9949454068841],[-89.02654,34.994956],[-89.138997,34.99433],[-89.139136,34.994307],[-89.156827,34.993926],[-89.198288,34.994484],[-89.217433,34.994729],[-89.2331900554542,34.9946583717431],[-89.3526801644102,34.9941227781396],[-89.434954,34.993754],[-89.4844620142958,34.9939646399546],[-89.486897,34.993975],[-89.493739,34.994361],[-89.5111332271887,34.9947545526308],[-89.511153,34.994755],[-89.5287482993956,34.994826106003],[-89.6179405718771,34.9951865492017],[-89.6440499795058,34.9952920623604],[-89.644282,34.995293],[-89.7066059367629,34.9952297191806],[-89.7243244282036,34.9952117286505],[-89.741785,34.995194],[-89.7419450298609,34.9951912999718],[-89.759612330556,34.9948932167928],[-89.795187,34.994293],[-89.7953564909701,34.9942926820116],[-89.8131287302322,34.9942593388487],[-89.8306894904269,34.9942263924496],[-89.8483845951183,34.9941931940018],[-89.848488,34.994193],[-89.8783097856676,34.9942511438032],[-89.883365,34.994261],[-89.893402,34.994356],[-89.9014606033329,34.9943819258016],[-89.9367527187411,34.9944954661193],[-89.9367552242117,34.9944954741798],[-89.972195508899,34.9946094911814],[-89.9899073593362,34.9946664730059],[-90.0025384419794,34.9947071091967],[-90.008136877334,34.9947251202488],[-90.0250168365057,34.9947794257475],[-90.0313767177914,34.9947998864916],[-90.060784302204,34.9948944953422],[-90.0607853008089,34.9948944985549],[-90.0963407558625,34.9950088860778],[-90.1269475389888,34.9951073529404],[-90.1274689125031,34.9951090302815],[-90.1374523893088,34.9951411487055],[-90.309297,34.995694],[-90.309712,35.008478]]]}},{"type":"Feature","properties":{"STATEFP":"22","STUSPS":"LA","NAME":"Louisiana"},"geometry":{"type":"MultiPolygon","coordinates":[[[[-88.881454,30.053202],[-88.870476,30.049212],[-88.855583,30.034414],[-88.841225,30.012789],[-88.833725,29.998821],[-88.824158,29.970461],[-88.817017,29.93425],[-88.818146,29.889109],[-88.826538,29.847092],[-88.83271,29.824062],[-88.844078,29.795713],[-88.86295,29.757052],[-88.875091,29.759818],[-88.873734,29.775426],[-88.867973,29.79133],[-88.861267,29.805826],[-88.853579,29.821337],[-88.846861,29.836636],[-88.843277,29.86381],[-88.836784,29.886159],[-88.835104,29.922558],[-88.837379,29.944878],[-88.838715,29.962326],[-88.84938,29.994588],[-88.854419,30.012042],[-88.867856,30.025858],[-88.877933,30.041126],[-88.881454,30.053202]]],[[[-89.342163,30.059172],[-89.316431,30.069213],[-89.303026,30.09157],[-89.2488843191278,30.125196],[-89.233168,30.134957],[-89.200275223582,30.1556073428274],[-89.190475,30.16176],[-89.1860179113059,30.1540942272855],[-89.183256,30.149344],[-89.2037390455571,30.1259605110683],[-89.212966,30.115427],[-89.227085,30.095126],[-89.2208,30.071445],[-89.185799,30.063934],[-89.173401,30.04336],[-89.183959,30.032768],[-89.202974,30.03462],[-89.212336,30.019577],[-89.201584,30.001429],[-89.215675,29.993523],[-89.2295,30.000433],[-89.227217,30.021244],[-89.239289,30.040805],[-89.259779,30.049433],[-89.276179,30.031739],[-89.281262,30.032894],[-89.308504,30.039763],[-89.328706,30.038323],[-89.336991,30.039992],[-89.342163,30.059172]]],[[[-89.442093,30.144369],[-89.424501,30.153455],[-89.419687853324,30.1465446308999],[-89.417694,30.143682],[-89.429031,30.128559],[-89.439003,30.127527],[-89.453022,30.139068],[-89.442093,30.144369]]],[[[-89.626769,29.535205],[-89.610844,29.536549],[-89.588978,29.547612],[-89.575192,29.549886],[-89.564615,29.543786],[-89.578401,29.532309],[-89.590404,29.518867],[-89.599673,29.507594],[-89.617737,29.520521],[-89.626769,29.535205]]],[[[-90.376173,29.108668],[-90.35977,29.125222],[-90.351454,29.131092],[-90.343013,29.128487],[-90.303916,29.07538],[-90.317585,29.067335],[-90.334935,29.063803],[-90.361688,29.103076],[-90.376173,29.108668]]],[[[-90.558233,29.094074],[-90.523769,29.090958],[-90.477422,29.07538],[-90.438205,29.072264],[-90.41919,29.064993],[-90.442734,29.056053],[-90.488117,29.05876],[-90.536842,29.074341],[-90.5386991167861,29.0760541730887],[-90.558233,29.094074]]],[[[-90.750754,29.055644],[-90.726986,29.062915],[-90.698464,29.070186],[-90.661624,29.072264],[-90.652116,29.057721],[-90.683015,29.050449],[-90.748377,29.04006],[-90.765014,29.045255],[-90.750754,29.055644]]],[[[-92.017827,29.590962],[-92.0092636191027,29.5992584400231],[-92.005348,29.603052],[-91.98265,29.61421],[-91.960887,29.608937],[-91.939903,29.610291],[-91.927865,29.632496],[-91.900532,29.634458],[-91.886271,29.628467],[-91.866425,29.629707],[-91.848242,29.627124],[-91.830945,29.611618],[-91.806631,29.600197],[-91.802727,29.588688],[-91.784663,29.594062],[-91.776582,29.583831],[-91.765173,29.575046],[-91.746323,29.574337],[-91.733324,29.580834],[-91.731541,29.562539],[-91.711081,29.569328],[-91.71324,29.55551],[-91.735344,29.540106],[-91.765411,29.524802],[-91.774205,29.504946],[-91.768263,29.490362],[-91.786202,29.483108],[-91.803558,29.487879],[-91.814606,29.482061],[-91.821579,29.473925],[-91.846463,29.479308],[-91.857274,29.500085],[-91.870465,29.503808],[-91.883987,29.501702],[-91.900857,29.513948],[-91.915321,29.518513],[-91.949256,29.53628],[-91.963597,29.535937],[-91.971954,29.543414],[-92.015139,29.561328],[-92.030186,29.572669],[-92.017827,29.590962]]],[[[-94.043147,32.693031],[-94.043135204709,32.6974518750617],[-94.042947,32.767991],[-94.043027,32.776863],[-94.042938,32.780558],[-94.042829,32.785277],[-94.042747,32.786973],[-94.043026,32.797476],[-94.042785,32.871486],[-94.043025,32.880446],[-94.042886,32.880965],[-94.0428857174211,32.881088560255],[-94.042859,32.892771],[-94.042885,32.898911],[-94.043092,32.910021],[-94.043067,32.937903],[-94.043088,32.955592],[-94.0429860440402,33.0079077407455],[-94.042964,33.019219],[-94.041444,33.019188],[-94.035839,33.019145],[-94.027983,33.019139],[-94.024475,33.019207],[-93.8145980510626,33.0193719645896],[-93.814553,33.019372],[-93.8071375448562,33.019378905277],[-93.723273,33.019457],[-93.6748936476859,33.0192516499902],[-93.531499,33.018643],[-93.524916,33.018637],[-93.520992930177,33.0186161167386],[-93.520971,33.018616],[-93.4909993621484,33.0184426153007],[-93.490893,33.018442],[-93.4905578365116,33.0184422416463],[-93.489506,33.018443],[-93.4670973537417,33.0186105860297],[-93.467042,33.018611],[-93.4252419927657,33.0184357252444],[-93.3920589975548,33.0182965831303],[-93.377134,33.018234],[-93.340353,33.018337],[-93.308398,33.018179],[-93.308181,33.018156],[-93.2386472755819,33.0179920949377],[-93.238607,33.017992],[-93.2232426620064,33.0182604107143],[-93.215653,33.018393],[-93.197402,33.017951],[-93.1579189495257,33.017863873341],[-93.154351,33.017856],[-93.1197298546433,33.0177800936558],[-93.101443,33.01774],[-93.100981,33.017786],[-93.081428,33.017928],[-93.073167,33.017898],[-93.070686,33.017792],[-92.9887766133733,33.0172983171707],[-92.971137,33.017192],[-92.9709650314843,33.0171893068712],[-92.946553,33.016807],[-92.86751,33.016062],[-92.854167,33.016132],[-92.844286,33.01607],[-92.844073,33.016034],[-92.830798,33.015661],[-92.796533,33.014836],[-92.733197,33.014347],[-92.724994,33.014351],[-92.7247428295372,33.0143469910336],[-92.723553,33.014328],[-92.715884,33.014398],[-92.7158306447843,33.0143969433461],[-92.711289,33.014307],[-92.5249560059089,33.0123800334711],[-92.503776,33.012161],[-92.5024728192766,33.0121604554197],[-92.501383,33.01216],[-92.469762,33.01201],[-92.37029,33.010717],[-92.3683028506254,33.0106931809705],[-92.362865,33.010628],[-92.335893,33.010349],[-92.292664,33.010103],[-92.222825,33.00908],[-92.069105,33.008163],[-92.0689596390547,33.008162087981],[-92.0689289215002,33.0081618952539],[-92.0010940972461,33.0077362881463],[-91.951958,33.007428],[-91.950001,33.00752],[-91.875128,33.007728],[-91.8003160450046,33.0072805988365],[-91.755068,33.00701],[-91.735531,33.007569],[-91.62667,33.006639],[-91.617615,33.006717],[-91.609001,33.006556],[-91.579802,33.006518],[-91.579639,33.006472],[-91.572326,33.006908],[-91.559494,33.00684],[-91.500118,33.006784],[-91.489176,33.006182],[-91.4603776475285,33.0059093538278],[-91.453369,33.005843],[-91.435782,33.006099],[-91.425466,33.006016],[-91.376016,33.005794],[-91.333011,33.005529],[-91.329767,33.005421],[-91.326396,33.005376],[-91.325037,33.005364],[-91.322506,33.005341],[-91.3120365426862,33.0052621547066],[-91.312016,33.005262],[-91.284398,33.005007],[-91.265018,33.005084],[-91.166095,33.004291],[-91.166195,33.002238],[-91.168973,32.992132],[-91.173308,32.986088],[-91.182158,32.978639],[-91.186983,32.976194],[-91.197433,32.96482],[-91.199646,32.963561],[-91.201842,32.961212],[-91.20203,32.957332],[-91.20119,32.954982],[-91.199415,32.952314],[-91.20744,32.944393],[-91.210705,32.939845],[-91.21282,32.936076],[-91.214027,32.93032],[-91.213972,32.927198],[-91.212837,32.922104],[-91.211597,32.919624],[-91.208263,32.915354],[-91.199775,32.908512],[-91.196785,32.906784],[-91.181631,32.901446],[-91.175405,32.899998],[-91.170235,32.899391],[-91.159975,32.899879],[-91.15169,32.901935],[-91.145076,32.905494],[-91.134041,32.917676],[-91.132115,32.923122],[-91.131304,32.926919],[-91.131289,32.930049],[-91.135507,32.946164],[-91.137863,32.952756],[-91.137167,32.95652],[-91.136628,32.957349],[-91.133335,32.959056],[-91.131243,32.960928],[-91.130721,32.962257],[-91.130947,32.963815],[-91.13305,32.966541],[-91.137524,32.96955],[-91.138585,32.971352],[-91.135517,32.979657],[-91.134414,32.980533],[-91.125107,32.984669],[-91.111757,32.988361],[-91.106581,32.988938],[-91.09693,32.986412],[-91.094265,32.984371],[-91.090887,32.981174],[-91.086802,32.976266],[-91.080355,32.962794],[-91.078904,32.951818],[-91.080507,32.950123],[-91.081892,32.949435],[-91.083084,32.947909],[-91.081913,32.944768],[-91.080431,32.943206],[-91.072075,32.937832],[-91.070547,32.936036],[-91.064804,32.926464],[-91.063875,32.922692],[-91.064854,32.91652],[-91.063684,32.906364],[-91.063809,32.903709],[-91.064449,32.901064],[-91.068186,32.891929],[-91.070602,32.888659],[-91.086683,32.873392],[-91.105631,32.858396],[-91.116091,32.855641],[-91.124725,32.854861],[-91.127886,32.855059],[-91.13789,32.848975],[-91.143559,32.844739],[-91.145002,32.84287],[-91.149704,32.83122],[-91.152174,32.826673],[-91.157155,32.823823],[-91.158336,32.822304],[-91.161669,32.812465],[-91.1615150883724,32.8050023821331],[-91.161412,32.800004],[-91.164397,32.785821],[-91.158583,32.781096],[-91.156918,32.780343],[-91.157614,32.776033],[-91.164968,32.761984],[-91.165814,32.757842],[-91.165328,32.751301],[-91.163389,32.747009],[-91.15861,32.743449],[-91.154461,32.742339],[-91.150244,32.741786],[-91.131691,32.743107],[-91.123152,32.742798],[-91.113652,32.73997],[-91.090573,32.7361],[-91.077176,32.732534],[-91.060766,32.727494],[-91.056999,32.72558],[-91.054481,32.722259],[-91.054749,32.719229],[-91.057043,32.712576],[-91.063946,32.702926],[-91.076061,32.693751],[-91.081145,32.691127],[-91.098762,32.685291],[-91.104443,32.682434],[-91.118258,32.674075],[-91.127723,32.665343],[-91.130928,32.65887],[-91.137638,32.650621],[-91.138712,32.649774],[-91.142038,32.649265],[-91.144347,32.648029],[-91.149753,32.644041],[-91.152081,32.641508],[-91.152699,32.640757],[-91.153744,32.635228],[-91.153821,32.631282],[-91.153556,32.626181],[-91.151318,32.615919],[-91.146204,32.604144],[-91.144074,32.600613],[-91.141148,32.597209],[-91.13528,32.591651],[-91.127912,32.586493],[-91.125108,32.585187],[-91.119854,32.584795],[-91.118641,32.585139],[-91.112764,32.590186],[-91.105704,32.590879],[-91.087784,32.59707],[-91.079506,32.60068],[-91.061354,32.605372],[-91.049796,32.607188],[-91.0489,32.613556],[-91.043263,32.620779],[-91.041448,32.625135],[-91.040401,32.632521],[-91.038415,32.636443],[-91.030181,32.644052],[-91.025769,32.646573],[-91.019115,32.643845],[-91.014286,32.640482],[-91.00682,32.631261],[-91.0035,32.624845],[-91.002962,32.622555],[-91.002997,32.614678],[-91.004599,32.60978],[-91.010228,32.601927],[-91.013723,32.598419],[-91.016231,32.596953],[-91.022943,32.591848],[-91.030991,32.583347],[-91.03617,32.579556],[-91.0434509306582,32.5762695534421],[-91.049312,32.573624],[-91.069354,32.563052],[-91.0702133080007,32.5625449638554],[-91.076511,32.558829],[-91.070849,32.54852],[-91.057004,32.538286],[-91.031647,32.525018],[-91.007075,32.516371],[-90.994867,32.508611],[-90.988699,32.50023],[-90.987202,32.495663],[-90.990703,32.487749],[-90.996388,32.483925],[-91.004206,32.48214],[-91.024106,32.48524],[-91.038106,32.49044],[-91.045807,32.495539],[-91.050907,32.500139],[-91.067406,32.523218],[-91.097878,32.544751],[-91.101304,32.525599],[-91.106985,32.514934],[-91.116708,32.500139],[-91.117308,32.495039],[-91.116008,32.48314],[-91.112108,32.47614],[-91.108808,32.47204],[-91.095308,32.458741],[-91.081807,32.450441],[-91.070207,32.445141],[-91.052907,32.438442],[-91.029606,32.433542],[-91.026306,32.434442],[-91.016506,32.440342],[-91.004806,32.445741],[-90.998974,32.450165],[-90.993863,32.45085],[-90.983423,32.449077],[-90.978547,32.447032],[-90.96959,32.43949],[-90.96856,32.438084],[-90.966869,32.435499],[-90.966457,32.433868],[-90.965986,32.424806],[-90.966255,32.421027],[-90.967767,32.418279],[-90.971141,32.414636],[-90.974461,32.412001],[-90.980723,32.408243],[-90.99408,32.403862],[-90.99378,32.396778],[-90.994686,32.392277],[-90.996237,32.388061],[-91.000606,32.381644],[-91.004506,32.368144],[-91.004506,32.364744],[-91.003506,32.362145],[-91.000106,32.357695],[-90.993625,32.354047],[-90.986672,32.35176],[-90.954583,32.345859],[-90.942981,32.345956],[-90.934897,32.344967],[-90.92117,32.342073],[-90.912363,32.339454],[-90.907756,32.343611],[-90.897762,32.35436],[-90.89206,32.370579],[-90.888947,32.373246],[-90.878289,32.374548],[-90.875631,32.372434],[-90.8757158777355,32.369777272587],[-90.8761,32.357754],[-90.8779134481662,32.354689848051],[-90.8835446495825,32.3451749045766],[-90.8882535885815,32.3372182919307],[-90.893653,32.328095],[-90.902558,32.319587],[-90.905173,32.315497],[-90.9065484299256,32.3140049891148],[-90.916157,32.303582],[-90.922231,32.298639],[-90.9234496740595,32.2977792959185],[-90.933991,32.290343],[-90.947834,32.283486],[-90.951351,32.283199],[-90.953008,32.284043],[-90.955405,32.286241],[-90.961171,32.293288],[-90.963079,32.296285],[-90.964149,32.296872],[-90.971643,32.297497],[-90.974602,32.297122],[-90.976199,32.29645],[-90.979475,32.293702],[-90.980747,32.29141],[-90.984077,32.279954],[-90.982985,32.270294],[-90.981028,32.266733],[-90.979663,32.265252],[-90.971344,32.257742],[-90.969403,32.25252],[-90.970016,32.25168],[-90.976139,32.248092],[-90.98029,32.243601],[-90.983135,32.231371],[-90.983263,32.226201],[-90.983381,32.211767],[-90.990304,32.200346],[-90.991391,32.199443],[-90.993946,32.198293],[-90.997012,32.197399],[-91.000078,32.197527],[-91.00225,32.198293],[-91.003536,32.200766],[-91.005006,32.21285],[-91.002906,32.22305],[-91.006106,32.22405],[-91.009606,32.22615],[-91.021507,32.236149],[-91.026607,32.238749],[-91.034307,32.241549],[-91.039007,32.242349],[-91.046507,32.241149],[-91.050307,32.237949],[-91.051807,32.234449],[-91.053107,32.22795],[-91.055107,32.22475],[-91.061408,32.21865],[-91.071108,32.22605],[-91.075108,32.22705],[-91.083708,32.22645],[-91.092108,32.22385],[-91.100409,32.21785],[-91.108509,32.20815],[-91.113009,32.20655],[-91.114084,32.206697],[-91.11727,32.206668],[-91.124043,32.211104],[-91.128495,32.213169],[-91.130197,32.213666],[-91.133587,32.213432],[-91.158026,32.201956],[-91.162062,32.199035],[-91.164171,32.196888],[-91.168073,32.186635],[-91.171046,32.176526],[-91.173664,32.164231],[-91.174552,32.154978],[-91.173495,32.149009],[-91.171702,32.14425],[-91.165452,32.13429],[-91.162822,32.132694],[-91.155043,32.132243],[-91.1444,32.13039],[-91.136566,32.127371],[-91.131403,32.126213],[-91.113866,32.125731],[-91.111294,32.125036],[-91.103696,32.130007],[-91.101181,32.131136],[-91.091656,32.133604],[-91.08163,32.133992],[-91.077043,32.133493],[-91.069081,32.131478],[-91.061555,32.126907],[-91.053175,32.124237],[-91.051207,32.144152],[-91.050207,32.145252],[-91.048507,32.150152],[-91.049707,32.157352],[-91.055707,32.163752],[-91.058907,32.171251],[-91.057647,32.177354],[-91.050207,32.178451],[-91.041807,32.174551],[-91.031907,32.167851],[-91.025007,32.162552],[-91.016606,32.160852],[-91.00619,32.156957],[-91.004106,32.146152],[-91.005006,32.142852],[-91.006406,32.139952],[-91.011806,32.131153],[-91.017606,32.125153],[-91.020006,32.123553],[-91.027007,32.121053],[-91.0307991898912,32.1205658494524],[-91.030907,32.120552],[-91.0307064962793,32.1143368859173],[-91.030507,32.108153],[-91.034707,32.101053],[-91.038607,32.098254],[-91.066679,32.08533],[-91.080008,32.079154],[-91.081508,32.077754],[-91.081708,32.075754],[-91.079108,32.050255],[-91.080208,32.048355],[-91.082308,32.047555],[-91.098708,32.048355],[-91.103708,32.050255],[-91.114309,32.058255],[-91.124109,32.071854],[-91.128609,32.076554],[-91.134909,32.080354],[-91.139309,32.081754],[-91.14511,32.081354],[-91.14881,32.080154],[-91.15581,32.075554],[-91.16031,32.070354],[-91.16161,32.067754],[-91.16201,32.065354],[-91.16201,32.062355],[-91.16131,32.059755],[-91.15901,32.055955],[-91.15631,32.052655],[-91.15141,32.049255],[-91.14511,32.046555],[-91.125109,32.042855],[-91.095508,32.037455],[-91.088108,32.034455],[-91.084408,32.031456],[-91.082608,32.028656],[-91.080808,32.023456],[-91.079928,32.018316],[-91.075908,32.016828],[-91.090105,32.000157],[-91.096108,31.994857],[-91.104108,31.990357],[-91.117409,31.987057],[-91.16441,31.982557],[-91.17021,31.979057],[-91.17741,31.973257],[-91.18481,31.965557],[-91.18831,31.960958],[-91.18911,31.957458],[-91.18881,31.953158],[-91.18951,31.946358],[-91.19321,31.935658],[-91.19291,31.934958],[-91.19111,31.934158],[-91.18471,31.935058],[-91.18371,31.933158],[-91.1846256046064,31.9259865269207],[-91.18491,31.923759],[-91.18111,31.920059],[-91.18061,31.917959],[-91.18321,31.916159],[-91.18921,31.914259],[-91.19081,31.912959],[-91.19261,31.910159],[-91.19381,31.909559],[-91.19751,31.908659],[-91.20101,31.909159],[-91.20281,31.907959],[-91.20511,31.904159],[-91.20881,31.900459],[-91.226951,31.885105],[-91.234899,31.876863],[-91.248144,31.869848],[-91.264412,31.86546],[-91.266512,31.86426],[-91.267712,31.86266],[-91.269012,31.858661],[-91.268812,31.855161],[-91.268112,31.853061],[-91.266612,31.851161],[-91.261144,31.846119],[-91.245624,31.833165],[-91.245047,31.831447],[-91.247367,31.822323],[-91.250111,31.817762],[-91.255611,31.812662],[-91.262011,31.809362],[-91.269212,31.809162],[-91.276712,31.811362],[-91.280212,31.813162],[-91.282212,31.814762],[-91.284912,31.818362],[-91.287812,31.824161],[-91.289412,31.828661],[-91.290135,31.833658],[-91.289312,31.846861],[-91.293413,31.86016],[-91.294713,31.86046],[-91.326914,31.854961],[-91.333814,31.853261],[-91.338414,31.851261],[-91.343014,31.846861],[-91.345714,31.842861],[-91.359514,31.799362],[-91.363714,31.780363],[-91.364685,31.770345],[-91.348562,31.765837],[-91.322232,31.767702],[-91.301315,31.766748],[-91.286045,31.772062],[-91.273874,31.771178],[-91.2662786530318,31.7682446294555],[-91.263043,31.766995],[-91.259611,31.76129],[-91.263406,31.754468],[-91.275545,31.745515],[-91.291723,31.74526],[-91.3165801943028,31.7453109122142],[-91.318576,31.745315],[-91.334666,31.744071],[-91.355144,31.741583],[-91.3800788050052,31.7327598853811],[-91.380915,31.732464],[-91.397115,31.711364],[-91.397915,31.709364],[-91.400015,31.697864],[-91.400115,31.688164],[-91.398015,31.662665],[-91.395715,31.644165],[-91.396115,31.639265],[-91.398315,31.626265],[-91.401015,31.620365],[-91.416498,31.613133],[-91.421116,31.611565],[-91.429616,31.611365],[-91.436716,31.612665],[-91.463817,31.620365],[-91.474318,31.625365],[-91.479818,31.628965],[-91.482618,31.631565],[-91.487518,31.637065],[-91.490027,31.641],[-91.492748,31.644279],[-91.494478,31.645013],[-91.497665,31.645371],[-91.499278,31.644658],[-91.50731,31.639068],[-91.512336,31.634722],[-91.515462,31.630372],[-91.516659,31.627332],[-91.517921,31.618642],[-91.517233,31.61346],[-91.516567,31.611818],[-91.5148155315998,31.6093889885807],[-91.51301,31.606885],[-91.502783,31.595727],[-91.494118,31.590165],[-91.488618,31.587466],[-91.485218,31.586166],[-91.479418,31.585466],[-91.4671464203883,31.5860280141796],[-91.466317,31.586066],[-91.457517,31.587566],[-91.436316,31.594965],[-91.430716,31.596465],[-91.422716,31.597065],[-91.417115,31.596265],[-91.413015,31.595365],[-91.403915,31.589766],[-91.405415,31.576466],[-91.406615,31.571966],[-91.4077734,31.5696492],[-91.407915,31.569366],[-91.414915,31.562166],[-91.4198546253413,31.5589018357887],[-91.426416,31.554566],[-91.437616,31.546166],[-91.443916,31.542466],[-91.450017,31.539666],[-91.479718,31.530366],[-91.481318,31.530666],[-91.483918,31.532566],[-91.489618,31.534266],[-91.500118,31.532616],[-91.506719,31.532966],[-91.511217,31.532612],[-91.513963,31.532084],[-91.51581,31.530894],[-91.5180421394486,31.5281282861348],[-91.521445,31.523912],[-91.522536,31.522078],[-91.52292,31.519841],[-91.522862,31.517493],[-91.520579,31.513207],[-91.516759,31.511772],[-91.514917,31.510113],[-91.515157,31.50338],[-91.51714,31.498394],[-91.518148,31.483483],[-91.516999,31.460574],[-91.51513,31.449206],[-91.513366,31.444396],[-91.510356,31.438928],[-91.506423,31.43146],[-91.500046,31.42052],[-91.49004,31.412716],[-91.48023,31.404391],[-91.476926,31.397796],[-91.472065,31.395925],[-91.472149,31.391434],[-91.471992,31.382143],[-91.471098,31.376917],[-91.472465,31.371326],[-91.47887,31.364955],[-91.504163,31.36495],[-91.508075,31.366276],[-91.515978,31.370286],[-91.521836,31.37517],[-91.52695,31.380855],[-91.532336,31.390275],[-91.539458,31.414021],[-91.539504,31.41791],[-91.537002,31.423184],[-91.537137,31.424161],[-91.540647,31.430758],[-91.541626,31.431706],[-91.545013,31.433026],[-91.548465,31.432668],[-91.55275,31.430692],[-91.554805,31.42857],[-91.565179,31.423447],[-91.570092,31.419487],[-91.576265,31.410498],[-91.578246,31.403859],[-91.578334,31.399067],[-91.573931,31.390886],[-91.571234,31.384664],[-91.568953,31.377629],[-91.562555,31.383219],[-91.560524,31.384559],[-91.55568,31.386413],[-91.552432,31.385658],[-91.546207,31.38248],[-91.546607,31.381198],[-91.549915,31.376315],[-91.551002,31.363645],[-91.550869,31.360574],[-91.548894,31.353998],[-91.548967,31.347255],[-91.545617,31.343762],[-91.536061,31.338355],[-91.533206,31.333225],[-91.531657,31.331801],[-91.518509,31.323332],[-91.510049,31.316822],[-91.50866,31.315131],[-91.507977,31.312943],[-91.508296,31.295829],[-91.508858,31.291644],[-91.512085,31.284177],[-91.515614,31.27821],[-91.518578,31.275283],[-91.537734,31.267369],[-91.553905,31.26305],[-91.564192,31.261633],[-91.574493,31.261289],[-91.587749,31.262563],[-91.606672,31.2659],[-91.621358,31.267811],[-91.637672,31.26768],[-91.641253,31.266917],[-91.648669,31.262238],[-91.651369,31.259528],[-91.654027,31.255753],[-91.655009,31.251815],[-91.654907,31.250175],[-91.652019,31.242691],[-91.644356,31.234414],[-91.625119,31.226071],[-91.601616,31.208573],[-91.595029,31.201969],[-91.590051,31.193693],[-91.5894512930811,31.1911399311563],[-91.588939,31.188959],[-91.588695,31.181025],[-91.589046,31.178586],[-91.591502,31.173118],[-91.597062,31.163492],[-91.599732,31.159592],[-91.604197,31.154545],[-91.621671,31.13687],[-91.624217,31.133729],[-91.625118,31.131879],[-91.625707,31.128763],[-91.626476,31.119125],[-91.625994,31.116896],[-91.621535,31.110257],[-91.61857,31.107328],[-91.614763,31.104357],[-91.609523,31.101557],[-91.594693,31.091444],[-91.567648,31.070186],[-91.56415,31.06683],[-91.561283,31.060906],[-91.559907,31.054119],[-91.560365,31.049508],[-91.561232,31.046225],[-91.564397,31.038965],[-91.571695,31.029782],[-91.578413,31.02403],[-91.590463,31.01727],[-91.60649,31.011216],[-91.625118,31.005374],[-91.636942,30.999416],[-91.625118,30.999167],[-91.538727,30.999388],[-91.5386610327368,30.9993868091688],[-91.500116,30.998691],[-91.49739,30.999006],[-91.425749,30.999007],[-91.423621,30.998984],[-91.3965150414493,30.999058983598],[-91.3478188258408,30.9991936926306],[-91.24649,30.999474],[-91.231531000756,30.9992729437541],[-91.224839,30.999183],[-91.224068,30.999183],[-91.176209,30.999144],[-91.1761397522757,30.9991437308313],[-91.108291,30.99888],[-91.108114,30.998857],[-91.080814,30.998909],[-91.06827,30.99892],[-91.0602129522528,30.9989529636044],[-90.89473,30.99963],[-90.8349414503027,30.9993950334277],[-90.826027,30.99936],[-90.8258293654941,30.9993604066554],[-90.783745,30.999447],[-90.779858,30.999457],[-90.775981,30.999491],[-90.769333,30.999374],[-90.758775,30.999583],[-90.734552,30.999222],[-90.734473,30.999214],[-90.651193,30.99951],[-90.648721,30.999486],[-90.588676,30.99965],[-90.587373,30.999604],[-90.584448,30.999698],[-90.583518,30.999698],[-90.567195,30.999733],[-90.5476154821801,30.9997232645164],[-90.486749,30.999693],[-90.485876,30.99974],[-90.477284,30.999717],[-90.475928,30.99974],[-90.474094,30.999798],[-90.4569817623398,30.9997568635122],[-90.442479,30.999722],[-90.441725,30.999729],[-90.437351,30.99973],[-90.426849,30.999776],[-90.422117,30.99981],[-90.380536,30.999872],[-90.369371,31.000335],[-90.347304385252,31.0003589193692],[-90.34723,31.000359],[-90.346007,31.000363],[-90.2595549256981,31.0006571633248],[-90.1943924283431,31.0008788863664],[-90.164676,31.00098],[-90.164278,31.001025],[-90.1484288842297,31.0009763195057],[-90.131395,31.000924],[-90.128406,31.001047],[-90.0731269103186,31.0011665223561],[-90.0731210153755,31.0011665351019],[-90.050706,31.001215],[-90.029574,31.00119],[-90.022185,31.001302],[-90.005332,31.001364],[-89.97543,31.001692],[-89.972802,31.001392],[-89.941012221834,31.0014233433101],[-89.927161,31.001437],[-89.923119,31.001446],[-89.897516,31.001913],[-89.892708,31.001759],[-89.856862,31.002075],[-89.8359079603788,31.0020592746419],[-89.835542,31.002059],[-89.824617,31.00206],[-89.816429,31.002084],[-89.7997827837394,31.0020237169336],[-89.752642,31.001853],[-89.752133,31.000183],[-89.751481,30.99969],[-89.749189,30.999555],[-89.747229,31.000184],[-89.745215,31.002252],[-89.741821,31.003441],[-89.732504,31.004831],[-89.729616,31.003927],[-89.728147,31.002431],[-89.7281451296188,31.0022996279851],[-89.728126,31.000956],[-89.73,30.999749],[-89.73554,30.999715],[-89.734227,30.995602],[-89.732035,30.994409],[-89.728563,30.994396],[-89.727698,30.993329],[-89.72993,30.98209],[-89.730501,30.979707],[-89.732168,30.978088],[-89.735912,30.977865],[-89.736883,30.977122],[-89.737149,30.976081],[-89.736086,30.974446],[-89.728382,30.971141],[-89.727086,30.969707],[-89.727072,30.967395],[-89.728041,30.966518],[-89.729327,30.966242],[-89.731393,30.96613],[-89.733933,30.966919],[-89.735686,30.966573],[-89.743134,30.959993],[-89.743592,30.958482],[-89.751196,30.951439],[-89.756333,30.943498],[-89.756554,30.941949],[-89.755835,30.939543],[-89.750073,30.935763],[-89.748897,30.933888],[-89.748851,30.932816],[-89.750073,30.929815],[-89.748208,30.923369],[-89.745161,30.922416],[-89.744448,30.920577],[-89.744789,30.918933],[-89.746718,30.915805],[-89.750073,30.91293],[-89.754086,30.9128],[-89.757417,30.914993],[-89.759403,30.915134],[-89.7626,30.913736],[-89.764202,30.911906],[-89.764451,30.910276],[-89.763622,30.907732],[-89.761593,30.906591],[-89.759803,30.906216],[-89.756671,30.901069],[-89.757024,30.898947],[-89.758719,30.897319],[-89.760701,30.896306],[-89.765101,30.896919],[-89.770269,30.89939],[-89.771986,30.899127],[-89.773099,30.898338],[-89.773553,30.896862],[-89.772011,30.89024],[-89.770027,30.882254],[-89.775458,30.881497],[-89.77711,30.881088],[-89.778583,30.878903],[-89.779194,30.875185],[-89.778005,30.873411],[-89.768237,30.866392],[-89.767789,30.865577],[-89.767955,30.863858],[-89.771722,30.854677],[-89.772587,30.85366],[-89.774739,30.853254],[-89.778755,30.8558],[-89.781643,30.856613],[-89.783384,30.856022],[-89.784073,30.85527],[-89.784416,30.853744],[-89.783791,30.852131],[-89.780947,30.848542],[-89.780228,30.846235],[-89.7806,30.845508],[-89.782649,30.845264],[-89.7875,30.844112],[-89.790121,30.837983],[-89.790805,30.832131],[-89.790432,30.830985],[-89.789426,30.83047],[-89.786837,30.830642],[-89.783985,30.827385],[-89.781168,30.820123],[-89.782404,30.817975],[-89.785894,30.815962],[-89.791745,30.820387],[-89.796634,30.821648],[-89.797491,30.821478],[-89.798654,30.820855],[-89.800049,30.819078],[-89.799673,30.815172],[-89.800422,30.810425],[-89.804065,30.803247],[-89.804632,30.802511],[-89.808176,30.800562],[-89.810143,30.799846],[-89.8106509599102,30.7993889349057],[-89.811171,30.798921],[-89.811479,30.797996],[-89.810863,30.797379],[-89.808601,30.794913],[-89.807071,30.793908],[-89.806237,30.793371],[-89.804901,30.792549],[-89.804696,30.791624],[-89.805107,30.790596],[-89.806763,30.789069],[-89.810657,30.788026],[-89.812096,30.788437],[-89.81261,30.789876],[-89.813535,30.792035],[-89.813946,30.793782],[-89.816418,30.796054],[-89.817559,30.796054],[-89.819164,30.795229],[-89.821078,30.792523],[-89.8212752774948,30.7918750788161],[-89.821486,30.791183],[-89.82113,30.788609],[-89.824395,30.779629],[-89.831537,30.76761],[-89.829385458099,30.7621937245654],[-89.827886,30.758419],[-89.825774,30.747305],[-89.826053,30.742322],[-89.823492,30.740988],[-89.819548,30.740671],[-89.816764,30.740076],[-89.816075,30.739366],[-89.816499,30.737946],[-89.81748,30.737305],[-89.821535,30.736618],[-89.826175,30.736594],[-89.833818,30.736972],[-89.835437,30.73626],[-89.83687,30.734661],[-89.836945,30.728201],[-89.836331,30.727197],[-89.833065,30.726759],[-89.828061,30.725018],[-89.83006,30.71631],[-89.831961,30.715384],[-89.836257,30.716185],[-89.845801,30.707314],[-89.846576,30.706209],[-89.845926,30.704157],[-89.843605,30.702511],[-89.84173,30.702713],[-89.839312,30.704143],[-89.838065,30.704036],[-89.835848,30.699555],[-89.835478,30.691166],[-89.836797,30.690573],[-89.844965,30.674691],[-89.847201,30.670038],[-89.8486110610945,30.6659742005644],[-89.848879,30.665202],[-89.85055,30.664781],[-89.852263,30.662934],[-89.851889,30.661199],[-89.840988,30.658515],[-89.836047,30.657298],[-89.833261,30.657516],[-89.824986,30.649423],[-89.821868,30.644024],[-89.818081,30.634019],[-89.8223550470307,30.6247646155412],[-89.823261,30.622803],[-89.821424,30.619815],[-89.820868,30.618254],[-89.822389,30.614462],[-89.823278,30.60823],[-89.821286,30.60713],[-89.816905,30.60862],[-89.81538,30.608566],[-89.81392,30.607721],[-89.814563,30.606152],[-89.817202,30.600891],[-89.819696,30.596785],[-89.819838,30.59534],[-89.818527,30.592688],[-89.816396,30.591646],[-89.812109,30.591473],[-89.807118,30.587337],[-89.807762,30.585825],[-89.809739,30.584714],[-89.806843,30.572039],[-89.808184,30.568795],[-89.808027,30.567998],[-89.806182,30.567543],[-89.803753,30.568148],[-89.799947,30.569351],[-89.794495,30.569653],[-89.790318,30.567524],[-89.789695,30.56658],[-89.790078,30.565333],[-89.79243,30.563087],[-89.796697,30.561718],[-89.800277,30.563695],[-89.801494,30.563703],[-89.802833,30.562879],[-89.803887,30.560581],[-89.803831,30.558888],[-89.802789,30.557903],[-89.794532,30.556554],[-89.791664,30.551524],[-89.79196,30.548788],[-89.793989,30.548283],[-89.795231,30.548132],[-89.795388,30.547452],[-89.795335,30.546563],[-89.793818,30.545935],[-89.791046,30.545046],[-89.788542,30.544464],[-89.783994,30.544075],[-89.780246,30.544607],[-89.779565,30.544345],[-89.775355,30.538848],[-89.771643,30.530249],[-89.770744,30.527819],[-89.769996,30.521896],[-89.768133,30.51502],[-89.76057,30.515761],[-89.758862,30.513062],[-89.758575,30.505942],[-89.758133,30.505404],[-89.752931,30.502493],[-89.746435,30.502619],[-89.742816,30.498704],[-89.742396,30.497316],[-89.734615,30.494723],[-89.726154,30.49256],[-89.724614,30.491902],[-89.7214350091729,30.488851724502],[-89.721181,30.488608],[-89.719652,30.483166],[-89.715886,30.477797],[-89.712493,30.47751],[-89.710164,30.478308],[-89.709551,30.477853],[-89.705538,30.47235],[-89.701799,30.465115],[-89.695864,30.463269],[-89.690102,30.459657],[-89.6897794685397,30.4592779821573],[-89.68341,30.451793],[-89.682829,30.44581],[-89.684816,30.439511],[-89.683521,30.434959],[-89.681946,30.434073],[-89.680515,30.428924],[-89.678514,30.414012],[-89.680134,30.4114],[-89.681165,30.411492],[-89.68232,30.412991],[-89.684118,30.412646],[-89.683686,30.405873],[-89.6815402880308,30.4030887339946],[-89.679153,30.399991],[-89.672762,30.389276],[-89.670134,30.382429],[-89.662204,30.371267],[-89.660274,30.363487],[-89.657191,30.356515],[-89.652693,30.355536],[-89.6467,30.3525],[-89.645617,30.351314],[-89.645199,30.348126],[-89.636299,30.34397],[-89.629727,30.339287],[-89.630399,30.332933],[-89.629877,30.321017],[-89.626606,30.315457],[-89.626221,30.314255],[-89.631643,30.309332],[-89.634208,30.308256],[-89.639872,30.307281],[-89.640401,30.306755],[-89.641705,30.303799],[-89.6417502410998,30.3033787401693],[-89.6417580859381,30.3033058668214],[-89.64344,30.287682],[-89.637647,30.285032],[-89.631411,30.279662],[-89.63052,30.276562],[-89.629757,30.267195],[-89.630649,30.262084],[-89.631215,30.261704],[-89.632225,30.260137],[-89.631789,30.256924],[-89.626922,30.251745],[-89.623856,30.249895],[-89.616156,30.247395],[-89.614156,30.244595],[-89.614056,30.241495],[-89.615856,30.235295],[-89.617056,30.227495],[-89.616956,30.225595],[-89.615856,30.223195],[-89.612556,30.219496],[-89.610655,30.218096],[-89.607655,30.217096],[-89.601255,30.216096],[-89.596655,30.211796],[-89.588854,30.200296],[-89.587354,30.195196],[-89.585754,30.192096],[-89.580754,30.186197],[-89.574454,30.181697],[-89.570154,30.180297],[-89.562253,30.182397],[-89.554653,30.185797],[-89.550853,30.189197],[-89.549053,30.191597],[-89.546953,30.193097],[-89.541453,30.195397],[-89.538652,30.195797],[-89.533352,30.194797],[-89.530452,30.192197],[-89.527952,30.188697],[-89.524504,30.180753],[-89.531213,30.177099],[-89.537493,30.171745],[-89.555013,30.170798],[-89.562825,30.168667],[-89.56827,30.163932],[-89.572093,30.160362],[-89.587062,30.150648],[-89.595021,30.149891],[-89.598027,30.152409],[-89.617542,30.156422],[-89.6228797076882,30.1523675549142],[-89.640989,30.138612],[-89.656986,30.118381],[-89.669182,30.110667],[-89.674633,30.110406],[-89.678163,30.108286],[-89.682181,30.091536],[-89.683712,30.076018],[-89.698496,30.070491],[-89.712942,30.069088],[-89.727453,30.062661],[-89.730999,30.057581],[-89.731545,30.049691],[-89.7163,30.02811],[-89.716377,30.026222],[-89.724649,30.022454],[-89.733323,30.022054],[-89.746505,30.032599],[-89.763216,30.042108],[-89.782534,30.045372],[-89.818561,30.043328],[-89.8199834508197,30.0420513084585],[-89.839933,30.024146],[-89.857558,30.004439],[-89.8561145499887,29.9970679396967],[-89.852312,29.97765],[-89.844202,29.955645],[-89.8385,29.945816],[-89.8374713040458,29.9451008951202],[-89.829023,29.939228],[-89.81803,29.934145],[-89.804463,29.932588],[-89.775459,29.937416],[-89.748492,29.945831],[-89.727933,29.95878],[-89.719067,29.953699],[-89.71291,29.946349],[-89.736311,29.936263],[-89.742727,29.935894],[-89.746273,29.928221],[-89.742479,29.90817],[-89.711158,29.879287],[-89.692004,29.868722],[-89.671555,29.867535],[-89.660568,29.862909],[-89.638016,29.864065],[-89.613159,29.87216],[-89.598129,29.881409],[-89.591194,29.897018],[-89.592346,29.917253],[-89.583099,29.931705],[-89.583099,29.945581],[-89.574997,29.959455],[-89.574425,29.983738],[-89.58136,29.994722],[-89.571533,29.999926],[-89.551292,30.005709],[-89.501587,30.034037],[-89.494064,30.040972],[-89.494637,30.0508],[-89.499275,30.058893],[-89.493484,30.072191],[-89.481926,30.079128],[-89.458946,30.06345],[-89.444618,30.060959],[-89.429047,30.05224],[-89.418465,30.049747],[-89.372375,30.054729],[-89.368637,30.047256],[-89.372375,30.036671],[-89.381096,30.030441],[-89.393555,30.029818],[-89.41597,30.020477],[-89.422813,30.015495],[-89.432785,30.008022],[-89.433411,29.991205],[-89.432785,29.978752],[-89.40538,29.965672],[-89.393555,29.966295],[-89.379227,29.963804],[-89.378601,29.919588],[-89.368019,29.911491],[-89.331894,29.91585],[-89.315453,29.923208],[-89.283562,29.97332],[-89.273315,29.99382],[-89.250534,30.002361],[-89.243706,29.997236],[-89.249969,29.975597],[-89.218071,29.97275],[-89.22377,29.961929],[-89.231178,29.925484],[-89.244843,29.93004],[-89.263062,29.929472],[-89.280144,29.924915],[-89.318306,29.898149],[-89.322289,29.887333],[-89.311462,29.881636],[-89.289253,29.880499],[-89.272179,29.886763],[-89.241425,29.88961],[-89.236298,29.886763],[-89.236298,29.877081],[-89.254517,29.864552],[-89.269897,29.859997],[-89.294952,29.857149],[-89.317726,29.850885],[-89.363289,29.84576],[-89.383789,29.838928],[-89.383217,29.830385],[-89.372971,29.82526],[-89.345634,29.820135],[-89.342781,29.798496],[-89.33197,29.790524],[-89.318306,29.788815],[-89.293251,29.803053],[-89.277298,29.807608],[-89.277298,29.799635],[-89.284134,29.795649],[-89.284706,29.770021],[-89.269325,29.760912],[-89.271034,29.756355],[-89.305199,29.756926],[-89.316025,29.760912],[-89.325134,29.772301],[-89.337662,29.779135],[-89.354179,29.781412],[-89.367271,29.775148],[-89.386063,29.788815],[-89.394608,29.784828],[-89.399162,29.770592],[-89.414536,29.752371],[-89.428207,29.74155],[-89.43025,29.712606],[-89.39609,29.69572],[-89.387794,29.679991],[-89.403956,29.681808],[-89.42421,29.697638],[-89.426667,29.678625],[-89.433808,29.656365],[-89.465562,29.651738],[-89.471182,29.673158],[-89.467599,29.699019],[-89.486961,29.72592],[-89.524887,29.726566],[-89.519563,29.692215],[-89.53376,29.670204],[-89.510735,29.657473],[-89.487915,29.630405],[-89.485367,29.624357],[-89.4867087315144,29.6210026712139],[-89.486931,29.620447],[-89.504738,29.631508],[-89.523018,29.639427],[-89.535202,29.648567],[-89.583336,29.652834],[-89.610827,29.63856],[-89.641228,29.647961],[-89.665689,29.643145],[-89.602109,29.610295],[-89.602585,29.582188],[-89.637761,29.596655],[-89.649108,29.613017],[-89.674736,29.626633],[-89.684486,29.624804],[-89.688141,29.615055],[-89.684486,29.602867],[-89.671082,29.588243],[-89.650358,29.586942],[-89.641802,29.575573],[-89.663668,29.56441],[-89.684486,29.563263],[-89.684486,29.551073],[-89.681092,29.534487],[-89.657192,29.532309],[-89.640198,29.50356],[-89.60846,29.490439],[-89.569607,29.494044],[-89.572102,29.475217],[-89.551088,29.463446],[-89.528429,29.454702],[-89.53215,29.434567],[-89.531943,29.425679],[-89.518368,29.40023],[-89.508551,29.386168],[-89.505038,29.38604],[-89.487308,29.393346],[-89.484354,29.397471],[-89.482318,29.406222],[-89.47714,29.411241],[-89.470142,29.401471],[-89.457303,29.393148],[-89.42238,29.390628],[-89.380001,29.391785],[-89.373109,29.387175],[-89.355528,29.381569],[-89.340304,29.381412],[-89.336589,29.378228],[-89.347615,29.365],[-89.338582,29.355445],[-89.319922,29.36268],[-89.3141019851687,29.3815116876473],[-89.312085,29.388038],[-89.3067429747521,29.383060602898],[-89.272543,29.351195],[-89.2653,29.345352],[-89.257852,29.336872],[-89.253545,29.322802],[-89.24087,29.310081],[-89.224192,29.313792],[-89.223444,29.318066],[-89.219734,29.324412],[-89.204703,29.338674],[-89.200389,29.344418],[-89.200599,29.347672],[-89.189354,29.345061],[-89.179547,29.339608],[-89.177351,29.33521],[-89.178221,29.32697],[-89.165015,29.303039],[-89.157593,29.296691],[-89.140275,29.291085],[-89.134337,29.27934],[-89.136979,29.275239],[-89.129688,29.265632],[-89.115104,29.252901],[-89.116653,29.219532],[-89.112727,29.20229],[-89.091336,29.191086],[-89.066379,29.197518],[-89.057126,29.210534],[-89.025974,29.215153],[-89.003869,29.179881],[-89.01428,29.166913],[-89.032506,29.180735],[-89.051173,29.170483],[-89.089434,29.166391],[-89.11035,29.152693],[-89.09704,29.138784],[-89.039521,29.135463],[-89.066617,29.090714],[-89.085869,29.111689],[-89.098704,29.117711],[-89.106309,29.111481],[-89.110825,29.081159],[-89.11653,29.074097],[-89.13079,29.070773],[-89.146953,29.051659],[-89.148792,29.02967],[-89.137743,29.018878],[-89.142866,28.991623],[-89.218673,29.022515],[-89.217514,29.055675],[-89.225957,29.069404],[-89.251727,29.083172],[-89.259354,29.058358],[-89.293066,29.041322],[-89.36437,28.964721],[-89.400966,28.933812],[-89.4075611825122,28.9323801764195],[-89.419865,28.929709],[-89.393011,28.987073],[-89.362112,29.012123],[-89.343751,29.052906],[-89.329728,29.056023],[-89.310001,29.070981],[-89.312853,29.087391],[-89.302633,29.097775],[-89.312378,29.117503],[-89.296216,29.126431],[-89.29574,29.133698],[-89.278627,29.137642],[-89.281479,29.159853],[-89.282261,29.181435],[-89.295027,29.198867],[-89.318557,29.201564],[-89.32854,29.190567],[-89.325688,29.177079],[-89.331868,29.148645],[-89.350585,29.129598],[-89.390515,29.123576],[-89.409371,29.127855],[-89.417718,29.13869],[-89.428965,29.14451],[-89.432932,29.149023],[-89.447472,29.178576],[-89.455829,29.190991],[-89.47231,29.20755],[-89.482844,29.215053],[-89.5366,29.236212],[-89.5618788566687,29.2419176145207],[-89.606651,29.252023],[-89.608289,29.264202],[-89.623976,29.269178],[-89.639663,29.290531],[-89.671781,29.289028],[-89.6819271367324,29.2920749871704],[-89.697258,29.296679],[-89.726162,29.304026],[-89.782149,29.311132],[-89.808513,29.313845],[-89.842641,29.318823],[-89.883463,29.307103],[-89.9041567022057,29.2946962823527],[-89.939641,29.273422],[-89.947668,29.27127],[-89.953147,29.256406],[-90.022029,29.216065],[-90.058512,29.183687],[-90.0898354481942,29.1644753566211],[-90.122753,29.144286],[-90.17058,29.115209],[-90.223587,29.085075],[-90.2259735242039,29.0858295816079],[-90.231984,29.08773],[-90.245924,29.093403],[-90.250044,29.108067],[-90.233334,29.110655],[-90.234405,29.128824],[-90.248629,29.13837],[-90.277773,29.142822],[-90.28526,29.178003],[-90.263513,29.180597],[-90.259234,29.199583],[-90.272832,29.199032],[-90.304275,29.266161],[-90.322101,29.273003],[-90.344324,29.289277],[-90.349196,29.304512],[-90.376886,29.288655],[-90.372608,29.264813],[-90.403268,29.233811],[-90.3997615912778,29.261401767989],[-90.397207,29.281503],[-90.393999,29.299019],[-90.402555,29.312181],[-90.419668,29.3242],[-90.432265,29.346889],[-90.447358,29.347614],[-90.458172,29.335804],[-90.451636,29.321506],[-90.469462,29.29819],[-90.479088,29.292179],[-90.496386,29.295532],[-90.513314,29.302025],[-90.527253,29.304051],[-90.554314,29.285235],[-90.566198,29.30389],[-90.579627,29.311662],[-90.597571,29.303268],[-90.600067,29.288551],[-90.587945,29.271344],[-90.589728,29.253305],[-90.567353855761,29.2386004114884],[-90.561801,29.234951],[-90.574873,29.227416],[-90.5976274504856,29.2355390619688],[-90.605283,29.238272],[-90.612441,29.232589],[-90.606128,29.224373],[-90.611832,29.214831],[-90.63251,29.214416],[-90.643206,29.192736],[-90.646771,29.168664],[-90.675887,29.17406],[-90.685038,29.165551],[-90.681354,29.156003],[-90.694307,29.125071],[-90.71142,29.116351],[-90.723185,29.135971],[-90.7330620487186,29.134913276834],[-90.735782,29.134622],[-90.744814,29.117597],[-90.766681,29.113547],[-90.772504,29.103164],[-90.787953,29.107629],[-90.798411,29.095999],[-90.805933,29.06446],[-90.808305732138,29.0564557493146],[-90.81255,29.042138],[-90.840587,29.046269],[-90.867853,29.056064],[-90.864751879714,29.0595271867647],[-90.8609547992397,29.0637675894678],[-90.85932165369,29.0655914103876],[-90.851528,29.074295],[-90.85997,29.094961],[-90.877583,29.104891],[-90.885351,29.117016],[-90.898215,29.131342],[-90.925797,29.153116],[-90.941877,29.162373],[-90.948091,29.174104],[-90.9584033114524,29.1793536054281],[-90.961278,29.180817],[-90.981458,29.171211],[-91.000096,29.169481],[-91.023955,29.174784],[-91.031786,29.182188],[-91.05863,29.181734],[-91.094015,29.187711],[-91.11476,29.207918],[-91.129141,29.215863],[-91.199647,29.221287],[-91.219032,29.226051],[-91.278792,29.247776],[-91.302677,29.265958],[-91.334885,29.298775],[-91.33275,29.305816],[-91.309314,29.305698],[-91.291821,29.311357],[-91.276647,29.329825],[-91.274308,29.344878],[-91.265452,29.360976],[-91.236987,29.371342],[-91.238237,29.350618],[-91.222194,29.325962],[-91.195811,29.305548],[-91.171687,29.325133],[-91.162061,29.318191],[-91.169429,29.30389],[-91.168003,29.288241],[-91.1724,29.266576],[-91.154455,29.254964],[-91.136391,29.250194],[-91.121655,29.251439],[-91.119397,29.266472],[-91.128084,29.273518],[-91.132113,29.285753],[-91.120229,29.30047],[-91.123676,29.319952],[-91.133064,29.341088],[-91.150533,29.344921],[-91.149701,29.353518],[-91.19284,29.371126],[-91.200087,29.38955],[-91.217827,29.396437],[-91.220186,29.404687],[-91.2145868873278,29.4157963179733],[-91.211999,29.420931],[-91.217448,29.432549],[-91.236858,29.437861],[-91.2382713753225,29.4378709279237],[-91.257216,29.438004],[-91.276094,29.409336],[-91.287425,29.403111],[-91.301872,29.413122],[-91.309917,29.400536],[-91.334051,29.391525],[-91.329624,29.426615],[-91.363967,29.420664],[-91.36426,29.43543],[-91.347514,29.444438],[-91.353096,29.454731],[-91.333066,29.463022],[-91.320424,29.478316],[-91.3334572443975,29.4849185127759],[-91.340454,29.488463],[-91.357613,29.512991],[-91.3643508634333,29.5127989145058],[-91.379361,29.512371],[-91.394307,29.497115],[-91.417292,29.485111],[-91.434859,29.482396],[-91.460963,29.469961],[-91.48559,29.499116],[-91.486411,29.52169],[-91.496136,29.538931],[-91.517274,29.52974],[-91.531021,29.531543],[-91.531471,29.535374],[-91.52584,29.545946],[-91.525523,29.551904],[-91.529217,29.558598],[-91.537445,29.565888],[-91.541974,29.594353],[-91.553537,29.632766],[-91.560908,29.63735],[-91.570589,29.638312],[-91.581843,29.637165],[-91.600179,29.631156],[-91.625114,29.626195],[-91.643832,29.630625],[-91.648941,29.633635],[-91.648657,29.636713],[-91.646478,29.639427],[-91.643198,29.640274],[-91.637344,29.647217],[-91.627286,29.662132],[-91.625114,29.671679],[-91.626826,29.684753],[-91.623829,29.69924],[-91.618479,29.710816],[-91.61809,29.720694],[-91.621512,29.735429],[-91.6241431350067,29.7370906348761],[-91.632829,29.742576],[-91.667128,29.745822],[-91.710935,29.738993],[-91.737253,29.74937],[-91.752259,29.748264],[-91.783674,29.740689],[-91.830499,29.718918],[-91.853987,29.707618],[-91.880999,29.713338],[-91.859158,29.727768],[-91.8585532125057,29.7360680465543],[-91.85797,29.744072],[-91.872873,29.747878],[-91.879242,29.756556],[-91.861222,29.773199],[-91.851671,29.791834],[-91.843115,29.779251],[-91.828803,29.777929],[-91.824784,29.789297],[-91.82492,29.808539],[-91.830808,29.82927],[-91.859514,29.826068],[-91.889118,29.836023],[-91.901043,29.833447],[-91.91525,29.819367],[-91.937507,29.816765],[-91.970986,29.834316],[-91.9721321088952,29.833446850379],[-91.982755,29.825391],[-91.981987,29.811983],[-91.978228,29.799942],[-92.00545,29.790906],[-92.062911,29.769163],[-92.115852,29.739532],[-92.123577,29.753461],[-92.136527,29.767336],[-92.149771,29.763048],[-92.17494,29.759475],[-92.171106,29.739782],[-92.199871,29.753219],[-92.208168,29.744184],[-92.200076,29.72571],[-92.169092,29.70021],[-92.148652,29.695151],[-92.117875,29.6985],[-92.103179,29.69313],[-92.136649,29.667481],[-92.126429,29.643108],[-92.108246,29.613667],[-92.091455,29.619804],[-92.058872,29.62235],[-92.034566,29.63154],[-92.016858,29.615837],[-92.048826,29.614494],[-92.065345,29.603852],[-92.048351,29.592485],[-92.041866,29.586769],[-92.064513,29.585665],[-92.105923,29.586335],[-92.158624,29.581616],[-92.21259,29.562479],[-92.25186,29.539354],[-92.280392,29.533434],[-92.323465,29.531497],[-92.364703,29.539459],[-92.3832824165159,29.5427579295486],[-92.4028156682674,29.5462262204568],[-92.40986,29.547477],[-92.473585,29.561081],[-92.536902,29.573779],[-92.568038,29.577397],[-92.615098,29.585561],[-92.6160809217819,29.5858204720519],[-92.655029,29.596102],[-92.741306,29.622139],[-92.786465,29.641146],[-92.879992,29.680285],[-92.947493,29.708777],[-92.993128,29.723846],[-93.031157,29.736333],[-93.088182,29.749125],[-93.17693,29.770487],[-93.226934,29.777519],[-93.228625,29.7775437878683],[-93.267456,29.778113],[-93.295573,29.775071],[-93.346439,29.762643],[-93.380563,29.765606],[-93.438973,29.768949],[-93.475252,29.769242],[-93.538462,29.763299],[-93.590786,29.755649],[-93.635304,29.752806],[-93.68364,29.747153],[-93.741948,29.736343],[-93.766048,29.7295],[-93.79925,29.71526],[-93.818995,29.704076],[-93.8279503319557,29.6977252463044],[-93.837971,29.690619],[-93.8383085328739,29.6910663149963],[-93.863204,29.724059],[-93.87002,29.735482],[-93.873941,29.73777],[-93.888821,29.742234],[-93.891637,29.744618],[-93.893829,29.753033],[-93.890821,29.761673],[-93.893862,29.767289],[-93.89847,29.771577],[-93.922407,29.785048],[-93.926504,29.78956],[-93.928808,29.79708],[-93.929208,29.802952],[-93.927992,29.80964],[-93.922744,29.818808],[-93.91636,29.824968],[-93.9111523582365,29.8289653447748],[-93.900728,29.836967],[-93.890679,29.843159],[-93.872446,29.85165],[-93.86357,29.857177],[-93.85514,29.864099],[-93.8543426408309,29.8649909997958],[-93.838374,29.882855],[-93.830374,29.894359],[-93.818998,29.914822],[-93.81655,29.920726],[-93.813735,29.935126],[-93.807815,29.954549],[-93.789431,29.987812],[-93.786935,29.99058],[-93.7535964278862,30.0131108172881],[-93.741078,30.021571],[-93.739734,30.023987],[-93.739158,30.032627],[-93.737446,30.037283],[-93.7214113823105,30.0524687204968],[-93.720805,30.053043],[-93.70394,30.054291],[-93.70082,30.056274],[-93.699396,30.05925],[-93.70058,30.063666],[-93.70218,30.065474],[-93.716405,30.069122],[-93.731605,30.081282],[-93.734085,30.08613],[-93.732485,30.088914],[-93.7270269963674,30.092178787494],[-93.723765,30.09413],[-93.702436,30.112721],[-93.7017323153625,30.1273741627846],[-93.7017253192653,30.1275198458735],[-93.701252,30.137376],[-93.698276,30.138608],[-93.69498,30.135185],[-93.692868,30.135217],[-93.688212,30.141376],[-93.697748,30.152944],[-93.703764,30.173936],[-93.7062720655884,30.176455663147],[-93.710468,30.180671],[-93.717397,30.193439],[-93.720946,30.209852],[-93.71922,30.218542],[-93.713359,30.225261],[-93.705083,30.242752],[-93.705519312533,30.244184772189],[-93.707271,30.249937],[-93.709132,30.271827],[-93.70719,30.275513],[-93.706608,30.281187],[-93.708645,30.288317],[-93.711118,30.291372],[-93.714319,30.294282],[-93.718684,30.29501],[-93.72422,30.295134],[-93.738699,30.303794],[-93.760328,30.329924],[-93.764265,30.330223],[-93.765822,30.333318],[-93.756352,30.356166],[-93.755894,30.370709],[-93.7580151173828,30.3837610486169],[-93.758554,30.387077],[-93.757654,30.390423],[-93.751437,30.396288],[-93.745333,30.397022],[-93.739980621181,30.4025343526071],[-93.722314,30.420729],[-93.702665,30.429947],[-93.6978,30.440583],[-93.697828,30.443838],[-93.705845,30.457748],[-93.716678,30.494006],[-93.710117,30.5064],[-93.714322,30.518562],[-93.727721,30.525671],[-93.732793,30.52996],[-93.740253,30.539569],[-93.729195,30.544842],[-93.725847,30.556978],[-93.727746,30.566487],[-93.727844,30.57407],[-93.712454,30.588479],[-93.692869,30.594382],[-93.689534,30.592759],[-93.687282,30.591601],[-93.684329,30.592586],[-93.681235,30.596102],[-93.679828,30.599758],[-93.680813,30.602993],[-93.683397,30.608041],[-93.685121,30.625201],[-93.6831,30.640763],[-93.6710395965905,30.6571050074757],[-93.670354,30.658034],[-93.654971,30.670184],[-93.638213,30.673058],[-93.629904,30.67994],[-93.621093,30.695159],[-93.620774,30.704122],[-93.616184,30.71398],[-93.611192,30.718053],[-93.609544,30.723139],[-93.609719,30.729182],[-93.617688,30.738479],[-93.619129,30.742002],[-93.607757,30.757657],[-93.592828,30.763986],[-93.589896,30.77776],[-93.589381,30.786681],[-93.584265,30.796663],[-93.578395,30.802047],[-93.569303,30.802969],[-93.563243,30.806218],[-93.561666,30.807739],[-93.554057,30.824941],[-93.553626,30.83514],[-93.558172,30.839974],[-93.5586079008481,30.8688218201739],[-93.558617,30.869424],[-93.565428,30.87431],[-93.567451,30.878524],[-93.567788,30.888302],[-93.564248,30.895045],[-93.556493,30.901451],[-93.55565,30.911228],[-93.551942,30.918646],[-93.5499801677423,30.9203620578681],[-93.549244,30.921006],[-93.546884,30.921511],[-93.54503,30.920837],[-93.542489,30.920064],[-93.530936,30.924534],[-93.526147,30.930035],[-93.526245,30.939411],[-93.532549,30.950696],[-93.549841,30.967118],[-93.560533,30.971286],[-93.567972,30.977981],[-93.571906,30.987614],[-93.569764,30.996715],[-93.56798,31.001534],[-93.566017,31.004567],[-93.562626,31.005995],[-93.555581,31.003919],[-93.539526,31.008498],[-93.516943,31.023662],[-93.516407,31.02955],[-93.516943,31.032584],[-93.523248,31.037842],[-93.531219,31.051678],[-93.532069,31.055264],[-93.529256,31.057567],[-93.52533,31.060601],[-93.52301,31.065241],[-93.526044,31.070773],[-93.53104,31.074699],[-93.540129,31.078003],[-93.546644,31.082989],[-93.551034,31.091111],[-93.551693,31.097258],[-93.549717,31.10516],[-93.541375,31.113502],[-93.539619,31.121844],[-93.540278,31.128868],[-93.544702,31.135889],[-93.544888,31.143137],[-93.544888,31.148844],[-93.54401,31.153015],[-93.540253,31.156579],[-93.53683,31.15862],[-93.531744,31.180817],[-93.533307,31.184463],[-93.535097,31.185614],[-93.548931,31.186601],[-93.5525399494441,31.1856050930259],[-93.552649,31.185575],[-93.560943,31.182482],[-93.569563,31.177574],[-93.579215,31.167422],[-93.588503,31.165581],[-93.598828,31.174679],[-93.600308,31.176158],[-93.602443,31.182541],[-93.607288,31.205403],[-93.604319,31.215286],[-93.604319,31.220794],[-93.60526,31.224153],[-93.607409,31.227243],[-93.609828,31.229661],[-93.616007,31.23396],[-93.616308,31.244595],[-93.614288,31.251631],[-93.613942,31.259375],[-93.620343,31.271025],[-93.642516,31.269508],[-93.657004,31.281736],[-93.668928,31.297975],[-93.67544,31.30104],[-93.684039,31.301771],[-93.68688,31.305166],[-93.687851,31.309835],[-93.677277,31.330483],[-93.668439,31.353012],[-93.665825,31.355184],[-93.664665,31.357698],[-93.663698,31.360019],[-93.663892,31.361953],[-93.665052,31.363886],[-93.66892,31.3664],[-93.669693,31.371815],[-93.668146,31.375103],[-93.668533,31.379357],[-93.670182,31.387184],[-93.6716172752724,31.393239251628],[-93.671644,31.393352],[-93.674117,31.397681],[-93.695866,31.409392],[-93.701611,31.409334],[-93.704879,31.410881],[-93.7046979697245,31.418103297408],[-93.704678,31.4189],[-93.697603,31.428409],[-93.70093,31.437784],[-93.709416,31.442995],[-93.749476,31.46869],[-93.74987,31.475276],[-93.74987,31.478929],[-93.747841,31.480958],[-93.745608,31.481973],[-93.741885,31.483535],[-93.737168,31.484622],[-93.730998,31.492119],[-93.728766,31.496786],[-93.725925,31.504092],[-93.7266515585516,31.5108182658517],[-93.726736,31.5116],[-93.733433,31.513223],[-93.739318,31.51505],[-93.740332,31.517079],[-93.741111,31.520101],[-93.7414101445306,31.5217752553796],[-93.74155,31.522558],[-93.743376,31.525196],[-93.746826,31.526008],[-93.74987,31.526211],[-93.751899,31.525602],[-93.75386,31.525331],[-93.760062,31.523933],[-93.780835,31.525384],[-93.787687,31.527344],[-93.798087,31.534044],[-93.818582,31.554826],[-93.820764,31.558221],[-93.822958,31.56813],[-93.834924,31.586211],[-93.839383,31.599075],[-93.838057,31.606795],[-93.827852,31.616551],[-93.823977,31.614228],[-93.818717,31.614556],[-93.816838,31.622509],[-93.818037,31.647892],[-93.825661,31.661022],[-93.826462,31.666919],[-93.822051,31.673967],[-93.817425,31.672146],[-93.804479,31.685664],[-93.802452,31.693186],[-93.802694,31.697783],[-93.803419,31.700686],[-93.80727,31.704232],[-93.810304,31.705481],[-93.814587,31.707444],[-93.815836,31.711905],[-93.815657,31.719043],[-93.819048,31.728858],[-93.824579,31.734397],[-93.830647,31.745811],[-93.830112,31.754555],[-93.827343,31.75937],[-93.822598,31.773559],[-93.823443,31.775098],[-93.827451,31.777741],[-93.831197,31.780227],[-93.834649,31.783309],[-93.836868,31.788734],[-93.836868,31.794159],[-93.839951,31.798597],[-93.846188,31.802021],[-93.85339,31.805467],[-93.870917,31.816837],[-93.874761,31.821661],[-93.874822,31.840611],[-93.8792944619865,31.8439767742438],[-93.8804161785027,31.8448209277705],[-93.884117,31.847606],[-93.888149,31.856914],[-93.889197,31.867693],[-93.896981,31.873382],[-93.901888,31.880063],[-93.901173,31.885958],[-93.904766,31.890599],[-93.909557,31.893144],[-93.915949,31.892861],[-93.919588,31.890748],[-93.923929,31.88985],[-93.927672,31.891497],[-93.932463,31.895539],[-93.935008,31.903773],[-93.938002,31.906917],[-93.943541,31.908564],[-93.953546,31.910563],[-93.971712,31.920384],[-93.977461,31.926419],[-93.9815176675899,31.9327619059247],[-94.0127962602173,31.9816683460243],[-94.018664,31.990843],[-94.029283,31.995865],[-94.038412,31.992437],[-94.041833,31.992402],[-94.04272,31.999265],[-94.0427199978854,31.9992709999993],[-94.0427,32.056012],[-94.042337,32.119914],[-94.042752,32.125163],[-94.042681,32.137956],[-94.042591,32.158097],[-94.042539,32.166826],[-94.042566,32.166894],[-94.0426206400517,32.196064957593],[-94.042662,32.218146],[-94.0426713139795,32.2249949682951],[-94.042732,32.26962],[-94.042733,32.269696],[-94.042739,32.363559],[-94.042763,32.373332],[-94.0427633405262,32.3733787631245],[-94.042901,32.392283],[-94.042923,32.399918],[-94.042899,32.400659],[-94.042986,32.435507],[-94.042908,32.439891],[-94.0429044875304,32.4613135522125],[-94.042903,32.470386],[-94.042875,32.471348],[-94.042902,32.472906],[-94.042995,32.478004],[-94.042955,32.480261],[-94.043072,32.4843],[-94.043089,32.486561],[-94.042911,32.492852],[-94.042885,32.505145],[-94.043081,32.513613],[-94.0430844914233,32.5162395233847],[-94.043142,32.559502],[-94.0431416190152,32.5595327306181],[-94.043083,32.564261],[-94.042919,32.610142],[-94.042929,32.61826],[-94.042926,32.622015],[-94.042824,32.640305],[-94.04278,32.643466],[-94.042913,32.655127],[-94.0431469938267,32.6930300000381],[-94.043147,32.693031]]]]}},{"type":"Feature","properties":{"STATEFP":"11","STUSPS":"DC","NAME":"District of Columbia"},"geometry":{"type":"Polygon","coordinates":[[[-77.119759,38.934343],[-77.1125318000267,38.9400583563194],[-77.1124783010974,38.9401006639136],[-77.1045,38.94641],[-77.1012777506042,38.9485299009183],[-77.1007,38.94891],[-77.1005269696602,38.9490529381068],[-77.0915,38.95651],[-77.0913993874581,38.9565873505739],[-77.0913552852449,38.9566212562027],[-77.0858122682884,38.9608827084474],[-77.0822402534113,38.9636288611176],[-77.0774366982071,38.9673218177274],[-77.0716409840087,38.9717775427368],[-77.0692169540951,38.9736411285417],[-77.054299,38.98511],[-77.0522514077786,38.9867192739708],[-77.0516695578675,38.9871765700609],[-77.0466649079369,38.9911098985735],[-77.041018,38.995548],[-77.0367686215031,38.9920919468804],[-77.036299,38.99171],[-77.033707359689,38.9897319353213],[-77.0312349218127,38.9878448516806],[-77.0266962184868,38.9843806947534],[-77.0265907040259,38.9843001610361],[-77.0205367150986,38.9796794651736],[-77.0187064975833,38.9782825550368],[-77.0173231309697,38.977226703025],[-77.015598,38.97591],[-77.013798,38.97441],[-77.0085892746401,38.9703377238095],[-77.008298,38.97011],[-77.007774574197,38.9696858446079],[-77.0036926771936,38.9663781004845],[-77.0027175320294,38.9655878966445],[-77.0025892201687,38.9654839197919],[-77.002498,38.96541],[-76.9974927103214,38.9615411149971],[-76.9973644902135,38.9614420060775],[-76.9918925205442,38.9572123964546],[-76.987925151061,38.9541457814772],[-76.9859369495824,38.9526089827349],[-76.9778263031425,38.9463397834696],[-76.9737462088173,38.9431860367819],[-76.9681589175141,38.9388672882343],[-76.9634357898141,38.9352165029454],[-76.958798975852,38.9316324346594],[-76.9577186180641,38.9307973621038],[-76.9419210679896,38.9185864994984],[-76.9419204562069,38.9185860266153],[-76.935096,38.913311],[-76.9317202119366,38.9106239499284],[-76.9316342345874,38.9105555139254],[-76.9235202340126,38.9040969550894],[-76.923431541108,38.9040263575664],[-76.913396279496,38.896038518897],[-76.912854517188,38.8956072884935],[-76.909393,38.892852],[-76.910795,38.891712],[-76.9132625757576,38.889796],[-76.9133033917624,38.8897643075727],[-76.9185505215439,38.8856900656247],[-76.919295,38.885112],[-76.920195,38.884412],[-76.9239724376518,38.8814541745108],[-76.9240349501798,38.881405225682],[-76.9337188787997,38.8738224742119],[-76.9349713257387,38.8728417778189],[-76.9394901437423,38.8693034334956],[-76.9467461839551,38.8636217776562],[-76.949696,38.861312],[-76.953696,38.858512],[-76.9581401027746,38.8549465208544],[-76.9619414862434,38.8518966918631],[-76.9634722062731,38.8506686036257],[-76.9654382741178,38.8490912382373],[-76.9665705107146,38.8481828510603],[-76.972937771182,38.8430744331046],[-76.979497,38.837812],[-76.9849693143039,38.833832549621],[-76.9873306495444,38.8321153937896],[-76.9913437397798,38.8291970867314],[-76.992697,38.828213],[-76.9959473293181,38.8254079212734],[-76.999997,38.821913],[-77.001397,38.821513],[-77.0014810762983,38.821446228991],[-77.0014918209193,38.821437695918],[-77.0375797152565,38.792777714848],[-77.039006,38.791645],[-77.0389430537894,38.7969884338797],[-77.038898,38.800813],[-77.0387199366664,38.8016229009692],[-77.0379710580559,38.8050290907782],[-77.0372124445351,38.8084795587276],[-77.035798,38.814913],[-77.038098,38.815613],[-77.0387883445095,38.8196169981551],[-77.039098,38.821413],[-77.0388839758188,38.8229537600804],[-77.038098,38.828612],[-77.039199,38.832212],[-77.041199,38.833712],[-77.042599,38.833812],[-77.043499,38.833212],[-77.044899,38.834712],[-77.044999,38.838512],[-77.044487611898,38.8395986997167],[-77.044199,38.840212],[-77.041699,38.840212],[-77.032798,38.841712],[-77.031698,38.850512],[-77.0318917188571,38.8508637063844],[-77.039299,38.864312],[-77.038899,38.865812],[-77.039099,38.868112],[-77.040599,38.871212],[-77.0410926577838,38.8717239414054],[-77.043299,38.874012],[-77.045399,38.875212],[-77.046599,38.874912],[-77.045599,38.873012],[-77.046299,38.871312],[-77.049099,38.870712],[-77.051299,38.873212],[-77.051099,38.875212],[-77.054099,38.879112],[-77.055199,38.880012],[-77.058254,38.880069],[-77.063499,38.888611],[-77.0646579445255,38.8918438452555],[-77.067299,38.899211],[-77.068199,38.899811],[-77.0693711968326,38.9003662511312],[-77.070099,38.900711],[-77.0706217017928,38.9007628339105],[-77.0792973903799,38.9016231616772],[-77.0822,38.901911],[-77.0828392117323,38.902094773373],[-77.0902,38.904211],[-77.0937,38.905911],[-77.1010155931084,38.9109831445552],[-77.1012,38.911111],[-77.1034,38.912911],[-77.1054024360726,38.9171920702241],[-77.1063,38.919111],[-77.1134,38.925211],[-77.1166,38.928911],[-77.1168162618117,38.9294932433392],[-77.1179,38.932411],[-77.119759,38.934343]]]}},{"type":"Feature","properties":{"STATEFP":"24","STUSPS":"MD","NAME":"Maryland"},"geometry":{"type":"MultiPolygon","coordinates":[[[[-76.048617,38.014843],[-76.04335,38.029938],[-76.020827,38.039124],[-76.009581,38.038681],[-76.003002,38.026062],[-75.987883,38.022598],[-75.981926,38.005123],[-75.983059,37.989159],[-75.993799,37.976433],[-75.99009,37.960633],[-75.993905,37.953489],[-76.022274,37.953716],[-76.029463,37.953775],[-76.030122,37.953655],[-76.037933,37.953972],[-76.041527,37.954011],[-76.04653,37.953586],[-76.049608,37.983628],[-76.048617,38.014843]]],[[[-76.095548,38.125123],[-76.090649,38.131185],[-76.089017,38.141033],[-76.092334,38.151355],[-76.088639,38.192649],[-76.07147,38.203502],[-76.048786,38.203731],[-76.02217,38.177882],[-76.021941,38.171976],[-76.032816,38.169141],[-76.034038,38.157902],[-76.031868,38.148288],[-76.0314419397404,38.1476122164064],[-76.022515,38.133453],[-76.01779,38.131367],[-76.012487,38.131731],[-76.011916,38.122214],[-76.020496,38.117044],[-76.02137,38.107934],[-76.008168,38.095385],[-76.005904,38.07717],[-76.011544,38.072312],[-76.0233,38.07076],[-76.036676,38.076509],[-76.059304,38.095751],[-76.050156,38.107758],[-76.042083,38.109862],[-76.03962,38.11199],[-76.043423,38.117868],[-76.0483727775301,38.1205503002675],[-76.056811,38.125123],[-76.061,38.127002],[-76.085311,38.118561],[-76.085947,38.116658],[-76.090872,38.11446],[-76.095548,38.125123]]],[[[-76.392461,38.772452],[-76.378577,38.783702],[-76.368096,38.779841],[-76.370836,38.765642],[-76.362448,38.749783],[-76.369931,38.743617],[-76.381249,38.743797],[-76.39035,38.757004],[-76.392461,38.772452]]],[[[-79.486812,39.296367],[-79.486072,39.3443],[-79.484372,39.3443],[-79.4839977926821,39.3827330884798],[-79.4836435328231,39.4191174664811],[-79.4833325227411,39.4510598615843],[-79.4827608153671,39.5097772597699],[-79.482648,39.521364],[-79.482354,39.524682],[-79.482366,39.531689],[-79.478866,39.531689],[-79.4786222866335,39.5561472507613],[-79.477764,39.642282],[-79.476968,39.642986],[-79.476574,39.644206],[-79.4765963183779,39.6637021175458],[-79.476662,39.721078],[-79.3924584050224,39.7214393586401],[-79.2998922173208,39.7218366052388],[-79.208338268747,39.7222295078263],[-79.0874261389635,39.7227484006693],[-79.056531326389,39.7228809853583],[-79.045576,39.722928],[-78.931211,39.722832],[-78.9284160738903,39.7228359036597],[-78.9030150284663,39.7228713811762],[-78.8153741337877,39.722993788787],[-78.8083363526072,39.7230036184217],[-78.7425231501997,39.723095539401],[-78.723578,39.723122],[-78.7064484225665,39.7230679287049],[-78.6582132278942,39.7229156692895],[-78.6337736207472,39.7228385231243],[-78.575951,39.722656],[-78.546475,39.722967],[-78.537763,39.722589],[-78.461488,39.722976],[-78.438906,39.72259],[-78.3805616640433,39.7226311929318],[-78.3428342787621,39.7226578296496],[-78.342593,39.722658],[-78.340571,39.722633],[-78.339612,39.722672],[-78.337184,39.722581],[-78.330789,39.722809],[-78.269098,39.72274],[-78.269026,39.722717],[-78.243182,39.722611],[-78.240414,39.722628],[-78.204532,39.722654],[-78.202977,39.72255],[-78.0989702875771,39.7224665432781],[-78.075861,39.722448],[-78.073826,39.722462],[-78.0597090513282,39.7224566796489],[-77.8760179342536,39.7223874507199],[-77.874822,39.722387],[-77.8476033979211,39.7221693598753],[-77.7901995700963,39.721710358483],[-77.768644,39.721538],[-77.743315,39.721387],[-77.7327506130539,39.7212772453188],[-77.732727,39.721277],[-77.724228,39.721078],[-77.7240889611592,39.7210778850455],[-77.674638,39.721037],[-77.6743057171122,39.721026913102],[-77.672365,39.720968],[-77.66955148856,39.7209551073144],[-77.5432983019442,39.7203765624316],[-77.534883,39.720338],[-77.533496,39.72037],[-77.5065890692674,39.7203109255826],[-77.469274,39.720229],[-77.4691450037375,39.7202290022849],[-77.4591384980075,39.7202291795292],[-77.369521005912,39.7202307669157],[-77.293010005812,39.7202321221481],[-77.2446584736951,39.7202329785944],[-77.24345,39.720233],[-77.23995,39.720233],[-77.217560271462,39.7202359205264],[-77.2170240489139,39.7202359904715],[-77.216951,39.720236],[-77.1653679754658,39.7202745503819],[-77.1075322920432,39.7203177736652],[-77.059059,39.720354],[-77.058359,39.720455],[-77.04726,39.720256],[-77.0437873587417,39.7202440121641],[-76.9993180535053,39.7200905005584],[-76.991062,39.720062],[-76.9578215980919,39.7206166392893],[-76.936764,39.720968],[-76.9160024184255,39.7208105541057],[-76.897732,39.720672],[-76.890266,39.720673],[-76.8812490171186,39.7207075529518],[-76.809368,39.720983],[-76.806568,39.720883],[-76.8006463502184,39.7209449843121],[-76.78727,39.721085],[-76.7870972309155,39.7210857442465],[-76.7577647064583,39.7212121015037],[-76.715771,39.721393],[-76.712072,39.721394],[-76.7028772401382,39.7214014205408],[-76.6976582563422,39.7214056324705],[-76.6582165698506,39.721437463497],[-76.6097714644233,39.7214765606445],[-76.569576,39.721509],[-76.5694496713922,39.7215092560438],[-76.5515444330256,39.7215455465133],[-76.525897931889,39.7215975270315],[-76.517277,39.721615],[-76.492079,39.721618],[-76.4424425714211,39.7215555292216],[-76.41898,39.721526],[-76.41888,39.721626],[-76.4045477462578,39.721565193867],[-76.395781,39.721528],[-76.380782,39.72163],[-76.380282,39.72163],[-76.2396824239736,39.7216453245176],[-76.233485,39.721646],[-76.233279747657,39.7216465489498],[-76.1357639058503,39.7219073562293],[-76.1240338741063,39.7219387283388],[-76.02784,39.722196],[-76.0277158290095,39.7221967509998],[-76.01329,39.722284],[-75.998872,39.721942],[-75.998345631881,39.7219429769889],[-75.9622272344182,39.7220100161424],[-75.9371113315609,39.7220566336279],[-75.841725799574,39.7222336781752],[-75.8213623089928,39.7222714747351],[-75.8121525719633,39.722288568876],[-75.810304,39.722292],[-75.799799,39.722269],[-75.788596,39.722199],[-75.788632,39.700668],[-75.788632,39.700542],[-75.788632,39.700412],[-75.7887084437367,39.6951437767008],[-75.7887786121015,39.6903080291301],[-75.788895,39.682287],[-75.788853,39.681117],[-75.7888579097335,39.6784824603633],[-75.788895,39.65858],[-75.7886455758633,39.6542964653846],[-75.7886367295539,39.6541445415455],[-75.7877553095645,39.6390073014795],[-75.7877552425416,39.6390061504487],[-75.787686,39.637817],[-75.787126,39.630935],[-75.7864211340645,39.6216610375593],[-75.7852599215622,39.606382896584],[-75.7852458495869,39.6061977507801],[-75.7826673541835,39.5722723355783],[-75.7826599227837,39.5721745602153],[-75.78102,39.550598],[-75.779789684394,39.535520732667],[-75.7740758405336,39.4654987391519],[-75.7724560646571,39.445648715474],[-75.7700344831288,39.4159727267333],[-75.7669076051649,39.3776534737305],[-75.766895,39.377499],[-75.766050860439,39.3671580934806],[-75.7603347103811,39.2971339219648],[-75.7603074473469,39.2967999434366],[-75.7561787142483,39.2462219999418],[-75.756177,39.246201],[-75.7527982327343,39.1994201259263],[-75.75125,39.177984],[-75.749578,39.165033],[-75.747889,39.143517],[-75.7478730007744,39.1432793370846],[-75.746341,39.120522],[-75.746013,39.115137],[-75.74403,39.09487],[-75.7428242263586,39.0797586513905],[-75.739940013997,39.0436122828161],[-75.7388280106798,39.0296761100519],[-75.7330594248381,38.9573813536866],[-75.7311193289366,38.9330671171698],[-75.726041,38.869423],[-75.725777,38.868279],[-75.724273,38.847901],[-75.724214,38.846802],[-75.723093,38.833272],[-75.722821,38.830123],[-75.7228010232215,38.8298507048386],[-75.722239,38.82219],[-75.7206422135314,38.8018763061275],[-75.7206411412939,38.8018626655411],[-75.7177845673772,38.7655224477304],[-75.7130753987384,38.7056142433455],[-75.7075549587545,38.6353853617286],[-75.707551,38.635335],[-75.70679,38.626177],[-75.70644,38.621346],[-75.706065,38.616317],[-75.705979,38.614788],[-75.704185,38.592107],[-75.703649,38.585159],[-75.701768,38.560768],[-75.7017643841958,38.5607209762832],[-75.700382,38.542743],[-75.698979,38.522021],[-75.6989781669492,38.5220108192419],[-75.696889,38.496479],[-75.69657,38.492383],[-75.693721,38.460128],[-75.6915617206392,38.460033113793],[-75.665776,38.4589],[-75.663034,38.458759],[-75.630637,38.457904],[-75.598239,38.456855],[-75.5979396352279,38.4568279323352],[-75.593251,38.456404],[-75.589475,38.456286],[-75.583767,38.456424],[-75.574273,38.455991],[-75.560093,38.455578],[-75.55937,38.455562],[-75.5583963205321,38.4555388599569],[-75.5581388379563,38.4555327407379],[-75.533913,38.454957],[-75.522877,38.454656],[-75.521451,38.454656],[-75.503102,38.454219],[-75.500282,38.454143],[-75.479283,38.453698],[-75.4440985514992,38.4529808754078],[-75.428846,38.45267],[-75.424948,38.452609],[-75.410996,38.452399],[-75.394893,38.452159],[-75.39367,38.452113],[-75.371154,38.452106],[-75.355892,38.452007],[-75.341341,38.451969],[-75.3412457132725,38.4519684371695],[-75.3314753264848,38.4519107263894],[-75.260416,38.451491],[-75.252786,38.451396],[-75.1855551031586,38.4510125709051],[-75.185455,38.451012],[-75.1419651778294,38.4511958217238],[-75.141923,38.451196],[-75.0784883390349,38.4512664761048],[-75.069916,38.451276],[-75.066332,38.451291],[-75.0653520674143,38.4512897033893],[-75.053484,38.451274],[-75.052511,38.451273],[-75.048939,38.451263],[-75.0540262391028,38.4184704695273],[-75.054591,38.41483],[-75.06137,38.389466],[-75.0708856392738,38.3601736647313],[-75.072476,38.355278],[-75.085518,38.32427],[-75.0858036075409,38.3240499297131],[-75.087466,38.322769],[-75.093888,38.323432],[-75.102947,38.311525],[-75.1122246081787,38.2866137203288],[-75.116837,38.274229],[-75.1233359433414,38.2609922540021],[-75.143229,38.220475],[-75.15897,38.184242],[-75.177394,38.130014],[-75.193796,38.096013],[-75.216117,38.061786],[-75.242469,38.027028],[-75.254403,38.026326],[-75.283355,38.023772],[-75.3231659225932,38.0201461997272],[-75.375125,38.015414],[-75.448679,38.009329],[-75.4862300839808,38.0061382950582],[-75.5272787962799,38.0026503976315],[-75.5419798362911,38.0014012544367],[-75.563261,37.999593],[-75.624343,37.994208],[-75.624449,37.994195],[-75.625084,37.990577],[-75.626655,37.988892],[-75.630869,37.987818],[-75.632532,37.986693],[-75.633979,37.983553],[-75.638221,37.979397],[-75.641823,37.975967],[-75.644725,37.969779],[-75.648229,37.966775],[-75.6481846993491,37.9653707475848],[-75.647606,37.947027],[-75.655681,37.945433],[-75.665273,37.949493],[-75.66983,37.950564],[-75.665057,37.956282],[-75.663095,37.961195],[-75.671681,37.966576],[-75.685995,37.967607],[-75.71315,37.976623],[-75.722085,37.973416],[-75.722662,37.97131],[-75.727952,37.967256],[-75.737997,37.963526],[-75.750244,37.968873],[-75.759091,37.970663],[-75.783815,37.972594],[-75.829901,37.938556],[-75.832414,37.933313],[-75.860727,37.91831],[-75.885032,37.911717],[-75.892686,37.916848],[-75.898316,37.925114],[-75.894065,37.93079],[-75.890871,37.954847],[-75.8924406496201,37.95866521881],[-75.898956,37.974514],[-75.882768,38.002995],[-75.875297,38.011965],[-75.875399,38.028241],[-75.87319,38.034375],[-75.857507,38.038778],[-75.850531,38.036697],[-75.847154,38.033192],[-75.843673200168,38.0324135058112],[-75.838927,38.031352],[-75.830795,38.035954],[-75.829375,38.043152],[-75.82577,38.046609],[-75.813395,38.050805],[-75.8130601296337,38.0564512478564],[-75.812913,38.058932],[-75.819591,38.066814],[-75.844157,38.07249],[-75.858684,38.068104],[-75.859957,38.06008],[-75.871503,38.05887],[-75.874189,38.060288],[-75.880515,38.075011],[-75.86381,38.100968],[-75.842604,38.113111],[-75.837563,38.113753],[-75.827674,38.133438],[-75.8297690344996,38.13723659572],[-75.834096,38.145082],[-75.849919,38.144414],[-75.85954,38.140542],[-75.868636,38.134381],[-75.880621,38.13694],[-75.888031,38.142266],[-75.900355,38.14115],[-75.929659,38.127129],[-75.937278,38.11458],[-75.948733,38.115185],[-75.959616,38.137141],[-75.951273,38.161887],[-75.947534,38.168274],[-75.94728,38.170792],[-75.951972,38.176239],[-75.951566,38.178093],[-75.942375,38.187066],[-75.888073,38.203813],[-75.886217,38.203309],[-75.884603,38.199751],[-75.877751,38.198292],[-75.864104,38.200858],[-75.846377,38.210477],[-75.8494117773778,38.2201243148162],[-75.851396,38.226432],[-75.8646282601049,38.2383201947882],[-75.870318,38.243432],[-75.874653,38.244514],[-75.883435,38.244445],[-75.888513,38.241423],[-75.889356,38.2395],[-75.885676,38.231006],[-75.890669,38.228009],[-75.895689,38.228561],[-75.90004,38.232133],[-75.90845,38.246648],[-75.908272,38.252045],[-75.911143,38.257951],[-75.917297,38.263126],[-75.907672,38.272597],[-75.901373,38.286031],[-75.903156,38.297877],[-75.893055,38.309161],[-75.882478,38.329114],[-75.871649,38.332259],[-75.8618,38.34757],[-75.8647693776753,38.350458774595],[-75.870752,38.356279],[-75.889846,38.351671],[-75.914565,38.339275],[-75.92728,38.321376],[-75.940828,38.298436],[-75.938577,38.272329],[-75.951497,38.266949],[-75.95382,38.261024],[-75.941625,38.247675],[-75.943632,38.241304],[-75.956152,38.236222],[-75.965555,38.239309],[-75.963998,38.246939],[-75.967644,38.254671],[-75.984274,38.265155],[-75.985815,38.276466],[-75.990385,38.282915],[-76.013983,38.305677],[-76.014603,38.309822],[-76.010307,38.31217],[-75.981345,38.315147],[-75.96929,38.320164],[-75.964237,38.324285],[-75.961944,38.332572],[-75.961948,38.341431],[-75.973876,38.36585],[-75.999574,38.374297],[-76.006949,38.370216],[-76.011869,38.360582],[-76.012149,38.357077],[-76.010217,38.353211],[-76.016682,38.332429],[-76.033947,38.323211],[-76.041618,38.322137],[-76.045599,38.318246],[-76.04958,38.309594],[-76.05022,38.304101],[-76.030532,38.28796],[-76.027487,38.280108],[-76.038935,38.254932],[-76.044251,38.249373],[-76.044108,38.241682],[-76.035695,38.230556],[-76.04458,38.223845],[-76.05801,38.227079],[-76.069502,38.238455],[-76.074897,38.252181],[-76.09972,38.253647],[-76.1200587030707,38.24220124757],[-76.125717,38.239017],[-76.135513,38.232185],[-76.149787,38.234493],[-76.165489,38.242797],[-76.18254,38.26107],[-76.189277,38.272415],[-76.199744,38.286221],[-76.217613,38.305683],[-76.23011,38.319778],[-76.257667,38.324855],[-76.265548,38.34093],[-76.2609093840852,38.3473067543454],[-76.2520818500072,38.3594420587823],[-76.25,38.362304],[-76.270195,38.374591],[-76.282271,38.393118],[-76.280551,38.403143],[-76.28302,38.413512],[-76.301488,38.439767],[-76.320843,38.459862],[-76.331559,38.473548],[-76.33636,38.492235],[-76.327257,38.500121],[-76.318054,38.498199],[-76.289507,38.503906],[-76.283595,38.504157],[-76.281761,38.502165],[-76.263968,38.503452],[-76.26035,38.506255],[-76.2473,38.523818],[-76.2451708699335,38.53345773902],[-76.244396,38.536966],[-76.248885,38.539023],[-76.253624,38.539393],[-76.274057,38.531207],[-76.278106,38.532468],[-76.281047,38.53613],[-76.277461,38.541851],[-76.275913,38.548809],[-76.27964,38.557231],[-76.290043,38.569158],[-76.308321,38.571769],[-76.305172,38.575293],[-76.273496,38.59139],[-76.268633,38.597753],[-76.279589,38.60952],[-76.271827,38.615661],[-76.264155,38.615109],[-76.24651,38.626282],[-76.23665,38.628598],[-76.231187,38.61401],[-76.212427,38.606738],[-76.203065,38.610741],[-76.202598,38.613011],[-76.190902,38.621092],[-76.174969,38.628791],[-76.170066,38.629225],[-76.165435,38.6102],[-76.165911,38.598684],[-76.151079,38.594711],[-76.138697,38.601749],[-76.126931,38.591439],[-76.111126,38.584008],[-76.088903,38.590232],[-76.0804237316892,38.5843569973054],[-76.078445,38.582986],[-76.056816,38.568028],[-76.041046,38.557289],[-76.0396079423682,38.5582320388942],[-76.026512,38.56682],[-76.0291249890344,38.5722674448223],[-76.034712,38.583915],[-76.052775,38.602399],[-76.085219,38.624592],[-76.115285,38.623385],[-76.127644,38.635268],[-76.147158,38.63684],[-76.155611,38.658083],[-76.175159,38.673236],[-76.1802091485439,38.6731479146517],[-76.1849097370839,38.6730659263746],[-76.1880681792392,38.6730108364154],[-76.196716,38.67286],[-76.200334,38.670774],[-76.212808,38.681892],[-76.238725,38.712845],[-76.239841,38.719756],[-76.23704,38.724518],[-76.238685,38.735434],[-76.2416106058046,38.7356197923725],[-76.255093,38.736476],[-76.270277,38.724385],[-76.271596,38.713216],[-76.275015,38.712714],[-76.298499,38.718005],[-76.299171,38.719287],[-76.295957,38.724162],[-76.299401,38.727395],[-76.3088053142313,38.7297279459415],[-76.312756,38.730708],[-76.316146,38.729586],[-76.325546,38.717698],[-76.327841,38.703727],[-76.321865,38.689512],[-76.322418,38.679304],[-76.340504,38.674106],[-76.347998,38.686234],[-76.340543,38.730338],[-76.341302,38.751901],[-76.334619,38.772911],[-76.323768,38.779287],[-76.310081,38.796846],[-76.308922,38.813346],[-76.300889,38.82619],[-76.2978,38.828314],[-76.288455,38.827347],[-76.277411,38.831419],[-76.278151,38.835494],[-76.271575,38.851771],[-76.264221,38.851572],[-76.265808,38.847512],[-76.25642558607,38.8341017821102],[-76.250364,38.825438],[-76.245886,38.822232],[-76.219328,38.812371],[-76.2090034712398,38.8133790910809],[-76.198138,38.81444],[-76.19343,38.821787],[-76.19109,38.82966],[-76.197705,38.843712],[-76.1995439693042,38.8508168182562],[-76.202598,38.862616],[-76.200082,38.882885],[-76.205063,38.892726],[-76.203638,38.928382],[-76.2075439399135,38.9318209420015],[-76.213842,38.937366],[-76.232038,38.942518],[-76.2358885681008,38.9416996028613],[-76.250157,38.938667],[-76.250868,38.92825],[-76.248023,38.92379],[-76.249674,38.920907],[-76.256397,38.918829],[-76.262226,38.919976],[-76.264683,38.924576],[-76.264943,38.930297],[-76.273083,38.941927],[-76.295911,38.928663],[-76.299431,38.918542],[-76.293867,38.910121],[-76.293254,38.902568],[-76.308425,38.898404],[-76.3139411048685,38.9058816183199],[-76.317947,38.911312],[-76.324097,38.911174],[-76.336104,38.905977],[-76.3384006477777,38.8930393133324],[-76.338501,38.892474],[-76.335364,38.886021],[-76.33103,38.86432],[-76.334019,38.860238],[-76.340587,38.85574],[-76.35039,38.857399],[-76.361141,38.851992],[-76.368195,38.836125],[-76.375086,38.839474],[-76.376202,38.850461],[-76.364678,38.873831],[-76.3653871548107,38.8981781660834],[-76.365658,38.907477],[-76.361727,38.939175],[-76.353828,38.957234],[-76.3354316067429,38.9822562604101],[-76.322679,38.999602],[-76.322296,39.006375],[-76.323557,39.008961],[-76.320274,39.023013],[-76.311766,39.035257],[-76.301847,39.039651],[-76.301027,39.031595],[-76.302846,39.025828],[-76.293962,39.003948],[-76.2785655620133,38.9839075987963],[-76.277478,38.982492],[-76.258813,38.983664],[-76.2470632138278,38.9812437095385],[-76.229277,38.97758],[-76.218929,38.970538],[-76.20236,38.973079],[-76.1916552839393,38.980461158772],[-76.163988,38.999541],[-76.163616,39.010057],[-76.184207,39.046264],[-76.175284,39.058805],[-76.16906,39.062787],[-76.1644802039059,39.064010848481],[-76.15896,39.065486],[-76.150528,39.079421],[-76.142667,39.094195],[-76.1464595937218,39.1001037874409],[-76.147203,39.101262],[-76.1743717923353,39.1017225554443],[-76.174516,39.101725],[-76.203383,39.085626],[-76.210041,39.06441],[-76.212616,39.041158],[-76.209734,39.027751],[-76.204713,39.016426],[-76.214063,39.011399],[-76.231765,39.018518],[-76.242687,39.028926],[-76.240905,39.039798],[-76.237065,39.045521],[-76.231117,39.061017],[-76.231748,39.082826],[-76.233457,39.091385],[-76.252968,39.133626],[-76.260894,39.143402],[-76.278527,39.145764],[-76.274637,39.16549],[-76.2676807811631,39.1785046655601],[-76.266602,39.180523],[-76.255831,39.191595],[-76.251032,39.199214],[-76.232051,39.233341],[-76.219338,39.261997],[-76.211253,39.269812],[-76.203031,39.269871],[-76.185674,39.285367],[-76.181496,39.291797],[-76.1794028431531,39.295607958563],[-76.177704,39.298701],[-76.176778,39.306447],[-76.179092,39.310098],[-76.186024,39.312462],[-76.186647,39.315475],[-76.185581,39.319334],[-76.170422,39.332094],[-76.159673,39.335909],[-76.145524,39.334399],[-76.133225,39.340491],[-76.136971,39.344414],[-76.13495,39.35107],[-76.116356,39.360925],[-76.110527,39.372257],[-76.049846,39.370644],[-76.032923,39.367414],[-76.02299,39.361896],[-76.002408,39.367501],[-76.0024345007666,39.3718409339493],[-76.0024586510268,39.375795934049],[-76.0024625818479,39.3764396702885],[-76.002515,39.385024],[-76.035568,39.38618],[-76.039932,39.38808],[-76.040962,39.394237],[-76.035002,39.401994],[-76.016531,39.408465],[-76.00688,39.414527],[-75.997396,39.430314],[-75.982585,39.435287],[-75.976747,39.444627],[-75.976601,39.447808],[-75.9831757867982,39.4531241399074],[-75.990005,39.458646],[-75.998276,39.457182],[-76.002513,39.450204],[-76.009452,39.449201],[-76.012312,39.453115],[-76.002926,39.469642],[-75.99657,39.476658],[-75.994135,39.488743],[-75.986298,39.510398],[-75.976057,39.529968],[-75.966955,39.53865],[-75.967221,39.55014],[-75.970337,39.557637],[-75.9776212355885,39.5594211411261],[-75.992633,39.563098],[-75.999669,39.560488],[-76.006341,39.550352],[-76.0443260887362,39.5478787060718],[-76.063811,39.54661],[-76.0757143912201,39.5430317138944],[-76.096072,39.536912],[-76.1003188529184,39.5287226576365],[-76.117253,39.496068],[-76.1146025164028,39.4885989627392],[-76.113929,39.486701],[-76.104665,39.478792],[-76.098315,39.476116],[-76.083286,39.47786],[-76.071975,39.475047],[-76.060931,39.452208],[-76.060989,39.447722],[-76.081176,39.436712],[-76.083269,39.438321],[-76.102232,39.435659],[-76.11682,39.427614],[-76.121889,39.421226],[-76.146373,39.40531],[-76.158774,39.40631],[-76.171474,39.39221],[-76.180074,39.377609],[-76.190767,39.375924],[-76.197852,39.367598],[-76.224161,39.35278],[-76.239877,39.361408],[-76.250525,39.379291],[-76.241612,39.403997],[-76.224618,39.425665],[-76.2247760619232,39.4264223030743],[-76.231035,39.45641],[-76.2385846204492,39.4539165945401],[-76.251594,39.44962],[-76.2513871902937,39.4460334283016],[-76.2506821217976,39.4338058653],[-76.250525,39.431081],[-76.254803,39.411894],[-76.269064,39.403079],[-76.268826,39.38866],[-76.285701,39.367716],[-76.266925,39.356139],[-76.256586,39.338862],[-76.276078,39.322908],[-76.281747,39.29966],[-76.296609,39.301137],[-76.289623,39.317167],[-76.298778,39.329208],[-76.295678,39.350008],[-76.320759,39.358161],[-76.305904,39.364409],[-76.304003,39.381496],[-76.315293,39.389303],[-76.329197,39.38765],[-76.3448345250418,39.3912498728289],[-76.3465003677335,39.3916333620209],[-76.357124,39.394079],[-76.3578403919927,39.3898339001833],[-76.3582832939503,39.387209411024],[-76.359263,39.381404],[-76.3545776143578,39.3794575895812],[-76.341794,39.374147],[-76.343339,39.358712],[-76.335563,39.342279],[-76.347659,39.343051],[-76.3493551975717,39.3369031871336],[-76.350945,39.331141],[-76.329184,39.315036],[-76.336582,39.305111],[-76.36439,39.31184],[-76.380179,39.298593],[-76.380648944965,39.2939277696435],[-76.381621,39.284278],[-76.384901,39.275928],[-76.3658925787366,39.2658016418322],[-76.356609,39.260856],[-76.343826,39.257256],[-76.349994,39.248822],[-76.371477,39.237951],[-76.3825287083835,39.2350772431055],[-76.395509,39.231702],[-76.417681,39.219808],[-76.425281,39.205708],[-76.442482,39.195408],[-76.4502255528726,39.1992795920747],[-76.463483,39.205908],[-76.480083,39.205108],[-76.488883,39.202208],[-76.498384,39.204808],[-76.500984,39.209376],[-76.496048,39.219182],[-76.503178,39.232071],[-76.512567,39.22848],[-76.520886,39.241091],[-76.5213351835506,39.2411026047288],[-76.5295087321405,39.2413137696621],[-76.535943,39.24148],[-76.545301,39.253251],[-76.574845277974,39.2636400148909],[-76.577453,39.264557],[-76.586485,39.261337],[-76.5828489257829,39.2556216685724],[-76.578523,39.248822],[-76.559301,39.233349],[-76.5645,39.224614],[-76.55946110415,39.2204060181307],[-76.555349,39.216972],[-76.534285,39.213208],[-76.5342572352474,39.2069331659163],[-76.534185,39.190608],[-76.525785,39.177908],[-76.5147981230394,39.1725411559011],[-76.508384,39.169408],[-76.500926,39.161286],[-76.4952562359669,39.1623328753208],[-76.484023,39.164407],[-76.475983,39.161109],[-76.471483,39.154709],[-76.452782,39.143509],[-76.437219216156,39.1358893639119],[-76.428681,39.131709],[-76.432481,39.126709],[-76.432981,39.113209],[-76.42186,39.081442],[-76.423081,39.07421],[-76.4360308073551,39.0567044296611],[-76.438928,39.052788],[-76.4295872434137,39.0473853353121],[-76.405081,39.033211],[-76.39778,39.022611],[-76.39408,39.011311],[-76.4020632660673,39.004975750959],[-76.422181,38.989011],[-76.4317949567826,38.9867868756697],[-76.4445009217635,38.9838474360099],[-76.4448273595189,38.9837719168277],[-76.448981,38.982811],[-76.450481,38.977612],[-76.454581,38.974512],[-76.4707463464091,38.9729751507849],[-76.474198,38.972647],[-76.4748631126724,38.9674593156329],[-76.474882,38.967312],[-76.471281,38.956512],[-76.463081,38.948612],[-76.462085522696,38.9485744348187],[-76.457781,38.948412],[-76.45028,38.941113],[-76.46188,38.924013],[-76.45808,38.914313],[-76.459479,38.907113],[-76.46938,38.907613],[-76.46948,38.911513],[-76.475761,38.914469],[-76.4898419148159,38.9109674342642],[-76.492624,38.910276],[-76.49368,38.910013],[-76.49388,38.899614],[-76.49278,38.895614],[-76.49088,38.894514],[-76.48938,38.887414],[-76.49068,38.884814],[-76.5149295553136,38.8665361990945],[-76.519442,38.863135],[-76.5183446460111,38.857873148087],[-76.516944,38.851157],[-76.509285,38.848388],[-76.496579,38.853115],[-76.489878,38.842815],[-76.489878,38.838715],[-76.498878,38.817516],[-76.5082689213993,38.8038488554636],[-76.510078,38.801216],[-76.524679,38.795016],[-76.527479,38.791816],[-76.526979,38.787016],[-76.535379,38.778116],[-76.5568246887064,38.7687037012023],[-76.559884,38.767361],[-76.557535,38.744687],[-76.552743,38.73535],[-76.544475,38.727705],[-76.529868,38.728435],[-76.52718,38.727062],[-76.526655,38.72443],[-76.5292368779727,38.7135612681941],[-76.532537,38.699669],[-76.5324832355062,38.6914279474448],[-76.532398,38.678363],[-76.5266892940564,38.6545777038423],[-76.52462,38.645956],[-76.5242231323429,38.6452295474554],[-76.515554,38.629361],[-76.511278,38.615745],[-76.51634,38.590229],[-76.515106,38.555763],[-76.517506,38.539149],[-76.5171404617825,38.5370855367625],[-76.515706,38.528988],[-76.506023,38.50461],[-76.492699,38.482849],[-76.455799,38.451233],[-76.456002,38.447891],[-76.450937,38.442422],[-76.436271,38.433429],[-76.415384,38.414682],[-76.40271,38.396003],[-76.393378,38.389477],[-76.388348,38.387781],[-76.386229,38.382013],[-76.3868997368316,38.3640115688122],[-76.387002,38.361267],[-76.4020427086628,38.3443480893412],[-76.40494,38.341089],[-76.419221,38.322916],[-76.432944,38.324546],[-76.4512774353006,38.3211987121196],[-76.45184,38.321096],[-76.468239,38.328927],[-76.4708534704272,38.3239507071787],[-76.476321,38.313544],[-76.463842,38.299276],[-76.45279,38.293213],[-76.437579,38.292654],[-76.423912,38.300675],[-76.408938,38.304498],[-76.402894,38.311402],[-76.381493,38.30313],[-76.375023,38.299419],[-76.374481,38.296348],[-76.394171,38.278233],[-76.398852,38.266997],[-76.3990371112721,38.2639462238419],[-76.39932,38.259284],[-76.3879609896007,38.2257678179231],[-76.385244,38.217751],[-76.361877,38.192048],[-76.353516,38.178135],[-76.329705,38.155184],[-76.320136,38.138339],[-76.338535,38.119472],[-76.337402,38.11082],[-76.330794,38.099331],[-76.329308,38.07166],[-76.319476,38.043315],[-76.322093,38.036503],[-76.326994,38.045105],[-76.332812,38.049938],[-76.341404,38.053697],[-76.35275,38.053182],[-76.361237,38.059542],[-76.37179,38.079565],[-76.392335,38.102896],[-76.405368,38.106974],[-76.41316,38.106884],[-76.41655,38.104459],[-76.421214,38.106039],[-76.430425,38.119383],[-76.429581,38.126165],[-76.439841,38.138933],[-76.43544,38.146629],[-76.438886,38.160834],[-76.4462449343177,38.1590466253099],[-76.469666,38.153358],[-76.46099,38.135413],[-76.469798,38.119264],[-76.469738,38.115534],[-76.466404,38.111392],[-76.46533,38.10583],[-76.473266,38.103035],[-76.476222,38.104709],[-76.481036,38.115873],[-76.499842,38.137189],[-76.508825,38.140713],[-76.514824,38.141219],[-76.522418,38.139391],[-76.529868,38.134083],[-76.54038,38.152991],[-76.545335,38.165373],[-76.547333,38.175673],[-76.552957,38.187209],[-76.566297,38.198492],[-76.5905683553604,38.2141676658285],[-76.590637,38.214212],[-76.632544,38.225657],[-76.643929,38.22508],[-76.673462,38.234401],[-76.716376,38.233231],[-76.7265450669927,38.2340881923526],[-76.740055,38.235227],[-76.752286,38.222121],[-76.778625,38.22847],[-76.79947,38.237465],[-76.807535,38.265888],[-76.802347,38.280743],[-76.818431,38.295918],[-76.8202863778242,38.3001581984199],[-76.825205,38.311399],[-76.832692,38.330139],[-76.837789,38.33743],[-76.832745,38.347682],[-76.838828,38.357519],[-76.8475807469518,38.357631715191],[-76.854747,38.357724],[-76.869998,38.338443],[-76.869889,38.331817],[-76.857617,38.322545],[-76.846715,38.300301],[-76.840383,38.289184],[-76.834803,38.274012],[-76.837412,38.260551],[-76.840345,38.256339],[-76.847918,38.255917],[-76.864292,38.268945],[-76.886535,38.277004],[-76.908506,38.28843],[-76.923884,38.293596],[-76.924553,38.3161],[-76.929554,38.321088],[-76.942132,38.329601],[-76.953928,38.333282],[-76.975492,38.347327],[-76.983582,38.362999],[-76.98828,38.394975],[-76.991315911902,38.3991934592454],[-76.998585,38.409294],[-77.001638,38.421952],[-77.016371,38.445572],[-77.0284583117764,38.4450968157813],[-77.040638,38.444618],[-77.044188,38.443016],[-77.075489,38.42471],[-77.086393,38.414755],[-77.091073,38.407546],[-77.106571,38.406237],[-77.110586,38.40921],[-77.1131779898723,38.4095021812903],[-77.123325,38.410646],[-77.127737,38.400833],[-77.136728,38.391799],[-77.18668,38.365636],[-77.207312,38.359867],[-77.216729,38.363159],[-77.250172,38.382781],[-77.264238,38.414282],[-77.259962,38.427902],[-77.259962,38.435821],[-77.27422,38.48177],[-77.263599,38.512344],[-77.2488284866032,38.5349070652183],[-77.237724,38.55187],[-77.221117,38.555217],[-77.183767,38.600699],[-77.169671,38.60687],[-77.160762469877,38.6063317586462],[-77.148651,38.6056],[-77.1301568211307,38.6138834866669],[-77.129084,38.614364],[-77.12463,38.619778],[-77.110539,38.62682],[-77.106142,38.634247],[-77.1065005626297,38.6342584761503],[-77.1142732222393,38.6345072477814],[-77.1302,38.635017],[-77.132201,38.641217],[-77.131901,38.644217],[-77.135901,38.649817],[-77.1344628993383,38.6599678758177],[-77.132501,38.673816],[-77.1225521415929,38.6851861238938],[-77.122001,38.685816],[-77.1059,38.696815],[-77.1027,38.698315],[-77.099,38.698615],[-77.0951676153846,38.7011699230769],[-77.0918,38.703415],[-77.0863289190155,38.70612807975],[-77.079499,38.709515],[-77.073714031001,38.7112534298651],[-77.072807,38.711526],[-77.071861,38.710581],[-77.065322,38.709564],[-77.0621909521188,38.7096546539476],[-77.059725183957,38.7097260458988],[-77.053199,38.709915],[-77.0485241794801,38.712585979131],[-77.045498,38.714315],[-77.042298,38.718515],[-77.041398,38.724515],[-77.0413126345888,38.7273745278629],[-77.0412793492709,38.7284895027976],[-77.0412397340543,38.7298165135175],[-77.040998,38.737914],[-77.041898,38.741514],[-77.0417671402927,38.7467155097909],[-77.0414383309299,38.7597852709485],[-77.04140688254,38.7610353051364],[-77.041098,38.773313],[-77.040372554527,38.785355394851],[-77.040098,38.789913],[-77.039498,38.791113],[-77.039006,38.791645],[-77.0375797152565,38.792777714848],[-77.0014918209193,38.821437695918],[-77.0014810762983,38.821446228991],[-77.001397,38.821513],[-76.999997,38.821913],[-76.9959473293181,38.8254079212734],[-76.992697,38.828213],[-76.9913437397798,38.8291970867314],[-76.9873306495444,38.8321153937896],[-76.9849693143039,38.833832549621],[-76.979497,38.837812],[-76.972937771182,38.8430744331046],[-76.9665705107146,38.8481828510603],[-76.9654382741178,38.8490912382373],[-76.9634722062731,38.8506686036257],[-76.9619414862434,38.8518966918631],[-76.9581401027746,38.8549465208544],[-76.953696,38.858512],[-76.949696,38.861312],[-76.9467461839551,38.8636217776562],[-76.9394901437423,38.8693034334956],[-76.9349713257387,38.8728417778189],[-76.9337188787997,38.8738224742119],[-76.9240349501798,38.881405225682],[-76.9239724376518,38.8814541745108],[-76.920195,38.884412],[-76.919295,38.885112],[-76.9185505215439,38.8856900656247],[-76.9133033917624,38.8897643075727],[-76.9132625757576,38.889796],[-76.910795,38.891712],[-76.909393,38.892852],[-76.912854517188,38.8956072884935],[-76.913396279496,38.896038518897],[-76.923431541108,38.9040263575664],[-76.9235202340126,38.9040969550894],[-76.9316342345874,38.9105555139254],[-76.9317202119366,38.9106239499284],[-76.935096,38.913311],[-76.9419204562069,38.9185860266153],[-76.9419210679896,38.9185864994984],[-76.9577186180641,38.9307973621038],[-76.958798975852,38.9316324346594],[-76.9634357898141,38.9352165029454],[-76.9681589175141,38.9388672882343],[-76.9737462088173,38.9431860367819],[-76.9778263031425,38.9463397834696],[-76.9859369495824,38.9526089827349],[-76.987925151061,38.9541457814772],[-76.9918925205442,38.9572123964546],[-76.9973644902135,38.9614420060775],[-76.9974927103214,38.9615411149971],[-77.002498,38.96541],[-77.0025892201687,38.9654839197919],[-77.0027175320294,38.9655878966445],[-77.0036926771936,38.9663781004845],[-77.007774574197,38.9696858446079],[-77.008298,38.97011],[-77.0085892746401,38.9703377238095],[-77.013798,38.97441],[-77.015598,38.97591],[-77.0173231309697,38.977226703025],[-77.0187064975833,38.9782825550368],[-77.0205367150986,38.9796794651736],[-77.0265907040259,38.9843001610361],[-77.0266962184868,38.9843806947534],[-77.0312349218127,38.9878448516806],[-77.033707359689,38.9897319353213],[-77.036299,38.99171],[-77.0367686215031,38.9920919468804],[-77.041018,38.995548],[-77.0466649079369,38.9911098985735],[-77.0516695578675,38.9871765700609],[-77.0522514077786,38.9867192739708],[-77.054299,38.98511],[-77.0692169540951,38.9736411285417],[-77.0716409840087,38.9717775427368],[-77.0774366982071,38.9673218177274],[-77.0822402534113,38.9636288611176],[-77.0858122682884,38.9608827084474],[-77.0913552852449,38.9566212562027],[-77.0913993874581,38.9565873505739],[-77.0915,38.95651],[-77.1005269696602,38.9490529381068],[-77.1007,38.94891],[-77.1012777506042,38.9485299009183],[-77.1045,38.94641],[-77.1124783010974,38.9401006639136],[-77.1125318000267,38.9400583563194],[-77.119759,38.934343],[-77.1197966910841,38.9343702373596],[-77.127601,38.94001],[-77.131901,38.94741],[-77.137701,38.95531],[-77.146601,38.96421],[-77.148179,38.965002],[-77.151084,38.965832],[-77.165301,38.96801],[-77.166901,38.96811],[-77.168001,38.96741],[-77.171901,38.96751],[-77.1796039928508,38.9684120710482],[-77.1798557763067,38.9684415565443],[-77.183002,38.96881],[-77.188302,38.96751],[-77.197502,38.96681],[-77.202502,38.96791],[-77.203602,38.96891],[-77.209302,38.97041],[-77.211502,38.96941],[-77.221502,38.97131],[-77.224969,38.973349],[-77.228395,38.978404],[-77.229992,38.979858],[-77.231601,38.979917],[-77.232268,38.979502],[-77.234803,38.97631],[-77.249803,38.985909],[-77.248303,38.992309],[-77.249203,38.993709],[-77.253003,38.995709],[-77.255703,39.002409],[-77.251803,39.011409],[-77.246903,39.014809],[-77.244603,39.020109],[-77.246003,39.024909],[-77.2483830315804,39.0268923596504],[-77.248403,39.026909],[-77.255303,39.030009],[-77.266004,39.031909],[-77.274706,39.034091],[-77.293105,39.046508],[-77.301005,39.049508],[-77.3084577592187,39.0514288142316],[-77.310705,39.052008],[-77.314905,39.052208],[-77.324206,39.056508],[-77.328281093199,39.0577948715365],[-77.333706,39.059508],[-77.3337299212557,39.059624537433],[-77.33401,39.060989],[-77.335511,39.061771],[-77.340287,39.062991],[-77.3421002787855,39.0628357931766],[-77.350311,39.062133],[-77.359702,39.062004],[-77.3668224561035,39.0611697776611],[-77.367529,39.061087],[-77.375079,39.061297],[-77.3784960318384,39.0623236723221],[-77.380108,39.062808],[-77.38568,39.061987],[-77.399204,39.064784],[-77.4019135386037,39.064639196304],[-77.404593,39.064496],[-77.41543,39.066435],[-77.4207106867182,39.0667368508666],[-77.42318,39.066878],[-77.4374,39.070611],[-77.4436083499535,39.0713583200145],[-77.452827,39.072468],[-77.458202,39.073723],[-77.46145,39.075151],[-77.462617,39.076248],[-77.4649653848213,39.0797361737039],[-77.4686982662398,39.0852808096111],[-77.469443,39.086387],[-77.472414,39.092524],[-77.47701,39.100331],[-77.4775532767993,39.1010089188358],[-77.481279,39.105658],[-77.4858,39.109303],[-77.494955,39.113038],[-77.499711,39.11395],[-77.5020761733592,39.1146532333628],[-77.51532,39.118591],[-77.519929,39.120925],[-77.524559,39.127821],[-77.526728,39.137315],[-77.527282,39.146236],[-77.524872,39.148455],[-77.5244156331222,39.1500306535325],[-77.521222,39.161057],[-77.516426,39.170891],[-77.510631,39.178484],[-77.505162,39.18205],[-77.485971,39.185665],[-77.478596,39.189168],[-77.477362,39.190495],[-77.475013,39.194934],[-77.475929,39.202024],[-77.47361,39.208407],[-77.470113,39.21184],[-77.459883,39.218682],[-77.4589223494682,39.2203363986735],[-77.457943,39.222023],[-77.45768,39.22502],[-77.45812,39.22614],[-77.46021,39.228359],[-77.471213,39.234509],[-77.4802430566701,39.2412434231264],[-77.480807,39.241664],[-77.484664,39.246123],[-77.486813,39.247586],[-77.496606,39.251045],[-77.508427,39.25263],[-77.519634,39.257232],[-77.520986,39.258491],[-77.522486,39.259086],[-77.534461,39.262361],[-77.540581,39.264947],[-77.543228,39.266937],[-77.544258,39.26966],[-77.545846,39.271535],[-77.5465552833747,39.2721270228168],[-77.551054,39.275882],[-77.5512682504984,39.276234161256],[-77.553114,39.279268],[-77.560854,39.286152],[-77.562768,39.294501],[-77.561826,39.301913],[-77.56321,39.303903],[-77.5658310251171,39.3056199030448],[-77.566596,39.306121],[-77.570041,39.30635],[-77.578491,39.305228],[-77.5830918701483,39.30368257225],[-77.588235,39.301955],[-77.592739,39.30129],[-77.598892,39.301883],[-77.6059,39.303688],[-77.615939,39.302722],[-77.6316568943776,39.3066666754067],[-77.6316976325714,39.3066768993558],[-77.636101,39.307782],[-77.640282,39.308241],[-77.650997,39.310784],[-77.66613,39.317008],[-77.671341,39.321675],[-77.675846,39.324192],[-77.6771230127463,39.3240773739412],[-77.681706,39.323666],[-77.687124,39.319914],[-77.692984,39.31845],[-77.697461,39.318633],[-77.707709,39.321559],[-77.715865,39.320641],[-77.719519,39.321314],[-77.72607,39.321651],[-77.7274114404355,39.3225310029771],[-77.733204,39.326331],[-77.753078,39.333356],[-77.7541975637207,39.3338585300376],[-77.757605,39.335388],[-77.760234,39.338622],[-77.761068,39.342534],[-77.758673,39.345487],[-77.750387,39.34945],[-77.74593,39.353221],[-77.743874,39.359947],[-77.7441079260744,39.3644453117717],[-77.744144,39.365139],[-77.753274,39.37832],[-77.753804,39.379624],[-77.753389,39.382094],[-77.752209,39.383328],[-77.749715,39.384171],[-77.740765,39.385409],[-77.738084,39.386211],[-77.7369005124103,39.38723776088],[-77.736317,39.387744],[-77.735905,39.389665],[-77.736409,39.392684],[-77.740012,39.401694],[-77.747478,39.41093],[-77.75268,39.420174],[-77.75309,39.423262],[-77.754681,39.424658],[-77.75872,39.42681],[-77.763319,39.428436],[-77.77485,39.427845],[-77.787748,39.429151],[-77.79551,39.433007],[-77.7966733344758,39.4340728483465],[-77.799806,39.436943],[-77.797512,39.440506],[-77.792961,39.442106],[-77.789284,39.445248],[-77.789519,39.449631],[-77.796173,39.454138],[-77.798948,39.457969],[-77.796512,39.461576],[-77.787554,39.461179],[-77.783911,39.461492],[-77.782452,39.463363],[-77.782915,39.465405],[-77.789645,39.467827],[-77.795634,39.471259],[-77.798201,39.475719],[-77.795165,39.480993],[-77.78144,39.486297],[-77.771723,39.489207],[-77.767087,39.491333],[-77.765551,39.493025],[-77.765993,39.495724],[-77.7689436314396,39.4977258102747],[-77.77095,39.499087],[-77.774374,39.4995],[-77.781608,39.499067],[-77.784442,39.498061],[-77.788679,39.495404],[-77.794369,39.490993],[-77.807821,39.490241],[-77.824796,39.493633],[-77.8254783443237,39.4937667603949],[-77.839156,39.496448],[-77.846668,39.499574],[-77.847789,39.502314],[-77.845103,39.505845],[-77.829045,39.514425],[-77.825141,39.517885],[-77.823555,39.524077],[-77.823762,39.525907],[-77.825357,39.529177],[-77.827188,39.530458],[-77.833509,39.532628],[-77.836935,39.53217],[-77.839061,39.531117],[-77.840536,39.529196],[-77.841118,39.519548],[-77.849437,39.515595],[-77.860195,39.514325],[-77.86368,39.515032],[-77.8649397818319,39.5163827204063],[-77.866132,39.517661],[-77.866138,39.524727],[-77.865078,39.528226],[-77.864315,39.534813],[-77.864434,39.536483],[-77.865351,39.538381],[-77.87153,39.544278],[-77.886436,39.551947],[-77.888945,39.55595],[-77.888648,39.558054],[-77.887968,39.559198],[-77.886135,39.560432],[-77.878451,39.563493],[-77.872723,39.563895],[-77.865734,39.563547],[-77.855847,39.564607],[-77.842174,39.564333],[-77.83633,39.56637],[-77.833217,39.571016],[-77.8323034422807,39.5748176271678],[-77.830775,39.581178],[-77.830232882763,39.5846247599567],[-77.829814,39.587288],[-77.829753,39.59105],[-77.8316472181131,39.6002958073435],[-77.831813,39.601105],[-77.833568,39.602936],[-77.838008,39.606125],[-77.842785,39.607255],[-77.853436,39.607117],[-77.8578,39.60788],[-77.8626503084867,39.6093325512501],[-77.868679,39.611138],[-77.874718,39.614293],[-77.885124,39.615775],[-77.887017,39.614518],[-77.886959,39.613329],[-77.881936,39.608112],[-77.88111,39.606214],[-77.881549,39.60009],[-77.883998,39.598252],[-77.890327,39.597547],[-77.903401,39.600745],[-77.9093619341442,39.6018449816994],[-77.914624,39.602816],[-77.922834,39.604886],[-77.925988,39.607642],[-77.928738,39.613908],[-77.932862,39.617676],[-77.937492,39.61915],[-77.94194,39.61879],[-77.944399,39.617147],[-77.944647,39.615248],[-77.935506,39.608476],[-77.9359058990795,39.6020184389106],[-77.936371,39.594508],[-77.93905,39.587139],[-77.946182,39.584814],[-77.951281,39.590406],[-77.950789,39.604616],[-77.95504,39.608078],[-77.962092,39.608702],[-77.96823,39.606543],[-77.973179,39.601317],[-77.976363,39.599861],[-77.991437,39.600194],[-77.9916408570085,39.6001995020619],[-78.00233,39.600488],[-78.006734,39.601337],[-78.009985,39.602893],[-78.011343,39.604083],[-78.0224018601498,39.6196004669544],[-78.023896,39.621697],[-78.03014,39.627462],[-78.035992,39.63572],[-78.03886,39.638121],[-78.047672,39.643107],[-78.04995,39.645349],[-78.051932,39.648207],[-78.068291,39.66106],[-78.074595,39.666686],[-78.077525,39.66888],[-78.08226,39.671166],[-78.0856799338741,39.6711903046469],[-78.088592,39.671211],[-78.089835,39.671668],[-78.097118,39.678161],[-78.0998487180141,39.6794172839965],[-78.101737,39.680286],[-78.107834,39.682137],[-78.11183,39.682593],[-78.123939,39.685652],[-78.132706,39.686977],[-78.135221,39.688305],[-78.143478,39.690412],[-78.154164,39.690531],[-78.162126,39.693643],[-78.171361,39.695612],[-78.176625,39.695967],[-78.182759,39.69511],[-78.1863281930855,39.6930372342982],[-78.191107,39.690262],[-78.192439,39.689118],[-78.196701,39.682074],[-78.201081,39.677866],[-78.202945,39.676653],[-78.206763,39.67599],[-78.227333,39.676121],[-78.231564,39.674382],[-78.233138,39.672875],[-78.233012,39.670471],[-78.223864,39.662607],[-78.223597,39.661097],[-78.225075,39.658878],[-78.227677,39.656796],[-78.238059,39.652081],[-78.246722,39.644758],[-78.254077,39.640089],[-78.262189,39.630464],[-78.263344,39.626417],[-78.263371,39.621675],[-78.265088,39.619274],[-78.266833,39.618818],[-78.271122,39.619642],[-78.2826727148698,39.6204445502989],[-78.283039,39.62047],[-78.308152,39.629606],[-78.313033,39.631001],[-78.331934,39.636054],[-78.333880268313,39.6364859193412],[-78.351905,39.640486],[-78.355218,39.640576],[-78.358264,39.63966],[-78.359506,39.638081],[-78.358735,39.635589],[-78.355567,39.633463],[-78.353673,39.630787],[-78.353465,39.628912],[-78.353878,39.627722],[-78.35577,39.626258],[-78.358343,39.625581],[-78.362485,39.626049],[-78.366212,39.627534],[-78.367959,39.628929],[-78.373166,39.630459],[-78.380504,39.629359],[-78.382487,39.628216],[-78.383447,39.625091],[-78.383461,39.623321],[-78.382959,39.622246],[-78.379118,39.618127],[-78.372404,39.612297],[-78.372255,39.6112],[-78.3732,39.60953],[-78.374732,39.608635],[-78.378181,39.608178],[-78.383591,39.608912],[-78.390774,39.612117],[-78.395828,39.616076],[-78.41286,39.621091],[-78.420549,39.624021],[-78.425902,39.624548],[-78.43025,39.62329],[-78.433297,39.620569],[-78.433623,39.618259],[-78.433002,39.61652],[-78.431524,39.614484],[-78.425581,39.607599],[-78.420644,39.603183],[-78.41287,39.598311],[-78.402702,39.593596],[-78.397471,39.590232],[-78.395463,39.587372],[-78.395317,39.584215],[-78.397446,39.581952],[-78.400936,39.580214],[-78.408031,39.578593],[-78.41867,39.581111],[-78.420059,39.581706],[-78.422985,39.584109],[-78.428246,39.586717],[-78.443175,39.591155],[-78.445983,39.591223],[-78.451186,39.590193],[-78.454527,39.588958],[-78.457187,39.587379],[-78.458052,39.585241],[-78.458338,39.580426],[-78.454376,39.574319],[-78.450207,39.570889],[-78.438179,39.563524],[-78.426537,39.559155],[-78.423287,39.556319],[-78.420019,39.551745],[-78.418777,39.548953],[-78.419398,39.547401],[-78.421105,39.54678],[-78.424053,39.546315],[-78.426953,39.546598],[-78.430414,39.549418],[-78.433828,39.548953],[-78.434759,39.54678],[-78.434759,39.543988],[-78.435107,39.541658],[-78.436378,39.539302],[-78.438357,39.538753],[-78.441961,39.541223],[-78.445309,39.543367],[-78.447171,39.543367],[-78.449499,39.542281],[-78.449964,39.54104],[-78.449654,39.539643],[-78.449499,39.538092],[-78.45105,39.536695],[-78.459274,39.535919],[-78.461291,39.534678],[-78.461911,39.532971],[-78.461071,39.529304],[-78.460951,39.525987],[-78.462899,39.52084],[-78.468639,39.516789],[-78.471166,39.516103],[-78.474178,39.51624],[-78.480677,39.51896],[-78.484044,39.519507],[-78.485697,39.519392],[-78.489742,39.517789],[-78.499017,39.518906],[-78.5032,39.518652],[-78.513622,39.522545],[-78.521388,39.52479],[-78.5233115534705,39.5247497409554],[-78.527886,39.524654],[-78.546584,39.520998],[-78.550128,39.520702],[-78.552756,39.521388],[-78.557127,39.521526],[-78.565929,39.519444],[-78.567937,39.519902],[-78.572692,39.522372],[-78.578956,39.526695],[-78.587079,39.52802],[-78.590654,39.530192],[-78.592131,39.531816],[-78.593114,39.534401],[-78.593871,39.535158],[-78.595603,39.535483],[-78.597659,39.53505],[-78.600511,39.533434],[-78.605868,39.534304],[-78.606873,39.535082],[-78.6133456956481,39.5372074258675],[-78.614526,39.537595],[-78.623037,39.539512],[-78.628566,39.53919],[-78.628744,39.537863],[-78.630842,39.537109],[-78.655984,39.534695],[-78.6574165631331,39.5350677240827],[-78.66399,39.536778],[-78.668745,39.540164],[-78.675629,39.540371],[-78.682423,39.543848],[-78.689455,39.54577],[-78.691494,39.547646],[-78.691996,39.55078],[-78.692824,39.55197],[-78.694626,39.553251],[-78.707098,39.555857],[-78.708664,39.556795],[-78.713335,39.562032],[-78.714784,39.562558],[-78.72501,39.563973],[-78.726342,39.567587],[-78.731992,39.575364],[-78.733149,39.58369],[-78.733979,39.586618],[-78.738502,39.586319],[-78.740246,39.585655],[-78.743318,39.580712],[-78.746421,39.579544],[-78.756747,39.58069],[-78.760196,39.582154],[-78.76749,39.587487],[-78.768314,39.589394],[-78.768481,39.591583],[-78.770511,39.594994],[-78.772128,39.596497],[-78.774281,39.597328],[-78.7755640402933,39.5986695416124],[-78.778141,39.601364],[-78.778096,39.602097],[-78.77686,39.604027],[-78.768115,39.608704],[-78.760497,39.609984],[-78.751514,39.609947],[-78.74935,39.608572],[-78.749222,39.606536],[-78.747063,39.60569],[-78.73905,39.609697],[-78.733759,39.613931],[-78.733553,39.615533],[-78.736189,39.621708],[-78.7401023277606,39.6236848417024],[-78.74288,39.625088],[-78.748499,39.626262],[-78.756686,39.622971],[-78.763171,39.618897],[-78.769565,39.619431],[-78.777516,39.621712],[-78.778477,39.62265],[-78.778477,39.624405],[-78.77264,39.636887],[-78.77114,39.638387],[-78.76814,39.639287],[-78.76534,39.643987],[-78.76504,39.646087],[-78.7654294,39.6472552],[-78.76584,39.648487],[-78.7680102787007,39.6478406027697],[-78.775241,39.645687],[-78.790941,39.638287],[-78.7955996666667,39.6373552666667],[-78.795941,39.637287],[-78.801741,39.627488],[-78.795964,39.614205],[-78.7959451590799,39.6140945150744],[-78.795368,39.61071],[-78.795857,39.606934],[-78.79784,39.604897],[-78.800434,39.605232],[-78.801792,39.606812],[-78.809347,39.608063],[-78.812154,39.60054],[-78.8121575644165,39.6003750434805],[-78.812215,39.597717],[-78.818899,39.59037],[-78.824788,39.590233],[-78.826009,39.588829],[-78.82636,39.577333],[-78.820104,39.576287],[-78.815114,39.571351],[-78.813512,39.56772],[-78.816764,39.561691],[-78.821404,39.560616],[-78.826407,39.562589],[-78.830298,39.565355],[-78.838553,39.5673],[-78.851196,39.559924],[-78.851016,39.554044],[-78.851931,39.551848],[-78.868908,39.532487],[-78.868966,39.531366],[-78.874744,39.522611],[-78.87681,39.52125],[-78.879084,39.521205],[-78.885996,39.522581],[-78.891197,39.5189],[-78.895307,39.512085],[-78.908719,39.496699],[-78.916488,39.486544],[-78.9170670881848,39.48630382195],[-78.918142,39.485858],[-78.926999,39.487003],[-78.933613,39.48618],[-78.938751,39.483732],[-78.9402353527757,39.4825816475524],[-78.942293,39.480987],[-78.942618,39.479614],[-78.941526,39.476869],[-78.939164,39.475267],[-78.938869,39.4741],[-78.941969,39.469959],[-78.946603,39.46614],[-78.953333,39.463645],[-78.955483,39.442277],[-78.956751,39.440264],[-78.965484,39.438455],[-78.967461,39.439804],[-78.970118,39.443327],[-78.9729844131432,39.4450883891513],[-78.978826,39.448678],[-78.99695,39.454961],[-79.0046766329296,39.458538395196],[-79.010097,39.461048],[-79.017147,39.466977],[-79.020542,39.467002],[-79.028159,39.46506],[-79.030343,39.465403],[-79.033884,39.467761],[-79.035712,39.471331],[-79.035623,39.473344],[-79.036915,39.476795],[-79.046276,39.483801],[-79.050528,39.483299],[-79.052447,39.482315],[-79.05388,39.480094],[-79.054989,39.473096],[-79.056583,39.471014],[-79.062605,39.4727645],[-79.068627,39.474515],[-79.08327,39.471379],[-79.091329,39.472407],[-79.094702,39.473253],[-79.096517,39.472799],[-79.098059,39.472073],[-79.098875,39.471438],[-79.099057,39.470259],[-79.09824,39.468445],[-79.096154,39.465542],[-79.095428,39.462548],[-79.104217,39.448358],[-79.107933,39.445748],[-79.11407,39.443321],[-79.116369,39.440482],[-79.116574,39.438058],[-79.116932,39.435788],[-79.117932,39.434412],[-79.119433,39.433161],[-79.12156,39.432786],[-79.124036,39.433204],[-79.129047,39.429542],[-79.129404,39.426637],[-79.128941,39.423279],[-79.129816,39.419901],[-79.132193,39.418275],[-79.136696,39.417649],[-79.140699,39.416649],[-79.14195,39.414272],[-79.142701,39.410519],[-79.143827,39.408517],[-79.145453,39.407767],[-79.147455,39.407767],[-79.149581,39.407767],[-79.151583,39.408768],[-79.153584,39.41202],[-79.157212,39.413021],[-79.159213,39.413021],[-79.16134,39.411895],[-79.166497,39.400888],[-79.165593,39.397134],[-79.16722,39.393256],[-79.170494,39.392026],[-79.1746,39.392756],[-79.176977,39.39213],[-79.179335,39.388342],[-79.189465,39.3865],[-79.193332,39.387974],[-79.195543,39.38779],[-79.197937,39.386132],[-79.202943,39.377872],[-79.213961,39.36532],[-79.220357,39.363157],[-79.229247,39.363662],[-79.235878,39.358689],[-79.25227,39.356663],[-79.253928,39.354085],[-79.253891,39.337222],[-79.255306,39.335874],[-79.269365,39.330732],[-79.2722802951283,39.3289642342356],[-79.282037,39.323048],[-79.283723,39.30964],[-79.290236,39.299323],[-79.29271,39.298729],[-79.302311,39.299554],[-79.3128290806177,39.3036296823586],[-79.314768,39.304381],[-79.33238,39.299919],[-79.344344,39.293534],[-79.345599,39.289733],[-79.343625,39.287148],[-79.343801,39.286096],[-79.35375,39.278039],[-79.361343,39.274924],[-79.376154,39.273154],[-79.387023,39.26554],[-79.412051,39.240546],[-79.42035,39.23888],[-79.425059,39.233686],[-79.424413,39.228171],[-79.43983,39.217074],[-79.452685,39.211719],[-79.469156,39.2073],[-79.476037,39.203728],[-79.486873,39.205961],[-79.485874,39.264905],[-79.486179,39.26497],[-79.487274,39.265205],[-79.4868325987092,39.2758446616539],[-79.486737,39.278149],[-79.487651,39.279933],[-79.486812,39.296367]]]]}},{"type":"Feature","properties":{"STATEFP":"12","STUSPS":"FL","NAME":"Florida"},"geometry":{"type":"MultiPolygon","coordinates":[[[[-80.743086,24.863533],[-80.713752,24.882444],[-80.705261,24.906491],[-80.698471,24.909273],[-80.69134,24.905135],[-80.688596,24.881245],[-80.706874,24.864332],[-80.736585,24.848156],[-80.745485,24.854574],[-80.743086,24.863533]]],[[[-80.850609,24.813522],[-80.813694,24.83719],[-80.791594,24.843606],[-80.782176,24.837639],[-80.787475,24.821719],[-80.794702,24.81221],[-80.824518,24.809111],[-80.844307,24.800798],[-80.850338,24.8026],[-80.850609,24.813522]]],[[[-81.113979,24.711163],[-81.084019,24.719782],[-81.0824354950619,24.7204750202629],[-81.0682408480334,24.7266873014997],[-81.025102,24.745567],[-80.9761856378091,24.7628878793178],[-80.960325,24.768504],[-80.914774,24.783074],[-80.904945,24.779019],[-80.9068,24.767836],[-80.952837,24.753279],[-80.9694978348859,24.7447494680372],[-81.024588,24.716546],[-81.0350102953431,24.7141727401816],[-81.0645682815405,24.7074420941344],[-81.076887,24.704637],[-81.08047,24.693623],[-81.0876269518986,24.6925191174691],[-81.108848,24.689246],[-81.119417,24.699337],[-81.113979,24.711163]]],[[[-81.8121475446057,24.5614311014703],[-81.8119473664019,24.5646520902403],[-81.811693,24.568745],[-81.8012771573448,24.5904536381227],[-81.799495,24.594168],[-81.7789012151196,24.6200376418021],[-81.76139,24.642035],[-81.7473245380387,24.6579843169593],[-81.745651,24.659882],[-81.6842967404369,24.6930492693111],[-81.672338,24.699514],[-81.584599,24.736696],[-81.5815353519746,24.7411743754375],[-81.571151,24.756354],[-81.53607,24.765977],[-81.5325939720868,24.7684119315074],[-81.5105836811611,24.7838299753788],[-81.498101,24.792574],[-81.455015119616,24.8088448397306],[-81.442696,24.813497],[-81.4338035948379,24.8092028998398],[-81.412233794397,24.7987869457935],[-81.377831,24.782174],[-81.325126,24.767115],[-81.305054,24.755185],[-81.292364,24.710518],[-81.244354,24.675497],[-81.244402,24.667307],[-81.279128,24.654102],[-81.313072,24.647251],[-81.3207825517186,24.6446806676055],[-81.34769,24.635711],[-81.39548,24.622083],[-81.402499536573,24.6322269032062],[-81.412537,24.646732],[-81.443915,24.642677],[-81.4615969549913,24.6442530129999],[-81.477304,24.645653],[-81.5052343375465,24.6426968793426],[-81.508011,24.642403],[-81.517404,24.621239],[-81.559184,24.609571],[-81.611852,24.585578],[-81.6346127667547,24.5780606501945],[-81.644131,24.574917],[-81.665142,24.573258],[-81.685243,24.558676],[-81.7225793204009,24.555245536757],[-81.7462193319846,24.5530734911474],[-81.7632358247813,24.551510014821],[-81.7734162381986,24.5505746378569],[-81.775219,24.550409],[-81.7852721668049,24.5482390357212],[-81.7938350483228,24.5463907477759],[-81.797311482823,24.5456403634613],[-81.805013,24.543978],[-81.812896,24.549388],[-81.8121475446057,24.5614311014703]]],[[[-82.007317,24.540105],[-81.923071,24.552497],[-81.892119,24.565644],[-81.883363,24.560877],[-81.886261,24.551734],[-81.918795,24.527699],[-81.963885,24.521152],[-82.006511,24.527108],[-82.011663,24.534227],[-82.007317,24.540105]]],[[[-82.164426,24.563375],[-82.15068,24.576331],[-82.143075,24.593395],[-82.135423,24.596879],[-82.125268,24.597426],[-82.104187,24.588256],[-82.101051,24.584679],[-82.099417,24.572522],[-82.104429,24.561167],[-82.116787,24.549144],[-82.159439,24.548212],[-82.165206,24.552159],[-82.164426,24.563375]]],[[[-82.267343,26.683829],[-82.263338,26.698506],[-82.253768,26.707426],[-82.245145,26.705701],[-82.242553,26.696655],[-82.24596,26.688612],[-82.241988,26.679953],[-82.237525,26.670208],[-82.224045,26.645047],[-82.213539,26.627025],[-82.198142,26.585553],[-82.183052,26.537619],[-82.174632,26.498738],[-82.1739057227879,26.4981304787712],[-82.149368,26.477605],[-82.131545,26.47703],[-82.114747,26.471308],[-82.095643,26.456749],[-82.086303,26.456441],[-82.076606,26.465486],[-82.059983,26.469095],[-82.042094,26.458634],[-82.0344497721344,26.4582537500594],[-82.022413,26.457655],[-82.017079,26.454234],[-82.016987,26.447393],[-82.060026,26.426613],[-82.075015,26.422059],[-82.0803244757709,26.422059],[-82.082915,26.422059],[-82.098115,26.424959],[-82.126671,26.436279],[-82.1402577583124,26.4486848552529],[-82.144792,26.452825],[-82.172917,26.467658],[-82.180717,26.476257],[-82.1834698305635,26.4809565707175],[-82.188937,26.49029],[-82.202106,26.546461],[-82.210966,26.573228],[-82.226452,26.589333],[-82.226825,26.619742],[-82.234263,26.635391],[-82.253589,26.665902],[-82.263698,26.672658],[-82.267343,26.683829]]],[[[-82.854986,28.20798],[-82.848669,28.213252],[-82.836938,28.210178],[-82.834576,28.167512],[-82.843619,28.163761],[-82.8470841199688,28.1653758649329],[-82.851421,28.167397],[-82.8518427655773,28.1721982657568],[-82.854986,28.20798]]],[[[-82.926794,24.631591],[-82.919923,24.636866],[-82.868361,24.63439],[-82.861598,24.626496],[-82.869513,24.618173],[-82.922945,24.622124],[-82.926794,24.631591]]],[[[-84.670648,29.791983],[-84.639751,29.798171],[-84.59601,29.819142],[-84.581931,29.828596],[-84.572288,29.827884],[-84.569117,29.813431],[-84.584489,29.800874],[-84.624234,29.786185],[-84.663778,29.774989],[-84.674596,29.783065],[-84.670648,29.791983]]],[[[-87.6348379012602,30.86610753841],[-87.629993,30.877657],[-87.62946,30.880085],[-87.624406,30.884666],[-87.622068,30.885378],[-87.620794,30.887464],[-87.620928,30.889893],[-87.622525,30.89365],[-87.622209,30.897478],[-87.620721,30.8989],[-87.61602,30.901423],[-87.614958,30.904196],[-87.614216,30.908505],[-87.611854,30.91451],[-87.610207,30.916597],[-87.608269,30.921869],[-87.607818,30.924459],[-87.602692,30.934245],[-87.600699,30.937042],[-87.598307,30.938761],[-87.596898,30.941099],[-87.592064,30.95146],[-87.589196,30.964431],[-87.590926,30.969381],[-87.593055,30.972933],[-87.59412,30.976301],[-87.594173,30.977538],[-87.592685,30.980106],[-87.593404,30.982925],[-87.596731,30.987576],[-87.599181,30.995688],[-87.598937,30.997422],[-87.5988285301321,30.9974236243995],[-87.571292,30.997836],[-87.548555,30.997893],[-87.519533,30.997552],[-87.4983751577094,30.9978843841806],[-87.4884216873106,30.9980407506029],[-87.480258,30.998169],[-87.479718,30.998164],[-87.478721,30.99818],[-87.466894,30.998145],[-87.466842,30.998145],[-87.461799,30.998168],[-87.461654,30.998169],[-87.458674,30.998353],[-87.455721,30.998285],[-87.449827,30.998239],[-87.432309,30.998173],[-87.425791,30.998058],[-87.367862,30.99826],[-87.364031,30.998187],[-87.3638738154375,30.9981874892026],[-87.355677,30.998213],[-87.3478447959439,30.9982231144596],[-87.333995,30.998241],[-87.312206,30.998404],[-87.304053,30.99816],[-87.30159,30.998403],[-87.291019,30.998322],[-87.288929,30.998315],[-87.265589,30.998237],[-87.260565,30.998165],[-87.259714,30.998142],[-87.257985,30.998233],[-87.257027,30.998164],[-87.255617,30.998186],[-87.255005,30.998255],[-87.237711,30.996363],[-87.224773,30.997139],[-87.1747994126539,30.9986568122829],[-87.1636519790466,30.9989953853682],[-87.1636180186997,30.9989964168217],[-87.162644,30.999026],[-87.140786,30.999503],[-87.125,30.998774],[-87.118905,30.999399],[-87.1150789683754,30.999377371094],[-87.068667,30.999115],[-87.064097,30.999164],[-87.053772,30.999104],[-87.040024,30.999567],[-87.036402,30.999321],[-87.027143,30.999228],[-87.004396,30.999289],[-86.998514,30.998634],[-86.927851,30.997678],[-86.888178,30.997552],[-86.873032,30.997606],[-86.831979,30.997354],[-86.830542,30.997377],[-86.785965,30.996954],[-86.7856944213826,30.9969494300445],[-86.745289,30.996267],[-86.728442,30.996716],[-86.727343,30.996859],[-86.725429,30.996849],[-86.706312,30.99468],[-86.6883140179263,30.9945734725027],[-86.678435,30.994515],[-86.664734,30.994512],[-86.567644,30.995088],[-86.563494,30.995202],[-86.5424890330127,30.9942472726749],[-86.5424881127186,30.9942472308453],[-86.519998,30.993225],[-86.512894,30.99368],[-86.500011,30.99332],[-86.458382,30.993979],[-86.454767,30.993772],[-86.404977,30.994031],[-86.392003,30.994154],[-86.388713,30.994163],[-86.3886458727332,30.9941643948152],[-86.374612,30.994456],[-86.369337,30.994459],[-86.364974,30.994437],[-86.304666,30.994012],[-86.289318,30.993781],[-86.2888491362531,30.9937818005479],[-86.25652,30.993837],[-86.238408,30.994354],[-86.1872465588334,30.9940334704891],[-86.180308,30.99399],[-86.17528,30.993783],[-86.169055,30.993691],[-86.162962,30.993667],[-86.1327416289249,30.9931640394023],[-86.116997,30.992902],[-86.056294,30.993119],[-86.052544,30.993233],[-86.035121,30.993307],[-86.0350402418067,30.9933060014511],[-85.998727,30.992857],[-85.9656666167046,30.9930451165537],[-85.893632,30.993455],[-85.8311253405863,30.9940521918381],[-85.8311223524301,30.9940522203871],[-85.750028,30.994827],[-85.749715,30.995282],[-85.6462550988774,30.9959570919603],[-85.5832941366146,30.9963679220401],[-85.49838,30.996922],[-85.4979938168177,30.9969280044426],[-85.4882980047342,30.9970787565989],[-85.3817482346924,30.9987354107751],[-85.3290556336681,30.9995546844114],[-85.3289203706494,30.9995567875041],[-85.243752,31.000881],[-85.2400920026752,31.0008790299647],[-85.154576,31.000833],[-85.152342,31.000832],[-85.152209,31.000886],[-85.145959,31.000693],[-85.057662,31.000584],[-85.054931,31.000584],[-85.052217,31.000584],[-85.031285,31.000647],[-85.030237,31.000653],[-85.027642,31.00067],[-85.024238,31.000681],[-85.002499,31.000682],[-85.0019,31.000681],[-85.001846,30.997073],[-85.002671,30.986898],[-85.006065,30.979803],[-85.0060623211123,30.9773348514335],[-85.006062,30.977039],[-85.005236,30.974703],[-85.004157,30.973467],[-85.000059,30.971185],[-84.999959,30.971485],[-84.997759,30.971185],[-84.988157,30.968785],[-84.984957,30.967485],[-84.982657,30.965585],[-84.980257,30.961285],[-84.979757,30.958985],[-84.979757,30.954684],[-84.982357,30.946884],[-84.983157,30.942584],[-84.983757,30.936984],[-84.983257,30.934784],[-84.980757,30.932685],[-84.975356,30.930785],[-84.971156,30.928184],[-84.969555,30.921984],[-84.966855,30.917284],[-84.956254,30.907584],[-84.952454,30.902284],[-84.949754,30.897383],[-84.942653,30.888484],[-84.941453,30.887684],[-84.940102,30.886724],[-84.938215,30.885623],[-84.936956,30.884679],[-84.935541,30.882477],[-84.935698,30.878703],[-84.937743,30.875872],[-84.938529,30.873041],[-84.9379,30.870523],[-84.935856,30.867535],[-84.934755,30.86549],[-84.934125,30.863288],[-84.934755,30.860615],[-84.935541,30.858413],[-84.935384,30.854323],[-84.933352,30.851483],[-84.930193,30.848819],[-84.928935,30.846774],[-84.928463,30.844258],[-84.928463,30.842526],[-84.929564,30.840325],[-84.932081,30.837493],[-84.934283,30.834033],[-84.935384,30.830888],[-84.935698,30.824597],[-84.93617,30.820665],[-84.935541,30.817203],[-84.931051,30.810482],[-84.928451,30.805083],[-84.92805,30.802783],[-84.92915,30.797283],[-84.9289108378378,30.795848027027],[-84.92845,30.793083],[-84.92685,30.790183],[-84.91815,30.778082],[-84.91755,30.775882],[-84.91815,30.772082],[-84.92025,30.765982],[-84.915149,30.761183],[-84.914449,30.753582],[-84.913649,30.752282],[-84.911249,30.751182],[-84.906448,30.750582],[-84.903248,30.751782],[-84.900348,30.751882],[-84.897748,30.751382],[-84.896248,30.750582],[-84.887648,30.741782],[-84.885347,30.734982],[-84.883947,30.732582],[-84.875546,30.727481],[-84.869877,30.721887],[-84.864693,30.711542],[-84.8634606987134,30.7115052207476],[-84.836448,30.710699],[-84.7251551548901,30.7056334194176],[-84.644932,30.701982],[-84.606501,30.699855],[-84.606364,30.699862],[-84.5508035833097,30.6972892123549],[-84.539483,30.696765],[-84.535155,30.696513],[-84.5258897248691,30.6959430501973],[-84.474519,30.692783],[-84.3807324332368,30.6899573482654],[-84.3807060980397,30.6899565548245],[-84.375012,30.689785],[-84.2825636638089,30.6853075717496],[-84.281313,30.685247],[-84.2541182528783,30.6842820559212],[-84.250002,30.684136],[-84.155210353116,30.6795112589466],[-84.124993,30.678037],[-84.107796,30.676809],[-84.0837570571655,30.6758026344935],[-84.0727743369514,30.6753428542583],[-84.057323,30.674696],[-84.0467,30.674191],[-84.041905,30.673869],[-84.039802,30.67381],[-84.0190940574482,30.6727066186932],[-84.007484,30.672088],[-84.007454,30.6720865150852],[-83.880406,30.665798],[-83.880309,30.665823],[-83.8798916078165,30.6657992968646],[-83.855304,30.664403],[-83.820973,30.662603],[-83.810622,30.661871],[-83.7437296744174,30.6583830658832],[-83.676854,30.654896],[-83.674139,30.654738],[-83.611746,30.651246],[-83.6117204626719,30.6512447246755],[-83.5368729710246,30.6475068692627],[-83.499951,30.645663],[-83.448968,30.642402],[-83.440094,30.642015],[-83.429656,30.641488],[-83.429549,30.641511],[-83.390133,30.639325],[-83.37953,30.638672],[-83.3577037830355,30.6373471003798],[-83.34108,30.636338],[-83.311715,30.634569],[-83.309523,30.634409],[-83.309256456485,30.634393291556],[-83.27172279078,30.6321812869432],[-83.187454,30.627215],[-83.174474,30.626436],[-83.1724160043374,30.6263342401496],[-83.163371,30.625887],[-83.156232,30.625496],[-83.1366140447318,30.623976460785],[-83.131431,30.623575],[-83.0559626094486,30.6192425885535],[-83.0557139891585,30.6192283160166],[-82.9399180790312,30.6125808239629],[-82.878831,30.609074],[-82.877311,30.609016],[-82.698947,30.598263],[-82.698663,30.598224],[-82.6895370493431,30.5977231320544],[-82.689316,30.597711],[-82.584002138186,30.5917854612315],[-82.569278,30.590957],[-82.565516,30.590614],[-82.553199,30.589926],[-82.545095,30.589353],[-82.536272,30.588877],[-82.524938,30.588181],[-82.4597924203985,30.5842766709258],[-82.459581,30.584264],[-82.4189159951919,30.5817349193742],[-82.374877,30.578996],[-82.287373,30.573451],[-82.258129,30.571552],[-82.24987,30.570856],[-82.214867,30.568584],[-82.2148461613534,30.5685089992323],[-82.214413,30.56695],[-82.218607,30.564395],[-82.223053,30.563202],[-82.227282,30.561033],[-82.231944,30.556262],[-82.235631,30.544877],[-82.235848,30.537178],[-82.23498,30.533057],[-82.23078,30.526749],[-82.229427,30.520814],[-82.230405,30.51733],[-82.226961,30.510271],[-82.225054,30.50782],[-82.218541,30.504177],[-82.212879,30.498741],[-82.206472,30.491867],[-82.201443,30.485154],[-82.200965,30.474427],[-82.204641,30.468857],[-82.207735,30.460492],[-82.207549,30.456916],[-82.206067,30.455495],[-82.20485,30.451828],[-82.204002,30.444495],[-82.206513,30.437069],[-82.209897,30.432806],[-82.210318,30.424577],[-82.204177,30.401316],[-82.192966,30.378765],[-82.189873,30.375924],[-82.183823,30.373698],[-82.180043,30.36861],[-82.1719966251191,30.3603310272083],[-82.171533,30.359854],[-82.170079,30.358914],[-82.165217,30.35802],[-82.161782,30.357836],[-82.158134,30.359898],[-82.143306,30.363378],[-82.116408,30.36732],[-82.104857,30.368305],[-82.102523,30.367809],[-82.101439,30.366541],[-82.101821,30.365321],[-82.1001429509055,30.3642462652382],[-82.094709,30.360766],[-82.081128,30.358791],[-82.068554,30.359169],[-82.060055,30.360313],[-82.05009,30.362323],[-82.0499665504695,30.3623762347418],[-82.047938,30.363251],[-82.040766,30.370144],[-82.036845,30.37787],[-82.035891,30.385273],[-82.041185,30.396828],[-82.042011,30.403253],[-82.041185,30.409953],[-82.039992,30.414267],[-82.034025,30.422345],[-82.034484,30.428036],[-82.03723,30.434506],[-82.036224,30.438448],[-82.030084,30.444842],[-82.028232,30.447385],[-82.025477,30.457744],[-82.023754,30.467278],[-82.017799,30.475071],[-82.017002,30.478769],[-82.017317,30.487628],[-82.018242,30.492075],[-82.015912,30.495489],[-82.01479,30.513],[-82.015846,30.518157],[-82.01701,30.519349],[-82.0176988330505,30.5209885547049],[-82.018888,30.523819],[-82.018381,30.531176],[-82.013236,30.550083],[-82.005497,30.563488],[-82.008111,30.577011],[-82.012129,30.593767],[-82.015728,30.601698],[-82.016523,30.602478],[-82.0204488878846,30.6038578335711],[-82.026962,30.606147],[-82.027359,30.60672],[-82.026562,30.613298],[-82.02852,30.621824],[-82.033948,30.629598],[-82.03763,30.633266],[-82.039962,30.63714],[-82.039113,30.641128],[-82.039616,30.643305],[-82.042293,30.649448],[-82.046136,30.651763],[-82.049529,30.655544],[-82.050454,30.676263],[-82.041834,30.692374],[-82.036448,30.706583],[-82.037585,30.718639],[-82.039176,30.723177],[-82.041032,30.725079],[-82.043817,30.72964],[-82.04119,30.734247],[-82.040048,30.737547],[-82.039656,30.747727],[-82.038989,30.749262],[-82.035986,30.750998],[-82.032667,30.750674],[-82.028421,30.750981],[-82.017938,30.755263],[-82.012681,30.761289],[-82.011618,30.763122],[-82.017902,30.775845],[-82.024056,30.783157],[-82.023869,30.786686],[-82.022887,30.787992],[-82.017072,30.791658],[-82.0166767397352,30.7917130765446],[-82.007886,30.792938],[-82.004994,30.791745],[-81.994992,30.786074],[-81.990875,30.781612],[-81.988625,30.780057],[-81.981293,30.776768],[-81.979081,30.776416],[-81.9788814075052,30.7764954535349],[-81.973876,30.778488],[-81.962553,30.796528],[-81.962008,30.800445],[-81.96246,30.808443],[-81.962758,30.813638],[-81.962194,30.818003],[-81.9620624871704,30.8181754472865],[-81.959778,30.821171],[-81.949806,30.827496],[-81.943187,30.827437],[-81.9384,30.825748],[-81.935462,30.821134],[-81.934673,30.820427],[-81.924466,30.817568],[-81.910943,30.815891],[-81.906296,30.817018],[-81.903762,30.818989],[-81.902354,30.82082],[-81.899397,30.821665],[-81.895737,30.821101],[-81.892921,30.819271],[-81.891298,30.815948],[-81.882741,30.805126],[-81.876898,30.799518],[-81.868624,30.792756],[-81.852641,30.794441],[-81.846301,30.79055],[-81.8435558560958,30.7883242778374],[-81.842073,30.787122],[-81.84039,30.786386],[-81.827028,30.788935],[-81.808543,30.790016],[-81.806666,30.789685],[-81.792782,30.784434],[-81.784363,30.773591],[-81.782666,30.769938],[-81.779183,30.768063],[-81.775033,30.768331],[-81.772623,30.769536],[-81.77048,30.772482],[-81.768204,30.773955],[-81.763384,30.773821],[-81.75935,30.771378],[-81.7583304080093,30.7706467822918],[-81.755086,30.76832],[-81.751294,30.767083],[-81.747583,30.766456],[-81.746323,30.765892],[-81.745046,30.76504],[-81.744194,30.763869],[-81.743449,30.762272],[-81.743105,30.759913],[-81.742747,30.759202],[-81.732238,30.749635],[-81.727137,30.746935],[-81.719937,30.744634],[-81.7114882881451,30.7459041622077],[-81.694787,30.748415],[-81.692824,30.747101],[-81.691827,30.743991],[-81.690999,30.742841],[-81.688934,30.741434],[-81.672832,30.738935],[-81.670132,30.740235],[-81.669332,30.741335],[-81.668283,30.744644],[-81.667344,30.745661],[-81.664606,30.7466],[-81.662181,30.746522],[-81.656549,30.745114],[-81.654542677328,30.7438978542065],[-81.6545180566719,30.7438829302325],[-81.652131,30.742436],[-81.651731,30.740235],[-81.652169,30.735648],[-81.651778,30.732284],[-81.650448,30.729703],[-81.649196,30.728686],[-81.646144,30.727591],[-81.633273,30.729603],[-81.629616,30.732407],[-81.625105,30.733017],[-81.621936,30.731188],[-81.620829,30.729535],[-81.619619,30.724849],[-81.617669,30.722046],[-81.609501,30.720705],[-81.607673,30.721924],[-81.605722,30.725337],[-81.604016,30.727287],[-81.601212,30.728141],[-81.593654,30.725459],[-81.586825,30.723735],[-81.573724,30.722336],[-81.5724397848579,30.7219451519133],[-81.571424,30.721636],[-81.5668832268409,30.7183183806951],[-81.566223,30.717836],[-81.56171,30.715597],[-81.55257,30.716974],[-81.54919,30.715972],[-81.546936,30.714345],[-81.544683,30.713969],[-81.542679,30.713593],[-81.540927,30.713343],[-81.539298,30.713468],[-81.537671,30.714345],[-81.535542,30.716348],[-81.53452,30.717936],[-81.53404,30.719853],[-81.532788,30.721606],[-81.530534,30.722858],[-81.528281,30.723359],[-81.52142,30.722536],[-81.516119,30.722236],[-81.507218,30.722936],[-81.489539,30.7261],[-81.487334,30.726081],[-81.483788,30.723891],[-81.475755,30.714754],[-81.472598,30.713312],[-81.4653858893509,30.7113014423461],[-81.464466,30.711045],[-81.459979,30.710434],[-81.448718,30.709353],[-81.444124,30.709714],[-81.432725,30.703017],[-81.42742,30.69802],[-81.430843,30.669393],[-81.4311781585357,30.6675209962825],[-81.4363543120584,30.6386099658162],[-81.4423033860565,30.6053818440358],[-81.443099,30.600938],[-81.4427836102912,30.5739683480619],[-81.442564,30.555189],[-81.434064,30.522569],[-81.4427844968023,30.5099198266455],[-81.447087,30.503679],[-81.440108,30.497678],[-81.42601,30.496739],[-81.410809,30.482039],[-81.407008,30.42204],[-81.397422,30.400626],[-81.3973905166244,30.3987467371484],[-81.3970987415094,30.3813304936857],[-81.396407,30.34004],[-81.3943856850602,30.3246311048781],[-81.3921650944006,30.3077030903909],[-81.391606,30.303441],[-81.3885375075328,30.2885537066006],[-81.3866265973552,30.2792826131314],[-81.385505,30.273841],[-81.3854975937439,30.2738134492423],[-81.3798792601458,30.252913638915],[-81.3708493612249,30.2193230428022],[-81.355591,30.162563],[-81.3555705702204,30.1624783570823],[-81.308978,29.96944],[-81.3031119142394,29.9519718149335],[-81.295268,29.928614],[-81.288955,29.91518],[-81.2860045854556,29.9116818041004],[-81.27654,29.90046],[-81.270442,29.883106],[-81.264973155208,29.8594251124976],[-81.264693,29.858212],[-81.2642275410206,29.8447366575048],[-81.2634444475426,29.8220655881098],[-81.263396,29.820663],[-81.2633938716857,29.8206515481728],[-81.2631825411995,29.8195144415774],[-81.256711,29.784693],[-81.2523861010214,29.7722349787766],[-81.240924,29.739218],[-81.229015,29.714693],[-81.2128779050731,29.6706669360872],[-81.211565,29.667085],[-81.1761402661952,29.5845510696126],[-81.1653480621415,29.5594069704924],[-81.163581,29.55529],[-81.1359526338229,29.499020308775],[-81.1336887081019,29.4944094533788],[-81.123896,29.474465],[-81.1019229899264,29.4270550536747],[-81.0705220131985,29.3593029060969],[-81.0589205598929,29.3342710931285],[-81.051071673482,29.3173359858214],[-81.0473370243553,29.3092779403354],[-81.046678,29.307856],[-81.0376547963629,29.2899337847911],[-81.027086979169,29.2689436019628],[-81.0204207719384,29.2557029387328],[-81.0139447654654,29.2428400591645],[-81.006219752508,29.2274963574946],[-81.0026621198234,29.2204300580767],[-80.9954231154303,29.2060516842917],[-80.9838001200174,29.1829656681115],[-80.9827765099464,29.180932536563],[-80.9824336151681,29.1802514664843],[-80.9743498892311,29.1641952760489],[-80.97332295411,29.1621555401651],[-80.9717810951465,29.1590930438193],[-80.9716638527818,29.1588601727708],[-80.9680282240498,29.1516389547672],[-80.966176,29.14796],[-80.9511130580501,29.1223260512203],[-80.944376,29.110861],[-80.9154250464906,29.0744984900249],[-80.907275,29.064262],[-80.9031057612918,29.0556479236425],[-80.8971192219229,29.043279117045],[-80.8948378279159,29.0385655221772],[-80.893675,29.036163],[-80.8828943697224,29.0182419522658],[-80.878275,29.010563],[-80.8668081913352,28.9935618295096],[-80.787021,28.875266],[-80.7322444568762,28.7912374108833],[-80.709725,28.756692],[-80.647288,28.677875],[-80.6223994830615,28.6425277240254],[-80.61679,28.634561],[-80.583884,28.597705],[-80.574868,28.585166],[-80.5694669495455,28.5687527638181],[-80.567361,28.562353],[-80.560973,28.530736],[-80.536115,28.478647],[-80.525094,28.459454],[-80.526732,28.451705],[-80.562877,28.437779],[-80.574136,28.427764],[-80.587813,28.410856],[-80.5882129517842,28.4098909686287],[-80.5958422797015,28.3914823977159],[-80.596174,28.390682],[-80.5990872108499,28.3798792477107],[-80.6018878554228,28.3694939130648],[-80.603374,28.363983],[-80.6041468102138,28.3579111405515],[-80.606874,28.336484],[-80.6076495810069,28.3201974451716],[-80.6077487228876,28.3181155482942],[-80.608074,28.311285],[-80.6071901792334,28.2990232461936],[-80.6052417441433,28.2719914855866],[-80.604214,28.257733],[-80.5961638752115,28.2126497005404],[-80.5935438449593,28.1979766847105],[-80.591591236382,28.1870414458747],[-80.589975,28.17799],[-80.5883468810216,28.1722943843581],[-80.5841432765541,28.157589],[-80.5830233777677,28.1536712807606],[-80.5787461283504,28.1387082657667],[-80.5715923832409,28.1136824641602],[-80.566432,28.09563],[-80.5664278686017,28.0956196841692],[-80.5593621953652,28.0779771610562],[-80.547675,28.048795],[-80.5442450862229,28.0418724150295],[-80.5355654458103,28.0243543221053],[-80.508871,27.970477],[-80.446973,27.861954],[-80.4470841049745,27.8607550370955],[-80.447179,27.859731],[-80.383695,27.740045],[-80.3817153543382,27.7340139461611],[-80.3679771279588,27.69216],[-80.3552792252361,27.6534754331401],[-80.351717,27.642623],[-80.350851099098,27.6320134822468],[-80.350553,27.628361],[-80.34437,27.616226],[-80.3315416480764,27.5983567771214],[-80.330956,27.597541],[-80.324699,27.569178],[-80.3212710915625,27.557377381501],[-80.311757,27.524625],[-80.30117,27.500314],[-80.293171,27.500314],[-80.2836309941172,27.4727765362108],[-80.2830762439728,27.4711752361485],[-80.265535,27.420542],[-80.2624409056966,27.4099193773334],[-80.253665,27.37979],[-80.233538,27.341307],[-80.226753,27.322736],[-80.1992879876763,27.2630216473883],[-80.19309,27.249546],[-80.16147,27.192814],[-80.153375,27.169308],[-80.158277777587,27.1645607402001],[-80.159554,27.163325],[-80.14982,27.143557],[-80.138605,27.111517],[-80.116772,27.072397],[-80.093909,27.018587],[-80.0795307959029,26.9705000158948],[-80.0716931092776,26.944287374203],[-80.0666972698322,26.9275791086658],[-80.0619220006064,26.9116085261224],[-80.0566225332656,26.8938847965062],[-80.053081221026,26.8820411041909],[-80.046263,26.859238],[-80.0462255385049,26.8590798703054],[-80.0355952960568,26.8142082764699],[-80.031362,26.796339],[-80.0318045985169,26.7818529490673],[-80.0320741272223,26.7730313954371],[-80.03212,26.77153],[-80.036362,26.77124],[-80.037410833862,26.7665679218874],[-80.037462,26.76634],[-80.0372836458689,26.7643587957846],[-80.0369358143211,26.7604949922134],[-80.0363256296432,26.7537169016329],[-80.0348777486719,26.7376334620946],[-80.0334597368138,26.7218818164587],[-80.032862,26.715242],[-80.0329644841035,26.7117223202022],[-80.0332843273424,26.7007377309075],[-80.033604,26.689759],[-80.035763,26.6758],[-80.0358535409589,26.6686382327288],[-80.0361614713951,26.6442810120127],[-80.0365280588963,26.6152840320878],[-80.036565,26.612362],[-80.0375648210052,26.5936468996784],[-80.038863,26.569347],[-80.0434182688959,26.5456603939622],[-80.050363,26.509549],[-80.0556645463344,26.4758214779466],[-80.0590408629652,26.4543419347266],[-80.060564,26.444652],[-80.0617209088745,26.4321345930503],[-80.0655306323432,26.3909145280361],[-80.070564,26.336455],[-80.0714616058431,26.3358747242226],[-80.072264,26.335356],[-80.0748372451019,26.3210316022663],[-80.075264,26.318656],[-80.0763892880005,26.3053760852308],[-80.079865,26.264358],[-80.0818814122886,26.2590166299744],[-80.085565,26.249259],[-80.089365,26.231859],[-80.0893750393396,26.2317886493339],[-80.0915163269066,26.2167835780464],[-80.0932153943071,26.2048773642997],[-80.095390400443,26.1896360101613],[-80.0964446298199,26.1822484984611],[-80.0978146308377,26.1726482171853],[-80.09853410956,26.1676064704884],[-80.101366,26.147762],[-80.1021028792513,26.1380317929013],[-80.1042132624312,26.1101649946961],[-80.105266,26.096264],[-80.1066626745893,26.0933085716075],[-80.109566,26.087165],[-80.1139029400812,26.0339323876736],[-80.1156453957106,26.0125450815819],[-80.1172629223618,25.992691182857],[-80.1177126685103,25.9871708939154],[-80.117778,25.986369],[-80.1177978430447,25.975251068043],[-80.1178361251573,25.9538018434153],[-80.1178549406084,25.9432596656154],[-80.1178652385134,25.9374898148043],[-80.1178784459444,25.9300897751183],[-80.117900830546,25.9175478249193],[-80.117904,25.915772],[-80.119379970329,25.8995393121606],[-80.1205034594413,25.8871832046606],[-80.12087,25.883152],[-80.1205716954667,25.8725606799379],[-80.1201095120737,25.8561508312904],[-80.1199726056783,25.851289961643],[-80.119684,25.841043],[-80.1203188920017,25.834852],[-80.1214773790509,25.8235552860675],[-80.1219668850334,25.8187819836328],[-80.122056,25.817913],[-80.1230201722876,25.8130923191862],[-80.1249415687941,25.8034856966004],[-80.1260870984852,25.797758262744],[-80.127394,25.791224],[-80.1274167754462,25.7904950704987],[-80.1275489292126,25.7862654814049],[-80.127987,25.772245],[-80.1282822377334,25.7715622413508],[-80.1363124169211,25.7529918701742],[-80.1368918966275,25.7516517813686],[-80.137476,25.750301],[-80.144,25.740812],[-80.152896,25.702855],[-80.154082,25.683283],[-80.152303,25.676759],[-80.1531255437224,25.6732860718592],[-80.154972,25.66549],[-80.160903,25.664897],[-80.176916,25.685062],[-80.173004948357,25.7003507109215],[-80.170392,25.710565],[-80.164461,25.721833],[-80.166241,25.72895],[-80.172765,25.737847],[-80.1802580879958,25.7427177283069],[-80.184626,25.745557],[-80.197674,25.74437],[-80.229107,25.732509],[-80.2330044643071,25.7296373480218],[-80.2376444448285,25.7262186100443],[-80.240376,25.724206],[-80.244528,25.717089],[-80.2460711025735,25.7095280315483],[-80.250459,25.688028],[-80.265879,25.658373],[-80.267065,25.651849],[-80.277147,25.637022],[-80.2871245633847,25.6312456557351],[-80.288416,25.630498],[-80.2886462735939,25.6302677264061],[-80.296719,25.622195],[-80.301464,25.613299],[-80.3021028543364,25.6101955315118],[-80.3042964453159,25.599539361408],[-80.3047746618037,25.5972162499949],[-80.305615,25.593134],[-80.305615,25.575342],[-80.302057,25.567632],[-80.3054330991421,25.5595289066371],[-80.313918,25.539164],[-80.324594,25.535605],[-80.3251585898675,25.5352018186519],[-80.3256323530842,25.5348634978577],[-80.328746,25.53264],[-80.339421,25.499427],[-80.339421,25.478669],[-80.337049,25.465621],[-80.3361267285414,25.4632847932042],[-80.3302664369221,25.4484400823776],[-80.328152,25.443084],[-80.320442,25.437153],[-80.326373,25.422919],[-80.32578,25.39801],[-80.320442,25.391486],[-80.31036,25.389707],[-80.306801,25.384369],[-80.31036,25.3731],[-80.335269,25.338701],[-80.3385879333865,25.3369844167787],[-80.352469,25.329805],[-80.361662,25.327433],[-80.374116,25.31735],[-80.3763480504136,25.3058717488906],[-80.377064,25.30219],[-80.365913,25.285383],[-80.338325,25.290085],[-80.290194,25.319316],[-80.271792,25.348442],[-80.2699420002125,25.3523152704486],[-80.249584,25.394938],[-80.229465,25.40419],[-80.2291242708522,25.4047983241237],[-80.2167790025516,25.4268390698861],[-80.214957,25.430092],[-80.189897,25.492106],[-80.189838,25.503793],[-80.182394,25.50778],[-80.175529,25.503701],[-80.173936,25.489083],[-80.203829,25.414497],[-80.2099306834921,25.40534099394],[-80.2305387760123,25.3744170988803],[-80.250282,25.344791],[-80.2517498819016,25.3424165300789],[-80.283921,25.290376],[-80.327405,25.223812],[-80.358183,25.153228],[-80.3820199129693,25.1293979124818],[-80.407076,25.104349],[-80.4248700346826,25.0911539838353],[-80.448839,25.07338],[-80.4528185865617,25.0691823389141],[-80.4840668371838,25.0362217377047],[-80.49249,25.027337],[-80.5286982739578,24.9936174608281],[-80.571534,24.953726],[-80.585346192469,24.9445569103463],[-80.65633,24.897435],[-80.664533,24.901377],[-80.664372,24.910497],[-80.5995010060909,24.9655868105233],[-80.598839,24.966149],[-80.544763,25.012151],[-80.5439460625003,25.0127440290542],[-80.5049842124361,25.0410271095847],[-80.496741,25.047011],[-80.4757224126434,25.0809094210534],[-80.468829,25.092027],[-80.4667987184357,25.1029987099093],[-80.461342,25.132487],[-80.461121,25.161776],[-80.442922,25.189281],[-80.46455,25.209067],[-80.495394,25.199808],[-80.50487,25.206584],[-80.514541,25.219182],[-80.521627,25.221538],[-80.542391,25.206379],[-80.5692154773562,25.2030055531583],[-80.5834156283207,25.2012197418716],[-80.58762,25.200691],[-80.609773,25.200357],[-80.638888,25.190679],[-80.664026,25.187262],[-80.677623,25.169346],[-80.703095,25.153558],[-80.713035,25.152196],[-80.724407,25.166335],[-80.743504,25.163984],[-80.743931,25.149804],[-80.747746,25.147441],[-80.785123,25.168928],[-80.794576,25.182373],[-80.812133,25.186039],[-80.822268,25.174239],[-80.8407,25.176818],[-80.848937,25.178277],[-80.8579854115429,25.1766094650017],[-80.858167,25.176576],[-80.87546,25.174321],[-80.900066,25.162034],[-80.901617,25.153803],[-80.898911,25.147652],[-80.900577,25.139669],[-80.915924,25.141301],[-80.943216,25.134443],[-80.957427,25.135704],[-80.971765,25.133958],[-80.999176,25.124222],[-81.009598,25.125403],[-81.022989,25.129393],[-81.050505,25.128273],[-81.079859,25.118797],[-81.094524,25.127054],[-81.111943,25.14547],[-81.120616,25.152302],[-81.133567,25.156295],[-81.141024,25.163868],[-81.142278,25.183],[-81.146737,25.193139],[-81.155481,25.208098],[-81.172044,25.222276],[-81.170907,25.245857],[-81.168307,25.253178],[-81.16207,25.289833],[-81.159293,25.298595],[-81.1523,25.305543],[-81.148915,25.318067],[-81.151916,25.324766],[-81.148103,25.332793],[-81.140099,25.341117],[-81.133913,25.342996],[-81.12141,25.33875],[-81.118208,25.34522],[-81.117265,25.354953],[-81.128492,25.380511],[-81.141395,25.381358],[-81.150508,25.387255],[-81.150656,25.399206],[-81.147144,25.404297],[-81.146765,25.407577],[-81.168652,25.463848],[-81.179406,25.475427],[-81.191924,25.484745],[-81.208201,25.504937],[-81.210149,25.516888],[-81.203175,25.53416],[-81.204389,25.538908],[-81.209321,25.548611],[-81.225557,25.55847],[-81.232705,25.573366],[-81.233051,25.586587],[-81.240519,25.599041],[-81.271489,25.61434],[-81.272823,25.637961],[-81.289424,25.657957],[-81.290328,25.687506],[-81.311899,25.702911],[-81.338242,25.692895],[-81.350556,25.689832],[-81.355986,25.703526],[-81.355248,25.728727],[-81.382257,25.749466],[-81.38381,25.776751],[-81.414376,25.783528],[-81.423989,25.79372],[-81.468489,25.80332],[-81.4685612614122,25.803582260752],[-81.4693208827686,25.8063391798615],[-81.4696870212334,25.8076680183964],[-81.4701847067891,25.8094742851733],[-81.472239,25.81693],[-81.514982,25.838641],[-81.547894,25.849608],[-81.582483,25.876712],[-81.614735,25.893977],[-81.623482,25.897158],[-81.6400838739903,25.8977843817485],[-81.644553,25.897953],[-81.654493,25.893579],[-81.663821,25.885605],[-81.672633,25.856654],[-81.678287,25.845301],[-81.6848,25.847205],[-81.68954,25.85271],[-81.713172,25.897568],[-81.71725,25.902511],[-81.7183809528583,25.9030800597944],[-81.727823,25.907831],[-81.73195,25.931506],[-81.738118,25.942009],[-81.745579,25.949643],[-81.7461321943249,25.951087044052],[-81.749724,25.960463],[-81.7491082336369,25.9714783760514],[-81.747834,25.994273],[-81.750668,25.998425],[-81.757463,26.000374],[-81.762439,26.00607],[-81.801663,26.088227],[-81.8021298712419,26.0923955676482],[-81.8061535586105,26.1283219890777],[-81.8075071190473,26.14040756587],[-81.808833,26.152246],[-81.8097706970623,26.1556418040923],[-81.81461,26.173167],[-81.8156587900174,26.1893750962731],[-81.81681,26.207166],[-81.8184013091481,26.2193402354986],[-81.820675,26.236735],[-81.8244378378608,26.2541752871673],[-81.8278820125124,26.2701386098508],[-81.8317428813733,26.2880332585542],[-81.8319370508097,26.2889332098291],[-81.833142,26.294518],[-81.8395864655486,26.3132613268571],[-81.844555,26.327712],[-81.8458335535129,26.3303779735441],[-81.868983,26.378648],[-81.8876466782476,26.3969058352123],[-81.90191,26.410859],[-81.90271,26.416159],[-81.91171,26.427158],[-81.923611,26.436658],[-81.9237313414054,26.4367263018788],[-81.938411,26.445058],[-81.956611,26.452358],[-81.964212,26.457957],[-81.967112,26.462857],[-81.966212,26.465057],[-81.9670665763114,26.4680243004589],[-81.969509,26.476505],[-81.980712,26.480957],[-81.997012,26.484856],[-82.008961,26.484052],[-82.0092534191386,26.4844719458576],[-82.01368,26.490829],[-82.00908,26.505203],[-82.0139783196474,26.5238241771992],[-82.015298,26.528841],[-82.040144,26.525275],[-82.047803,26.538372],[-82.059913,26.542973],[-82.0645228911752,26.5387948427338],[-82.066736,26.536789],[-82.06382,26.512351],[-82.057579,26.497791],[-82.058918,26.493361],[-82.098893,26.483944],[-82.106967,26.486781],[-82.1085967857084,26.5043035459277],[-82.111996,26.54085],[-82.118896,26.560973],[-82.122345,26.579371],[-82.1259773631453,26.5929584341567],[-82.137869,26.637441],[-82.149943,26.654115],[-82.181565,26.681712],[-82.17984,26.696661],[-82.173516,26.701836],[-82.1560582944309,26.7036738214394],[-82.151668,26.704136],[-82.139019,26.702986],[-82.125795,26.699536],[-82.118896,26.690912],[-82.106247,26.667339],[-82.099922,26.662739],[-82.0938566318797,26.6652666030361],[-82.093023,26.665614],[-82.086698,26.685162],[-82.084974,26.702411],[-82.079799,26.716784],[-82.066575,26.742657],[-82.0620292851376,26.7704391019286],[-82.061401,26.774279],[-82.061401,26.789228],[-82.055076,26.802452],[-82.0561164765319,26.8095265166069],[-82.057951,26.822],[-82.058526,26.838674],[-82.056801,26.858797],[-82.059101,26.876621],[-82.0615828015751,26.8785300015059],[-82.066575,26.88237],[-82.090723,26.888694],[-82.093023,26.906518],[-82.0925712304766,26.9091379489612],[-82.090148,26.923191],[-82.083249,26.927791],[-82.067725,26.927791],[-82.0669411361139,26.9282614001404],[-82.061976,26.931241],[-82.061401,26.938715],[-82.0620206832932,26.9428458627179],[-82.063126,26.950214],[-82.076349,26.958263],[-82.0823642508795,26.9581536248852],[-82.107972,26.957688],[-82.1130393549983,26.9557880861627],[-82.117171,26.954239],[-82.124645,26.945615],[-82.137294,26.926066],[-82.162017,26.925491],[-82.1672262204231,26.9238879484917],[-82.169491,26.923191],[-82.175241,26.916867],[-82.172941,26.897319],[-82.156267,26.851898],[-82.147068,26.789803],[-82.151093,26.783479],[-82.172941,26.778879],[-82.17869,26.772555],[-82.191112,26.7703354182162],[-82.208861,26.767164],[-82.227431,26.771143],[-82.243576,26.767604],[-82.249888,26.762946],[-82.253467,26.719424],[-82.261671,26.717189],[-82.267860624364,26.7209185031108],[-82.268361,26.72122],[-82.2676345211522,26.7316911432909],[-82.265602,26.760987],[-82.269499,26.784674],[-82.2716991509411,26.7895164213546],[-82.289086,26.827784],[-82.301736,26.841588],[-82.314004999635,26.8580069710019],[-82.329889999998,26.8792650497439],[-82.3400849972951,26.8929084901193],[-82.3407353024991,26.8937787601172],[-82.351649,26.908384],[-82.3757372343028,26.9460410197591],[-82.400618,26.984937],[-82.4014213508381,26.9864831912179],[-82.4135945332991,27.0099126406223],[-82.419218,27.020736],[-82.4262440682287,27.0313143422713],[-82.4321213722523,27.0401631224952],[-82.4411214270394,27.0537134691327],[-82.445718,27.060634],[-82.4457477234207,27.0607140014183],[-82.455610697724,27.0872604726973],[-82.460319,27.099933],[-82.4603394549956,27.0999771786995],[-82.465319,27.110732],[-82.4676443004818,27.1126073473502],[-82.46889,27.113612],[-82.4766028134202,27.1398169691049],[-82.477019,27.141231],[-82.4903368627841,27.1662433045043],[-82.4976494808182,27.1799771469351],[-82.512319,27.207528],[-82.5126067566589,27.2080194757709],[-82.5304654641379,27.2385213660118],[-82.539719,27.254326],[-82.5419707261268,27.2571192910664],[-82.54512,27.261026],[-82.5560998107424,27.2671873326468],[-82.55902,27.268826],[-82.5651641675004,27.2749083480398],[-82.569754,27.279452],[-82.5695982657174,27.2853415874133],[-82.569248,27.298588],[-82.57602,27.309324],[-82.5903287959903,27.3268251096314],[-82.597629,27.335754],[-82.6181103752718,27.3564055719558],[-82.623863,27.362206],[-82.642821,27.38972],[-82.6428368302769,27.3897369565301],[-82.675121,27.424318],[-82.691821,27.437218],[-82.691081157442,27.4436592486103],[-82.691004,27.444331],[-82.6960278878604,27.4572616036838],[-82.707821,27.487615],[-82.7123511879543,27.4962696874351],[-82.714521,27.500415],[-82.722341156423,27.5107357923835],[-82.724522,27.513614],[-82.743017,27.531086],[-82.745748,27.538834],[-82.742437,27.53936],[-82.7175253082253,27.5278566001905],[-82.708121,27.523514],[-82.703028,27.497952],[-82.6974350964592,27.4972701333591],[-82.690421,27.496415],[-82.686421,27.497215],[-82.686921,27.508015],[-82.683621,27.513115],[-82.674621,27.519614],[-82.66202,27.522814],[-82.65072,27.523115],[-82.6474388369615,27.5303836197782],[-82.646014,27.53354],[-82.6396852418789,27.5418665259773],[-82.632053,27.551908],[-82.612019,27.571231],[-82.613003,27.582837],[-82.612590473697,27.5836216340102],[-82.611717,27.585283],[-82.596488,27.594045],[-82.584629,27.596021],[-82.570607,27.608882],[-82.565667,27.615713],[-82.558538,27.638678],[-82.5544991986114,27.6451453308511],[-82.5544072093551,27.6452926332059],[-82.537146,27.672933],[-82.514265,27.705588],[-82.494891,27.718963],[-82.482449,27.719886],[-82.4821832812261,27.7200582118347],[-82.477638,27.723004],[-82.476297,27.729929],[-82.477129,27.735216],[-82.482305,27.742649],[-82.478339,27.74625],[-82.457543,27.752571],[-82.434635,27.764355],[-82.4323392344725,27.7675863656407],[-82.43198,27.768092],[-82.4327579237314,27.7704226610543],[-82.433981,27.774087],[-82.4193812592288,27.793351022687],[-82.419066,27.793767],[-82.418401,27.803187],[-82.410837,27.810868],[-82.402857,27.812671],[-82.393383,27.837519],[-82.397463,27.851631],[-82.3978451838518,27.853928479828],[-82.402615,27.882602],[-82.413915,27.901401],[-82.432316,27.901301],[-82.4363038743093,27.9025847748425],[-82.4367259917115,27.9027206627014],[-82.4464524378494,27.9058517962052],[-82.4484618298457,27.9064986588427],[-82.451591,27.907506],[-82.459581,27.909939],[-82.461967,27.914406],[-82.459702,27.931667],[-82.4624530213557,27.9364512120577],[-82.462469,27.936479],[-82.46891,27.936474],[-82.476027,27.929952],[-82.4825853845868,27.9254905752268],[-82.489119,27.921046],[-82.491498,27.915486],[-82.4901437096412,27.908688],[-82.487417,27.895001],[-82.487445685482,27.8935920498038],[-82.4877101674255,27.8806014405937],[-82.4880359314896,27.8646008259752],[-82.488057,27.863566],[-82.480137,27.853246],[-82.471624,27.847342],[-82.46884,27.843295],[-82.47244,27.822559],[-82.475273,27.820991],[-82.489849,27.822607],[-82.511193,27.828015],[-82.5351051512972,27.839451197637],[-82.553946,27.848462],[-82.552918,27.862702],[-82.538618,27.864901],[-82.5364490327396,27.867230631502],[-82.533218,27.870701],[-82.529918,27.877501],[-82.539318,27.885001],[-82.5427264787838,27.8904545660541],[-82.542818,27.890601],[-82.541747,27.893706],[-82.5358624341204,27.8979678191747],[-82.535818,27.898],[-82.531318,27.9039],[-82.5316962998817,27.9084867284411],[-82.5329373735878,27.9235342300133],[-82.533718,27.932999],[-82.5393310414796,27.9449727400842],[-82.541218,27.948998],[-82.5500254132948,27.9614809479769],[-82.553918,27.966998],[-82.5737304531293,27.9691743645593],[-82.576003,27.969424],[-82.5899994218774,27.9780663298968],[-82.6127075064756,27.992087824829],[-82.625685,28.000101],[-82.6407030520816,28.0163342056733],[-82.641109,28.016773],[-82.6485177745241,28.0203156831794],[-82.66963,28.030411],[-82.6876828568176,28.0278162495802],[-82.690071,28.027473],[-82.68412323815,28.0124026648935],[-82.679237,28.000022],[-82.692685,27.983825],[-82.6949720257694,27.9797431298948],[-82.7056282892154,27.9607238937438],[-82.706114,27.959857],[-82.716522,27.958398],[-82.720522,27.955798],[-82.7235083136388,27.9494106069391],[-82.724122,27.948098],[-82.7203953958226,27.9371986144322],[-82.720122,27.936399],[-82.710022,27.928299],[-82.709682629534,27.9281544006993],[-82.6972318290224,27.9228493514186],[-82.694018,27.92148],[-82.685121,27.916299],[-82.677757813435,27.9145514350735],[-82.671221,27.913],[-82.639114,27.905728],[-82.63503550122,27.9040379314414],[-82.63422,27.9037],[-82.633745054054,27.9008503243243],[-82.6330028918919,27.8963973513513],[-82.63212,27.8911],[-82.6231870391588,27.8839863720433],[-82.61002,27.873501],[-82.6089811249838,27.8720724907676],[-82.598443,27.857582],[-82.594819,27.843402],[-82.589319,27.835702],[-82.5875351853849,27.82359818076],[-82.586519,27.816703],[-82.5977011495,27.8071804374934],[-82.606923130021,27.799327127542],[-82.60742,27.798904],[-82.6162664633263,27.7878995383991],[-82.6183753971302,27.7852761531876],[-82.622723,27.779868],[-82.6233564391641,27.7777587296374],[-82.6254063209283,27.7709328888981],[-82.629877719132,27.7560437120911],[-82.63052,27.753905],[-82.6275629411684,27.742507419969],[-82.62502,27.732706],[-82.62572,27.727006],[-82.6292050685643,27.7197716152675],[-82.63362,27.710607],[-82.63982,27.703907],[-82.646291793098,27.7020726204115],[-82.652521,27.700307],[-82.6607538985063,27.7018902497127],[-82.662921,27.702307],[-82.671621,27.705907],[-82.677321,27.706207],[-82.6791963255759,27.6949919700529],[-82.679251,27.694665],[-82.693748,27.700217],[-82.7083428972425,27.6990747204311],[-82.713629,27.698661],[-82.7177335589184,27.6934016633848],[-82.718822,27.692007],[-82.723022,27.671208],[-82.721622,27.663908],[-82.716322,27.651409],[-82.712555,27.646647],[-82.702001,27.639547],[-82.699664,27.634768],[-82.704969,27.624791],[-82.732147,27.613455],[-82.736989,27.616915],[-82.736052,27.625174],[-82.74403,27.637582],[-82.7385724285552,27.6777284567076],[-82.738467,27.678504],[-82.738022,27.706807],[-82.740323,27.718206],[-82.7431113051242,27.724396982564],[-82.746223,27.731306],[-82.753723,27.736306],[-82.7555447624925,27.7385576478363],[-82.760923,27.745205],[-82.770023,27.767904],[-82.7825138901181,27.7830635414761],[-82.783124,27.783804],[-82.790224,27.791603],[-82.7955839836108,27.7955311233129],[-82.8072361023876,27.8040705075229],[-82.820433,27.813742],[-82.8276506780697,27.8213006707344],[-82.828561,27.822254],[-82.8406374964334,27.8437967487449],[-82.846526,27.854301],[-82.849126,27.8632],[-82.8498572868828,27.8716463634962],[-82.851126,27.8863],[-82.8500028962649,27.8944336533832],[-82.8478820987144,27.9097927263103],[-82.847826,27.910199],[-82.8410470416664,27.9365211563292],[-82.840882,27.937162],[-82.831388,27.962117],[-82.8310849125731,27.9664362674165],[-82.8294954899339,27.9890869642387],[-82.8275744345524,28.0164637248021],[-82.827203,28.021757],[-82.822712,28.048599],[-82.836389,28.064185],[-82.840816,28.083911],[-82.835967,28.08892],[-82.827884,28.087366],[-82.819385,28.06398],[-82.7958073237208,28.0540622247714],[-82.795638,28.053991],[-82.7912206908911,28.0562054888739],[-82.783524,28.060064],[-82.7835793682854,28.0685958836531],[-82.783824,28.106292],[-82.7818570404572,28.123049708521],[-82.781324,28.127591],[-82.78616623934,28.1434881631162],[-82.786624,28.144991],[-82.790724,28.15249],[-82.799024,28.15179],[-82.808474,28.154803],[-82.805097,28.172181],[-82.8046747636285,28.1730794683416],[-82.797762,28.187789],[-82.772109578722,28.2105963465072],[-82.7694239640458,28.2129841033524],[-82.762643,28.219013],[-82.76446,28.220069],[-82.764103,28.244345],[-82.7640413018684,28.2444636502531],[-82.7632771041833,28.245933261186],[-82.7603084158416,28.2516422772277],[-82.759072,28.25402],[-82.746188,28.261192],[-82.7435587294702,28.2672256223765],[-82.7355735585246,28.2855499087336],[-82.732792,28.291933],[-82.735463,28.30039],[-82.7341296807948,28.3086120795853],[-82.73146,28.325075],[-82.7182213340819,28.3423670443818],[-82.715822,28.345501],[-82.7091819711833,28.3609255612759],[-82.706112,28.368057],[-82.7062308191539,28.386880217201],[-82.706322,28.401325],[-82.697433,28.420166],[-82.684137,28.428019],[-82.678742838493,28.4334559859077],[-82.677839,28.434367],[-82.674787,28.441956],[-82.680396,28.457194],[-82.67241,28.464746],[-82.665055,28.484434],[-82.66447,28.488788],[-82.66639,28.49733],[-82.670146,28.500769],[-82.669416,28.519879],[-82.66804,28.528199],[-82.663705,28.530193],[-82.6626702026892,28.5323510047754],[-82.656694,28.544814],[-82.661729,28.549743],[-82.66165,28.554143],[-82.65705,28.568028],[-82.6559453841335,28.5766801920668],[-82.654138,28.590837],[-82.663864050997,28.6062807960119],[-82.664055,28.606584],[-82.6694032190384,28.6272530267155],[-82.674665,28.647588],[-82.6689175088669,28.694076625066],[-82.668722,28.695658],[-82.712373,28.720921],[-82.698281,28.75701],[-82.7144190056715,28.8040371098197],[-82.730245,28.850155],[-82.688864,28.905609],[-82.6946037186202,28.9170208325861],[-82.702618,28.932955],[-82.708793,28.935979],[-82.723861,28.953506],[-82.7280480604485,28.9606186866426],[-82.735754,28.973709],[-82.737872,28.995703],[-82.758906169124,28.9932767295988],[-82.760551,28.993087],[-82.764055,28.999707],[-82.759378,29.006619],[-82.753513,29.026496],[-82.759704,29.054192],[-82.77997865131,29.0631406873184],[-82.783328,29.064619],[-82.780558,29.07358],[-82.816925,29.076215],[-82.823659,29.098902],[-82.809483,29.10462],[-82.801166,29.105103],[-82.799117,29.110647],[-82.798876,29.114504],[-82.805703,29.129848],[-82.804736,29.146624],[-82.827073,29.158425],[-82.858179,29.162275],[-82.887211,29.161741],[-82.922613,29.169769],[-82.932405,29.167891],[-82.945302,29.167821],[-82.974676,29.17091],[-82.979522,29.171817],[-82.987162,29.180094],[-82.991653,29.180664],[-82.996144,29.178074],[-83.018212,29.151417],[-83.019071,29.141324],[-83.030453,29.134023],[-83.053207,29.130839],[-83.056867,29.146263],[-83.068249,29.153135],[-83.060947,29.170959],[-83.061162,29.176113],[-83.065242,29.184489],[-83.078986,29.196944],[-83.087839,29.21642],[-83.074734,29.247975],[-83.077265,29.255331],[-83.089013,29.266502],[-83.107477,29.268889],[-83.125567,29.278845],[-83.128027,29.282733],[-83.146445,29.289194],[-83.149764,29.289768],[-83.16073,29.286611],[-83.1660065925665,29.2888442763474],[-83.169576,29.290355],[-83.176736,29.31422],[-83.17826,29.327916],[-83.176852,29.329269],[-83.175518,29.34469],[-83.189581,29.363417],[-83.200702,29.373855],[-83.202446,29.394422],[-83.218075,29.420492],[-83.240509,29.433178],[-83.263965,29.435806],[-83.2666952071777,29.4346025935584],[-83.272019,29.432256],[-83.294747,29.437923],[-83.307094,29.459651],[-83.307828,29.468861],[-83.311546,29.475666],[-83.323214,29.476789],[-83.33113,29.475594],[-83.350067,29.489358],[-83.356722,29.499901],[-83.370288,29.499901],[-83.379254,29.503558],[-83.383973,29.512995],[-83.400252,29.517242],[-83.401552,29.523291],[-83.39983,29.533042],[-83.405256,29.578319],[-83.405068,29.59557],[-83.39948,29.612956],[-83.404081,29.640798],[-83.4123310535437,29.6670923746362],[-83.412768,29.668485],[-83.414701,29.670536],[-83.436259,29.677389],[-83.444635,29.677155],[-83.448194,29.675254],[-83.455356,29.676444],[-83.483143,29.690478],[-83.483567,29.698542],[-83.493728,29.708388],[-83.512716,29.71648],[-83.537645,29.72306],[-83.547172,29.732223],[-83.554993,29.7426],[-83.566018,29.761434],[-83.578955,29.768378],[-83.5812902836195,29.7715000889493],[-83.584716,29.77608],[-83.586089,29.784644],[-83.583045,29.787307],[-83.581903,29.792063],[-83.585899,29.811754],[-83.595493,29.827984],[-83.605244,29.836387],[-83.618568,29.842336],[-83.63798,29.886073],[-83.659951,29.899524],[-83.679219,29.918513],[-83.686423,29.923735],[-83.757249,29.957943],[-83.788729,29.976982],[-83.7920872558603,29.9775034578617],[-83.82869,29.983187],[-83.845427,29.998068],[-83.93151,30.039068],[-83.933668,30.041152],[-83.931879,30.044175],[-83.933432,30.046305],[-83.95968,30.064943],[-83.9914353668371,30.0838179834456],[-83.991607,30.08392],[-84.000716,30.096209],[-84.024274,30.103271],[-84.048715,30.103208],[-84.06299,30.101378],[-84.0760425771092,30.0954641099777],[-84.083057,30.092286],[-84.087034,30.092103],[-84.094725,30.094964],[-84.10273,30.093611],[-84.11384,30.085478],[-84.124889,30.090601],[-84.135683,30.083018],[-84.157278,30.072714],[-84.167881,30.071422],[-84.179149,30.073187],[-84.19853,30.087937],[-84.201585,30.087982],[-84.203349,30.085875],[-84.20801,30.084776],[-84.237014,30.08556],[-84.245668,30.093021],[-84.247491,30.10114],[-84.256439,30.103791],[-84.269363,30.09766],[-84.272511,30.092358],[-84.274003,30.083079],[-84.270368,30.075469],[-84.270792,30.068094],[-84.277168,30.060263],[-84.289727,30.057197],[-84.297836,30.057451],[-84.323434480259,30.0410982249099],[-84.337132,30.032348],[-84.366115,30.008662],[-84.361962,29.987739],[-84.359986,29.984739],[-84.3477,29.984123],[-84.343041,29.9751],[-84.3424501935967,29.9703452750511],[-84.339426,29.946007],[-84.336511,29.942508],[-84.333746,29.923721],[-84.335953,29.912962],[-84.343389,29.899539],[-84.349066,29.896812],[-84.378937,29.893112],[-84.404958,29.901229],[-84.423834,29.902996],[-84.434287,29.906328],[-84.443652,29.913785],[-84.451705,29.929085],[-84.470323,29.924524],[-84.494562,29.913957],[-84.511996,29.916574],[-84.535873,29.910092],[-84.57744,29.887828],[-84.603303,29.876117],[-84.613154,29.867984],[-84.6150487834785,29.8668472605726],[-84.647958,29.847104],[-84.656318,29.837943],[-84.65645,29.834277],[-84.6600841658069,29.832808061313],[-84.669728,29.82891],[-84.683934,29.831327],[-84.692053,29.829059],[-84.730327,29.8069],[-84.755595,29.78854],[-84.762998,29.788846],[-84.824197,29.758288],[-84.837168,29.755926],[-84.868271,29.742454],[-84.881777,29.733882],[-84.888031,29.722406],[-84.892493,29.72266],[-84.901781,29.735723],[-84.890066,29.755802],[-84.877111,29.772888],[-84.893992,29.785176],[-84.90413,29.786279],[-84.91511,29.783303],[-84.920917,29.772901],[-84.93837,29.750211],[-84.9458165889192,29.7455221387219],[-84.946595,29.745032],[-84.964007,29.742422],[-84.968358099254,29.7286126154831],[-84.968841,29.72708],[-84.977004,29.721209],[-84.993264,29.714961],[-85.0030507835199,29.7140954036693],[-85.037212,29.711074],[-85.072123,29.719027],[-85.101682,29.718748],[-85.135977,29.712182],[-85.144996,29.702761],[-85.1371515275556,29.6946951968083],[-85.133938,29.691391],[-85.100408,29.68469],[-85.074308,29.673981],[-85.07163,29.632003],[-85.013641,29.613513],[-84.901531,29.667884],[-84.802703,29.69898],[-84.701722,29.770375],[-84.693744,29.767852],[-84.692461,29.759227],[-84.776954,29.692191],[-84.876731,29.655758],[-84.941586,29.621113],[-84.983706,29.604237],[-85.049402,29.586949],[-85.084231,29.615163],[-85.14101,29.634038],[-85.17055,29.655573],[-85.222014,29.677979],[-85.2252493602371,29.6782662590892],[-85.29074,29.684081],[-85.319215,29.681494],[-85.343619,29.672004],[-85.347711,29.66719],[-85.356399,29.66912],[-85.369419,29.681048],[-85.380303,29.698485],[-85.403179,29.736725],[-85.418007,29.798599],[-85.421996,29.827589],[-85.414696,29.855097],[-85.406936,29.867974],[-85.397529,29.868181],[-85.393713,29.862664],[-85.401967,29.831792],[-85.402471,29.802905],[-85.384219,29.746718],[-85.37576,29.721989],[-85.358387,29.693337],[-85.341751,29.688177],[-85.323412,29.697826],[-85.305998,29.725202],[-85.301467,29.788175],[-85.302363,29.809383],[-85.3049725386246,29.8112388492495],[-85.311192,29.815662],[-85.314547,29.822279],[-85.311428,29.832346],[-85.322054,29.844668],[-85.3339,29.847435],[-85.339781,29.854448],[-85.347044,29.871981],[-85.363731,29.898915],[-85.38473,29.920949],[-85.3886762139845,29.9243546048056],[-85.3886855748733,29.9243626833052],[-85.405052,29.938487],[-85.425956,29.949888],[-85.4476600584369,29.9559789889468],[-85.460488,29.959579],[-85.469425,29.957788],[-85.487764,29.961227],[-85.509148,29.971466],[-85.541176,29.995791],[-85.571907,30.02644],[-85.58139,30.037783],[-85.588242,30.055543],[-85.601178,30.056342],[-85.618254,30.065481],[-85.6310514902991,30.0707517019581],[-85.637285,30.073319],[-85.653251,30.077839],[-85.69681,30.09689],[-85.730054,30.118153],[-85.74993,30.136537],[-85.7587568903498,30.1433812616321],[-85.772285918576,30.1538715028314],[-85.775405,30.15629],[-85.7903921452868,30.1655089314422],[-85.811219,30.17832],[-85.8200745796342,30.1832558816596],[-85.8313137587657,30.1895203228859],[-85.8666545333212,30.2092183989203],[-85.878138,30.215619],[-85.8953009924425,30.2242676628059],[-85.9197727119432,30.2365992915093],[-85.9226,30.238024],[-85.9358884806809,30.2436523211552],[-85.9959294103157,30.2690825898638],[-85.999937,30.27078],[-86.037617125172,30.2845037422996],[-86.089963,30.303569],[-86.0977419430608,30.3059165632025],[-86.1241365774566,30.31388205054],[-86.1797305763763,30.3306594488474],[-86.222561,30.343585],[-86.2270811255783,30.3447405145754],[-86.2987,30.363049],[-86.3166639986172,30.3661973296546],[-86.364175,30.374524],[-86.3973629027297,30.378557735615],[-86.412076,30.380346],[-86.4229451496451,30.3810032568669],[-86.4689518053264,30.3837852767449],[-86.470849,30.3839],[-86.4833250602869,30.3833345288672],[-86.50615,30.3823],[-86.5114137759134,30.3833556492603],[-86.529067,30.386896],[-86.632953,30.396299],[-86.750906,30.391881],[-86.7659886401731,30.3902302420216],[-86.7980969224223,30.3867160692715],[-86.7995020778554,30.3865622784553],[-86.850625,30.380967],[-86.8617761809637,30.3793536344337],[-86.909679,30.372423],[-86.9188711680324,30.3707517001223],[-87.155392,30.327748],[-87.206254,30.320943],[-87.267827,30.31548],[-87.282787,30.318744],[-87.295422,30.323503],[-87.3070785318111,30.3207509245736],[-87.319518,30.317814],[-87.350486,30.313064],[-87.419859,30.297128],[-87.518324,30.280435],[-87.51838,30.283901],[-87.509407,30.292188],[-87.466903,30.302264],[-87.464143,30.311797],[-87.485674,30.308937],[-87.492851,30.311797],[-87.493017900276,30.3121091821285],[-87.496163,30.317992],[-87.490642,30.323234],[-87.4894771692616,30.3236480517148],[-87.481257,30.32657],[-87.464881,30.333298],[-87.462982,30.333998],[-87.459982,30.336298],[-87.452282,30.344097],[-87.450966,30.34626],[-87.451983,30.360296],[-87.451883,30.364996],[-87.451383,30.367196],[-87.449083,30.370396],[-87.441828,30.376301],[-87.438684,30.380794],[-87.438684,30.382094],[-87.440884,30.386694],[-87.441184,30.388594],[-87.440684,30.391494],[-87.437284,30.395894],[-87.434284,30.397494],[-87.431784,30.403193],[-87.4306821040119,30.4048458439822],[-87.429584,30.406493],[-87.426184,30.409193],[-87.422684,30.410093],[-87.419184,30.410193],[-87.413184,30.408993],[-87.408884,30.408793],[-87.403485,30.410193],[-87.401785,30.411393],[-87.398784,30.415093],[-87.395684,30.417592],[-87.386385,30.420492],[-87.3843547793814,30.4216251463918],[-87.382085,30.422892],[-87.371179,30.430485],[-87.368201,30.433402],[-87.367618221862,30.4345824899658],[-87.366601,30.436643],[-87.366949,30.440475],[-87.36869,30.444625],[-87.370778,30.446859],[-87.3782711566831,30.4491860762371],[-87.381185,30.450091],[-87.391985,30.451591],[-87.396886,30.450591],[-87.399886,30.450991],[-87.404685,30.45289],[-87.407885,30.456389],[-87.414685,30.457289],[-87.425086,30.465589],[-87.429586,30.470588],[-87.430586,30.476588],[-87.431586,30.477688],[-87.434686,30.479188],[-87.435585,30.480488],[-87.4347673453837,30.4818722556028],[-87.432986,30.484888],[-87.430586,30.491087],[-87.431186,30.495786],[-87.438277,30.505348],[-87.439698,30.506639],[-87.443228,30.506772],[-87.444722,30.507484],[-87.447709,30.510448],[-87.447789,30.511903],[-87.447313,30.512619],[-87.446507,30.513559],[-87.44519,30.51397],[-87.444952,30.514933],[-87.446435,30.520296],[-87.446594,30.527057],[-87.435449,30.549129],[-87.434972,30.549588],[-87.43145,30.550252],[-87.4279,30.554147],[-87.426046,30.560061],[-87.423372,30.561413],[-87.422815,30.561367],[-87.422418,30.560427],[-87.420935,30.560656],[-87.418657,30.561825],[-87.41667,30.566294],[-87.416961,30.567991],[-87.418523,30.569549],[-87.418364,30.570031],[-87.416271,30.572436],[-87.414523,30.573444],[-87.412722,30.573215],[-87.4124759417838,30.5738632937607],[-87.4124693984337,30.5738805336364],[-87.408747,30.583688],[-87.406569,30.599915],[-87.404608,30.603375],[-87.401189,30.604383],[-87.399281,30.605597],[-87.39732,30.608714],[-87.395038,30.615267],[-87.395065,30.615886],[-87.396442,30.616895],[-87.396442,30.61772],[-87.395671,30.623358],[-87.394491,30.625178],[-87.393787,30.626991],[-87.3936,30.630865],[-87.395953,30.643953],[-87.397197,30.648101],[-87.396189,30.650438],[-87.397274,30.654335],[-87.400189,30.657201],[-87.400719,30.657132],[-87.405886,30.666599],[-87.40713,30.671779],[-87.406573,30.674002],[-87.40697,30.675148],[-87.412751,30.678038],[-87.419539,30.679964],[-87.424895,30.683356],[-87.430384,30.688627],[-87.436032,30.68865],[-87.439825,30.690461],[-87.4401135092902,30.6907183886612],[-87.442291,30.692661],[-87.443591,30.694586],[-87.449373,30.698894],[-87.451415,30.699787],[-87.456958,30.697541],[-87.466348,30.700816],[-87.467727,30.701664],[-87.470407,30.705262],[-87.474439,30.706567],[-87.479589,30.712845],[-87.479829,30.71493],[-87.481235,30.716488],[-87.487045,30.71848],[-87.496781,30.720333],[-87.497524,30.720103],[-87.502326,30.72157],[-87.505162,30.726292],[-87.511738,30.733514],[-87.523621,30.738285],[-87.532615,30.743467],[-87.535373,30.749753],[-87.535424,30.754738],[-87.536536,30.76136],[-87.537093,30.762507],[-87.542268,30.767481],[-87.546168,30.771997],[-87.545372,30.774082],[-87.545052,30.778642],[-87.552059,30.78623],[-87.552962,30.786917],[-87.554845,30.787101],[-87.559491,30.790423],[-87.560075,30.792234],[-87.564216,30.796221],[-87.568147,30.799063],[-87.57205,30.800507],[-87.576856,30.808138],[-87.581876,30.812377],[-87.587876,30.815011],[-87.594303,30.816958],[-87.600492,30.820601],[-87.601636,30.825113],[-87.603576,30.828597],[-87.605782,30.831277],[-87.610988,30.832605],[-87.615928,30.834666],[-87.615373,30.837004],[-87.617287,30.840326],[-87.624142,30.845685],[-87.62608,30.846466],[-87.627328,30.847933],[-87.626502,30.851852],[-87.625385,30.854327],[-87.626233,30.857099],[-87.62825,30.860102],[-87.634943,30.865857],[-87.6348379012602,30.86610753841]]]]}}]}
